ID,NAME,IS_SUPERHOST,CREATED_AT,UPDATED_AT
1581,Annette,f,2014-01-05 16:12:45.000,2014-01-05 16:12:45.000
2164,Lulah,t,2013-07-31 23:29:31.000,2013-07-31 23:29:31.000
2217,Ion,t,2017-10-17 05:20:28.000,2017-10-17 05:20:28.000
3718,Britta,f,2009-06-05 21:34:42.000,2009-06-05 21:34:42.000
11622,Maria,f,2021-10-24 02:42:09.000,2021-10-24 02:42:09.000
12360,Michael,t,2017-08-27 12:08:43.000,2017-08-27 12:08:43.000
12424,Mariana,f,2021-11-08 17:27:31.000,2021-11-08 17:27:31.000
15115,Christian,f,2015-01-03 17:53:53.000,2015-01-03 17:53:53.000
17391,BrightRoom,t,2009-08-12 12:30:30.000,2009-08-12 12:30:30.000
22901,Hannes,f,2013-07-06 11:09:47.000,2013-07-06 11:09:47.000
32299,Simon,f,2021-11-15 21:27:50.000,2021-11-15 21:27:50.000
32918,Patricia,f,2017-02-28 21:08:27.000,2017-02-28 21:08:27.000
33355,Doug,f,2013-05-30 16:36:37.000,2013-05-30 16:36:37.000
33852,Philipp,f,2015-07-30 05:08:52.000,2015-07-30 05:08:52.000
35103,Kamal,f,2017-12-04 04:25:58.000,2017-12-04 04:25:58.000
48159,Tracey,f,2019-06-04 22:26:33.000,2019-06-04 22:26:33.000
54283,Marine,t,2010-09-27 10:29:48.000,2010-09-27 10:29:48.000
55531,Chris + Oliver,t,2010-06-15 19:56:01.000,2010-06-15 19:56:01.000
60495,Inga,f,2021-10-29 07:55:08.000,2021-10-29 07:55:08.000
64696,Rene,f,2010-05-30 12:11:33.000,2010-05-30 12:11:33.000
68997,Matthias,f,2010-02-08 17:23:48.000,2010-02-08 17:23:48.000
71331,Marc,f,2012-09-24 21:03:01.000,2012-09-24 21:03:01.000
71913,Jennifer,f,2014-12-02 17:39:03.000,2014-12-02 17:39:03.000
73158,Mina,f,2017-12-23 07:04:54.000,2017-12-23 07:04:54.000
84157,Emanuela,f,2015-12-05 14:55:58.000,2015-12-05 14:55:58.000
86159,Javier,f,2011-03-31 17:17:58.000,2011-03-31 17:17:58.000
86173,Sebastian,f,2011-06-06 01:55:30.000,2011-06-06 01:55:30.000
87357,Ramfis,t,2010-10-08 08:59:12.000,2010-10-08 08:59:12.000
94918,Tanja,f,2010-05-26 11:58:00.000,2010-05-26 11:58:00.000
98237,Damian,f,2018-05-05 03:59:36.000,2018-05-05 03:59:36.000
99662,Dominik,f,2010-09-18 04:06:39.000,2010-09-18 04:06:39.000
102461,Berlin Style Apartments,t,2016-04-29 01:22:42.000,2016-04-29 01:22:42.000
109039,Benjamin,f,2021-11-07 06:57:21.000,2021-11-07 06:57:21.000
112168,Bernd,f,2017-06-26 11:30:48.000,2017-06-26 11:30:48.000
112675,Terri,t,2010-08-03 02:49:12.000,2010-08-03 02:49:12.000
119815,Amarna,f,2018-07-03 21:21:09.000,2018-07-03 21:21:09.000
133204,Songfei,f,2016-05-29 20:19:38.000,2016-05-29 20:19:38.000
134583,Elisa,f,2016-08-19 08:17:00.000,2016-08-19 08:17:00.000
143180,Claudio&Irina,f,2010-08-16 15:09:42.000,2010-08-16 15:09:42.000
145583,Christian,f,2016-10-19 11:41:00.000,2016-10-19 11:41:00.000
145808,Veronika,f,2012-02-13 18:07:54.000,2012-02-13 18:07:54.000
147778,Filippo,f,2014-07-07 14:33:00.000,2014-07-07 14:33:00.000
149093,Rob,t,2014-01-01 15:09:31.000,2014-01-01 15:09:31.000
151200,Brilliant Apartments,t,2019-02-17 15:30:35.000,2019-02-17 15:30:35.000
151248,Flo,t,2011-06-05 15:14:50.000,2011-06-05 15:14:50.000
156897,Helen,f,2012-09-15 05:40:21.000,2012-09-15 05:40:21.000
158127,Friedrich,f,2017-01-06 05:25:51.000,2017-01-06 05:25:51.000
159734,Bernd,f,2010-07-22 02:38:14.000,2010-07-22 02:38:14.000
160191,Surian,f,2016-09-30 07:30:29.000,2016-09-30 07:30:29.000
161221,Marcus,t,2016-04-06 06:40:24.000,2016-04-06 06:40:24.000
161823,Iván,f,2016-07-10 09:55:31.000,2016-07-10 09:55:31.000
161864,Mia,f,2019-08-29 05:02:31.000,2019-08-29 05:02:31.000
162648,Djuneid,t,2018-11-24 02:17:33.000,2018-11-24 02:17:33.000
163384,Alan & Kasia StayBearlin,f,2010-09-06 18:10:29.000,2010-09-06 18:10:29.000
164321,Res,f,2018-07-29 01:43:49.000,2018-07-29 01:43:49.000
166294,Ann-Kristin,f,2021-11-15 03:17:59.000,2021-11-15 03:17:59.000
171057,John,f,2014-05-11 15:18:50.000,2014-05-11 15:18:50.000
174970,Judith,f,2012-03-23 21:26:31.000,2012-03-23 21:26:31.000
179110,Bn,f,2010-08-11 09:47:51.000,2010-08-11 09:47:51.000
179872,Sebastian,f,2014-09-22 00:30:45.000,2014-09-22 00:30:45.000
186851,Tina,t,2011-01-15 18:12:45.000,2011-01-15 18:12:45.000
187941,Marco,f,2016-03-17 14:26:11.000,2016-03-17 14:26:11.000
194957,Robert,f,2010-09-20 04:09:56.000,2010-09-20 04:09:56.000
196413,Sebastian,f,2014-12-22 13:16:22.000,2014-12-22 13:16:22.000
201786,Andrea,f,2021-06-28 15:39:11.000,2021-06-28 15:39:11.000
201936,Giorgio,t,2014-01-01 07:33:12.000,2014-01-01 07:33:12.000
203248,Oliver Andreas,f,2021-10-21 17:48:18.000,2021-10-21 17:48:18.000
204484,Richard,f,2019-09-25 23:06:33.000,2019-09-25 23:06:33.000
206108,Nicholas,f,2015-05-12 12:30:29.000,2015-05-12 12:30:29.000
206338,Heike,t,2012-07-22 09:59:56.000,2012-07-22 09:59:56.000
213446,Alisa,f,2017-06-11 15:47:01.000,2017-06-11 15:47:01.000
214527,Can,f,2014-04-27 09:44:07.000,2014-04-27 09:44:07.000
218479,Laura,f,2010-09-16 15:06:12.000,2010-09-16 15:06:12.000
228016,Jan&Elena,f,2012-06-19 07:13:43.000,2012-06-19 07:13:43.000
234391,Per,f,2021-11-13 20:54:40.000,2021-11-13 20:54:40.000
235351,Hendrik,t,2018-09-03 17:09:21.000,2018-09-03 17:09:21.000
239309,Martin,f,2015-09-20 11:40:58.000,2015-09-20 11:40:58.000
245517,Martin,f,2018-10-12 20:37:39.000,2018-10-12 20:37:39.000
246313,Lex,f,2015-12-31 13:12:09.000,2015-12-31 13:12:09.000
246684,Ellen,f,2021-11-02 03:07:21.000,2021-11-02 03:07:21.000
246890,Imme,t,2012-04-01 02:55:06.000,2012-04-01 02:55:06.000
248690,Nils,f,2017-08-15 05:07:00.000,2017-08-15 05:07:00.000
249501,Elfie And  Paul,f,2011-05-31 16:44:56.000,2011-05-31 16:44:56.000
254200,Jazmin,f,2021-07-03 18:19:22.000,2021-07-03 18:19:22.000
261488,P. Charlotte,f,2013-04-12 13:12:07.000,2013-04-12 13:12:07.000
264020,Lena,f,2014-08-30 06:47:16.000,2014-08-30 06:47:16.000
264072,Britta,t,2013-03-06 13:26:04.000,2013-03-06 13:26:04.000
265689,Eray,f,2021-10-25 16:34:40.000,2021-10-25 16:34:40.000
269771,Danilo,f,2018-12-10 11:56:35.000,2018-12-10 11:56:35.000
272316,Desiree,f,2010-07-03 11:22:21.000,2010-07-03 11:22:21.000
276540,Edward Mitchell,t,2013-03-25 17:46:11.000,2013-03-25 17:46:11.000
280605,Johanna,f,2015-07-20 19:54:02.000,2015-07-20 19:54:02.000
281614,Katja,t,2011-08-24 21:37:21.000,2011-08-24 21:37:21.000
282786,Amanda,f,2016-11-18 20:25:02.000,2016-11-18 20:25:02.000
286494,Project A,f,2012-05-02 09:00:38.000,2012-05-02 09:00:38.000
296424,Sören,f,2013-02-19 15:25:36.000,2013-02-19 15:25:36.000
297078,Alexander,t,2015-01-03 23:24:04.000,2015-01-03 23:24:04.000
302404,Mario,f,2021-10-30 13:38:41.000,2021-10-30 13:38:41.000
308290,Aaron,f,2018-02-06 08:53:52.000,2018-02-06 08:53:52.000
308441,Amit,f,2012-07-14 13:07:47.000,2012-07-14 13:07:47.000
309364,Kreuzberger,f,2016-09-27 02:16:45.000,2016-09-27 02:16:45.000
311022,Antonia,f,2012-05-20 07:06:36.000,2012-05-20 07:06:36.000
312373,Christian,t,2011-06-08 17:37:40.000,2011-06-08 17:37:40.000
312427,Yoan,f,2018-09-07 10:12:51.000,2018-09-07 10:12:51.000
312896,Stephan,f,2011-09-12 15:35:20.000,2011-09-12 15:35:20.000
315681,Mirjam,t,2011-10-08 14:53:09.000,2011-10-08 14:53:09.000
317464,Carla,f,2016-08-04 13:52:42.000,2016-08-04 13:52:42.000
333520,Ben,f,2013-07-19 07:17:02.000,2013-07-19 07:17:02.000
336850,Cedric,f,2017-12-31 08:39:13.000,2017-12-31 08:39:13.000
337396,Mike,f,2015-03-22 08:34:10.000,2015-03-22 08:34:10.000
342965,Matthew,f,2018-11-26 11:47:16.000,2018-11-26 11:47:16.000
344615,Melissa,f,2012-07-10 09:31:26.000,2012-07-10 09:31:26.000
344665,Jacob,t,2013-12-30 18:11:46.000,2013-12-30 18:11:46.000
347279,Gareth,f,2013-07-14 07:19:40.000,2013-07-14 07:19:40.000
351073,Daniel,t,2018-06-27 13:08:17.000,2018-06-27 13:08:17.000
353585,Emmy,f,2020-11-07 04:45:35.000,2020-11-07 04:45:35.000
358915,Diana,f,2012-04-07 20:06:12.000,2012-04-07 20:06:12.000
359011,Christine,f,2021-10-23 05:12:33.000,2021-10-23 05:12:33.000
361507,Nathalie,f,2016-03-03 20:29:04.000,2016-03-03 20:29:04.000
368264,Paulailusion,f,2014-10-24 17:07:44.000,2014-10-24 17:07:44.000
369677,Nikhil,f,2020-04-17 21:18:09.000,2020-04-17 21:18:09.000
381006,Svetlana,f,2017-01-19 14:44:13.000,2017-01-19 14:44:13.000
384365,Katinka,t,2017-08-19 01:40:19.000,2017-08-19 01:40:19.000
386940,Elisabeth,f,2014-06-17 06:30:41.000,2014-06-17 06:30:41.000
390380,Kristina,f,2017-05-25 14:19:52.000,2017-05-25 14:19:52.000
390761,Matt,t,2016-08-23 22:26:00.000,2016-08-23 22:26:00.000
394381,Mesut,f,2016-08-07 15:04:14.000,2016-08-07 15:04:14.000
396915,Sonja,f,2013-06-29 10:46:13.000,2013-06-29 10:46:13.000
399745,Jan,t,2012-04-25 08:08:34.000,2012-04-25 08:08:34.000
417276,Askan,t,2016-07-12 05:10:46.000,2016-07-12 05:10:46.000
422837,Francesca,f,2012-02-07 00:14:03.000,2012-02-07 00:14:03.000
424604,Daniel,f,2013-08-12 18:55:54.000,2013-08-12 18:55:54.000
425899,Bernd+Katja :-),t,2011-04-09 14:24:28.000,2011-04-09 14:24:28.000
429311,Francesco,t,2021-04-12 12:07:42.000,2021-04-12 12:07:42.000
437628,Oliver,t,2011-04-04 10:38:05.000,2011-04-04 10:38:05.000
443499,Anton,t,2015-08-03 20:42:54.000,2015-08-03 20:42:54.000
443681,Lasse,t,2013-01-05 15:22:19.000,2013-01-05 15:22:19.000
447160,Leonard,t,2013-04-22 07:30:43.000,2013-04-22 07:30:43.000
447761,Nina,f,2021-11-06 21:52:47.000,2021-11-06 21:52:47.000
451311,Ruth,f,2015-04-18 16:47:49.000,2015-04-18 16:47:49.000
452231,Teresa,f,2016-04-12 06:53:48.000,2016-04-12 06:53:48.000
454103,Benjamin,t,2015-07-27 21:25:26.000,2015-07-27 21:25:26.000
454244,Cantieri,f,2019-07-25 08:49:25.000,2019-07-25 08:49:25.000
454712,Thomas,f,2021-10-28 08:36:25.000,2021-10-28 08:36:25.000
455176,Renan,f,2014-12-19 02:04:29.000,2014-12-19 02:04:29.000
456057,Etienne,f,2017-02-03 22:17:28.000,2017-02-03 22:17:28.000
456085,Louis,t,2011-03-29 06:07:06.000,2011-03-29 06:07:06.000
467817,Andreas,f,2021-11-19 18:03:51.000,2021-11-19 18:03:51.000
467895,Ursula,f,2018-06-24 00:17:13.000,2018-06-24 00:17:13.000
470146,Dimi,f,2011-07-19 19:25:35.000,2011-07-19 19:25:35.000
472567,Alexandra,t,2011-05-30 00:27:46.000,2011-05-30 00:27:46.000
474705,Nina,f,2017-03-03 23:37:18.000,2017-03-03 23:37:18.000
477531,Linda,f,2014-03-21 13:04:31.000,2014-03-21 13:04:31.000
485824,Florian,f,2018-07-16 08:44:31.000,2018-07-16 08:44:31.000
485838,Michele,t,2010-09-03 11:51:19.000,2010-09-03 11:51:19.000
490965,Izabela,f,2017-07-17 02:39:27.000,2017-07-17 02:39:27.000
493012,Ruben,f,2021-10-30 18:03:36.000,2021-10-30 18:03:36.000
493400,Sarah-Jane,f,2017-12-21 19:16:42.000,2017-12-21 19:16:42.000
493494,Isabel,f,2021-10-30 18:04:31.000,2021-10-30 18:04:31.000
496754,Christian,f,2015-12-12 05:04:36.000,2015-12-12 05:04:36.000
498957,Max,f,2015-12-24 03:24:23.000,2015-12-24 03:24:23.000
499725,Prasad,f,2012-08-13 03:01:39.000,2012-08-13 03:01:39.000
509324,Danielle,f,2021-07-22 04:13:51.000,2021-07-22 04:13:51.000
512909,Moritz,f,2020-02-16 18:12:13.000,2020-02-16 18:12:13.000
514903,Max,f,2016-02-26 07:40:56.000,2016-02-26 07:40:56.000
518154,Simona,f,2016-12-07 17:20:12.000,2016-12-07 17:20:12.000
518625,Mala,f,2014-06-26 08:50:01.000,2014-06-26 08:50:01.000
531005,Lisa,f,2016-07-19 03:10:16.000,2016-07-19 03:10:16.000
539061,Gabriella,f,2021-11-08 13:04:58.000,2021-11-08 13:04:58.000
540085,Petra & Sascha,f,2018-02-28 01:11:58.000,2018-02-28 01:11:58.000
540534,Doris,f,2011-12-10 05:57:33.000,2011-12-10 05:57:33.000
544343,Ingo,t,2015-11-06 14:17:58.000,2015-11-06 14:17:58.000
545015,Dine,t,2019-04-15 11:58:47.000,2019-04-15 11:58:47.000
545412,Hal,f,2018-07-21 21:18:20.000,2018-07-21 21:18:20.000
553892,Jenny,f,2021-11-02 09:58:26.000,2021-11-02 09:58:26.000
554154,Corazon,f,2016-07-06 05:17:17.000,2016-07-06 05:17:17.000
560204,Kam,f,2021-10-22 13:23:55.000,2021-10-22 13:23:55.000
560812,Silke,f,2012-10-26 19:23:26.000,2012-10-26 19:23:26.000
560831,Katie,f,2014-03-05 07:11:43.000,2014-03-05 07:11:43.000
561918,Chris,f,2018-10-10 01:05:22.000,2018-10-10 01:05:22.000
570951,S. Kjel,f,2011-10-23 04:26:52.000,2011-10-23 04:26:52.000
572602,Kimberley,f,2019-04-28 21:41:01.000,2019-04-28 21:41:01.000
581300,Antonia,f,2018-07-14 03:33:50.000,2018-07-14 03:33:50.000
582007,Julia,f,2012-12-12 03:13:20.000,2012-12-12 03:13:20.000
582197,Sara,f,2017-07-11 20:55:06.000,2017-07-11 20:55:06.000
584179,Lola,f,2016-09-03 09:50:35.000,2016-09-03 09:50:35.000
584750,Axel,f,2013-08-20 22:27:26.000,2013-08-20 22:27:26.000
590130,Oliver,f,2014-07-19 04:18:26.000,2014-07-19 04:18:26.000
590973,Barbara,f,2015-08-09 15:23:22.000,2015-08-09 15:23:22.000
594164,Ralph&Maria,f,2011-06-09 15:19:03.000,2011-06-09 15:19:03.000
596097,Michael,t,2017-02-25 03:33:28.000,2017-02-25 03:33:28.000
601347,Stephenie,f,2020-10-05 14:18:15.000,2020-10-05 14:18:15.000
603167,Jonathan&Annett,f,2013-10-18 14:30:43.000,2013-10-18 14:30:43.000
603195,Rainer,f,2019-12-26 03:40:06.000,2019-12-26 03:40:06.000
604588,Holger,t,2018-05-15 04:53:34.000,2018-05-15 04:53:34.000
623519,Hrvoje & Iva,f,2018-03-28 23:03:31.000,2018-03-28 23:03:31.000
627959,Ute,t,2014-01-18 18:23:30.000,2014-01-18 18:23:30.000
628990,Michael,f,2017-10-20 22:52:41.000,2017-10-20 22:52:41.000
632174,Stéphanie,t,2011-10-30 14:34:35.000,2011-10-30 14:34:35.000
632971,Kai,f,2015-04-02 14:49:29.000,2015-04-02 14:49:29.000
641197,Tre,f,2021-08-30 17:12:19.000,2021-08-30 17:12:19.000
641507,Christina,f,2021-11-14 20:24:56.000,2021-11-14 20:24:56.000
656774,Andrea,f,2019-06-24 02:37:11.000,2019-06-24 02:37:11.000
661223,Jewell,f,2021-10-28 16:25:18.000,2021-10-28 16:25:18.000
661390,Helli,f,2017-10-13 16:29:10.000,2017-10-13 16:29:10.000
662534,Bernd,t,2011-07-09 10:10:17.000,2011-07-09 10:10:17.000
662565,Gisella,t,2017-06-30 09:45:22.000,2017-06-30 09:45:22.000
665354,Julia,f,2021-11-04 00:25:14.000,2021-11-04 00:25:14.000
666728,Kris,f,2018-06-12 15:37:58.000,2018-06-12 15:37:58.000
671536,Nicole,t,2011-11-06 15:41:32.000,2011-11-06 15:41:32.000
674978,Marlon,t,2015-09-05 04:25:23.000,2015-09-05 04:25:23.000
676296,Justina,f,2017-05-15 20:33:33.000,2017-05-15 20:33:33.000
677856,Mario,f,2021-11-11 14:15:30.000,2021-11-11 14:15:30.000
683771,Erwin,f,2018-12-18 04:44:53.000,2018-12-18 04:44:53.000
689609,Sascha,f,2018-04-19 18:29:10.000,2018-04-19 18:29:10.000
696492,Gaston & Elena,f,2011-08-16 03:58:44.000,2011-08-16 03:58:44.000
697166,Anton,f,2021-11-16 05:04:16.000,2021-11-16 05:04:16.000
698575,Birgit,f,2015-06-07 08:34:39.000,2015-06-07 08:34:39.000
703879,Benjamin,f,2018-04-29 22:17:13.000,2018-04-29 22:17:13.000
704463,Duc Son,f,2016-12-20 02:07:37.000,2016-12-20 02:07:37.000
707701,Andreas,f,2021-07-09 04:47:56.000,2021-07-09 04:47:56.000
708217,Katharina,f,2019-07-26 17:10:58.000,2019-07-26 17:10:58.000
708304,Martin,f,2012-08-08 01:06:08.000,2012-08-08 01:06:08.000
708769,Sonja,t,2019-11-27 12:09:26.000,2019-11-27 12:09:26.000
712073,Gerhard,t,2011-08-04 18:29:36.000,2011-08-04 18:29:36.000
712311,Sebastian,f,2013-09-02 02:27:53.000,2013-09-02 02:27:53.000
712973,Jan,f,2011-09-21 04:16:23.000,2011-09-21 04:16:23.000
716475,Hanya,f,2021-11-15 03:41:02.000,2021-11-15 03:41:02.000
718340,Milos,f,2016-09-07 19:10:47.000,2016-09-07 19:10:47.000
718939,Martina & Charlotte (MaCha),t,2017-01-04 20:38:10.000,2017-01-04 20:38:10.000
719464,Werner,t,2015-04-29 22:31:16.000,2015-04-29 22:31:16.000
720423,Lily,f,2021-10-25 13:27:18.000,2021-10-25 13:27:18.000
721022,Maria,f,2014-02-03 23:31:51.000,2014-02-03 23:31:51.000
725852,Joanna,f,2018-07-10 14:40:29.000,2018-07-10 14:40:29.000
726769,Rudie,t,2012-04-05 21:35:49.000,2012-04-05 21:35:49.000
727822,Louisa,f,2018-04-27 07:45:06.000,2018-04-27 07:45:06.000
728298,Ju,f,2015-09-14 01:53:15.000,2015-09-14 01:53:15.000
730791,Andrew,f,2016-12-21 07:53:59.000,2016-12-21 07:53:59.000
734807,Olivier,f,2015-05-08 03:42:39.000,2015-05-08 03:42:39.000
738412,Rocio,f,2021-10-25 22:48:04.000,2021-10-25 22:48:04.000
741614,Julien L.,f,2019-08-31 18:14:50.000,2019-08-31 18:14:50.000
743741,Joseph,t,2016-06-13 10:07:22.000,2016-06-13 10:07:22.000
750165,Angela,f,2011-06-29 07:42:38.000,2011-06-29 07:42:38.000
756801,Caroline,f,2016-07-17 13:15:35.000,2016-07-17 13:15:35.000
759922,Verena,f,2015-11-30 03:03:05.000,2015-11-30 03:03:05.000
761787,Yatan,t,2015-02-04 10:32:23.000,2015-02-04 10:32:23.000
762672,Olli,f,2021-10-31 15:47:34.000,2021-10-31 15:47:34.000
763065,Haider,f,2019-09-21 21:50:12.000,2019-09-21 21:50:12.000
768877,Augustin,f,2021-11-01 03:45:49.000,2021-11-01 03:45:49.000
774949,Tobias,f,2017-08-29 03:27:47.000,2017-08-29 03:27:47.000
775103,Verena,f,2011-09-09 22:56:05.000,2011-09-09 22:56:05.000
776810,Eitan,f,2016-04-10 23:35:42.000,2016-04-10 23:35:42.000
779213,Jutta,f,2011-12-25 23:13:28.000,2011-12-25 23:13:28.000
783178,Raphael,f,2015-03-26 06:13:26.000,2015-03-26 06:13:26.000
784423,Patrick,f,2014-02-16 17:28:53.000,2014-02-16 17:28:53.000
788958,Liina,f,2016-04-05 06:11:18.000,2016-04-05 06:11:18.000
794712,Christina,t,2019-01-28 17:31:50.000,2019-01-28 17:31:50.000
796576,Stefan,f,2015-01-18 18:06:07.000,2015-01-18 18:06:07.000
797804,Marie,f,2019-11-02 21:22:38.000,2019-11-02 21:22:38.000
801366,Shai,f,2013-06-20 20:41:54.000,2013-06-20 20:41:54.000
803717,Dirk,f,2012-07-03 11:07:07.000,2012-07-03 11:07:07.000
809715,Donna,f,2015-07-23 05:04:54.000,2015-07-23 05:04:54.000
814026,Frank,f,2012-07-18 23:44:41.000,2012-07-18 23:44:41.000
818418,Rehana,f,2019-05-12 08:57:59.000,2019-05-12 08:57:59.000
819379,Therese,f,2021-02-24 21:05:40.000,2021-02-24 21:05:40.000
820633,Barbara,t,2018-07-30 01:50:22.000,2018-07-30 01:50:22.000
823691,Johanna,f,2019-07-08 05:40:45.000,2019-07-08 05:40:45.000
824591,Anna,f,2015-06-30 15:51:35.000,2015-06-30 15:51:35.000
826078,Friederike,t,2018-09-28 03:48:02.000,2018-09-28 03:48:02.000
826546,Wolfgang,f,2011-09-08 11:15:18.000,2011-09-08 11:15:18.000
829048,Maximilian,f,2015-04-23 21:46:44.000,2015-04-23 21:46:44.000
831239,Sandra,f,2021-11-11 14:58:21.000,2021-11-11 14:58:21.000
833209,Julija,f,2016-04-25 04:46:58.000,2016-04-25 04:46:58.000
833995,Ilona,f,2011-11-18 00:14:57.000,2011-11-18 00:14:57.000
839045,Callum,f,2018-08-02 07:12:59.000,2018-08-02 07:12:59.000
839108,Alessia,f,2016-02-12 02:02:53.000,2016-02-12 02:02:53.000
839532,Christina,f,2011-11-09 07:34:08.000,2011-11-09 07:34:08.000
843072,Inna,f,2021-11-09 05:04:25.000,2021-11-09 05:04:25.000
843326,Nino,t,2011-12-10 11:31:07.000,2011-12-10 11:31:07.000
843520,Chun Mei,f,2016-09-06 07:15:44.000,2016-09-06 07:15:44.000
843558,Christine,f,2016-12-04 10:46:38.000,2016-12-04 10:46:38.000
845790,Aaike,f,2015-09-12 04:40:45.000,2015-09-12 04:40:45.000
853446,Florian,f,2011-10-12 15:54:27.000,2011-10-12 15:54:27.000
857327,Alke,f,2011-12-24 08:22:09.000,2011-12-24 08:22:09.000
858675,Esko,f,2021-11-08 07:03:25.000,2021-11-08 07:03:25.000
859725,Olly,f,2017-04-03 20:04:45.000,2017-04-03 20:04:45.000
864399,Roland & Sam,f,2012-07-21 16:02:02.000,2012-07-21 16:02:02.000
866270,Laura,f,2016-04-07 11:42:56.000,2016-04-07 11:42:56.000
868242,Happy Vegan,t,2013-06-11 19:38:34.000,2013-06-11 19:38:34.000
868282,Frank,t,2011-08-11 19:54:42.000,2011-08-11 19:54:42.000
870254,Darja,f,2015-09-09 10:56:08.000,2015-09-09 10:56:08.000
870376,Andreas,t,2012-02-21 20:18:05.000,2012-02-21 20:18:05.000
874215,Erez,f,2021-08-08 07:32:43.000,2021-08-08 07:32:43.000
876545,Marta,f,2021-11-15 08:31:27.000,2021-11-15 08:31:27.000
876782,Agustin,f,2016-05-27 03:33:28.000,2016-05-27 03:33:28.000
877133,James,f,2015-12-22 01:40:30.000,2015-12-22 01:40:30.000
882801,Minel,f,2012-01-04 20:09:51.000,2012-01-04 20:09:51.000
882961,Micha,f,2019-03-24 07:49:41.000,2019-03-24 07:49:41.000
889228,Jacqueline,f,2019-03-10 01:59:36.000,2019-03-10 01:59:36.000
889370,Michael,f,2021-11-01 19:40:08.000,2021-11-01 19:40:08.000
889931,Joy,f,2015-07-01 23:01:04.000,2015-07-01 23:01:04.000
892344,Tim,f,2015-05-28 16:25:27.000,2015-05-28 16:25:27.000
892561,Katrin,f,2021-11-13 02:00:07.000,2021-11-13 02:00:07.000
893191,Juliane,f,2011-08-16 20:40:11.000,2011-08-16 20:40:11.000
893723,Sahin,f,2014-08-25 23:01:26.000,2014-08-25 23:01:26.000
896910,Yildiz,f,2019-06-21 12:21:11.000,2019-06-21 12:21:11.000
897302,Paul,f,2012-04-10 04:52:10.000,2012-04-10 04:52:10.000
897665,Quiny Christa,t,2020-06-18 16:50:26.000,2020-06-18 16:50:26.000
898345,Susanne,t,2012-05-31 13:42:07.000,2012-05-31 13:42:07.000
901140,Lana,f,2012-11-28 14:21:05.000,2012-11-28 14:21:05.000
901878,H.,f,2021-11-16 17:53:56.000,2021-11-16 17:53:56.000
903480,Jeff,f,2020-02-16 05:04:39.000,2020-02-16 05:04:39.000
903525,Ludwig,f,2021-10-28 12:17:58.000,2021-10-28 12:17:58.000
906953,Simon,f,2019-07-31 08:21:59.000,2019-07-31 08:21:59.000
907038,Katarina-Susanne,f,2012-04-07 00:29:29.000,2012-04-07 00:29:29.000
907115,Thomas,t,2021-02-21 20:43:43.000,2021-02-21 20:43:43.000
908562,Anis,t,2021-07-21 22:00:15.000,2021-07-21 22:00:15.000
909226,Werner,t,2015-10-30 17:10:54.000,2015-10-30 17:10:54.000
910606,Nicole,f,2014-12-29 14:57:21.000,2014-12-29 14:57:21.000
910884,Kristian,f,2011-09-24 17:30:16.000,2011-09-24 17:30:16.000
911135,Mushtaq,t,2017-06-21 15:30:16.000,2017-06-21 15:30:16.000
913422,Kathrin,f,2012-12-31 00:29:07.000,2012-12-31 00:29:07.000
913520,Nikolaj,f,2016-11-04 14:01:03.000,2016-11-04 14:01:03.000
913825,Loui,f,2013-11-24 11:30:54.000,2013-11-24 11:30:54.000
914711,Jon,f,2011-09-01 12:18:12.000,2011-09-01 12:18:12.000
915430,Andreas,f,2014-01-13 11:23:09.000,2014-01-13 11:23:09.000
920085,Ursula,t,2012-06-25 00:40:44.000,2012-06-25 00:40:44.000
920717,Martin,t,2015-08-14 11:34:49.000,2015-08-14 11:34:49.000
923408,Anne,f,2014-06-19 05:40:57.000,2014-06-19 05:40:57.000
925534,Wolfgang,f,2015-09-10 23:48:53.000,2015-09-10 23:48:53.000
927978,Leonardo,f,2015-12-29 12:42:40.000,2015-12-29 12:42:40.000
929861,Mandy,f,2011-12-27 16:16:42.000,2011-12-27 16:16:42.000
930361,Dan,f,2015-09-07 04:22:23.000,2015-09-07 04:22:23.000
934287,Sasha,t,2019-04-03 12:48:05.000,2019-04-03 12:48:05.000
938897,Martin,f,2018-11-09 18:45:42.000,2018-11-09 18:45:42.000
939230,Nana M,f,2021-11-05 21:09:27.000,2021-11-05 21:09:27.000
939361,Wolfram,f,2014-10-15 04:04:57.000,2014-10-15 04:04:57.000
943554,Dino,f,2015-06-10 22:09:27.000,2015-06-10 22:09:27.000
943996,Monika,f,2012-01-05 19:54:30.000,2012-01-05 19:54:30.000
944530,Christian And Verónica,t,2011-10-11 12:51:22.000,2011-10-11 12:51:22.000
952386,Lennart,f,2015-11-03 07:52:32.000,2015-11-03 07:52:32.000
955509,Karsten,t,2012-08-02 04:00:36.000,2012-08-02 04:00:36.000
956350,Arne,t,2011-09-22 21:21:25.000,2011-09-22 21:21:25.000
957421,Klaus,f,2021-11-09 09:20:20.000,2021-11-09 09:20:20.000
961411,Howy,f,2014-05-11 10:33:53.000,2014-05-11 10:33:53.000
962264,Jannes & Seri,f,2017-06-16 20:28:15.000,2017-06-16 20:28:15.000
964971,Tanja,f,2011-09-15 15:37:22.000,2011-09-15 15:37:22.000
965569,Coco,f,2021-11-08 14:47:35.000,2021-11-08 14:47:35.000
966025,Alexandra,f,2018-07-16 05:04:23.000,2018-07-16 05:04:23.000
968241,Grzegorz,f,2021-10-25 00:32:45.000,2021-10-25 00:32:45.000
968243,Martina,t,2015-05-23 16:15:10.000,2015-05-23 16:15:10.000
969532,Wendy,t,2015-01-30 18:14:14.000,2015-01-30 18:14:14.000
972575,Martin,t,2020-02-19 18:10:20.000,2020-02-19 18:10:20.000
973167,Andreas,t,2018-05-11 21:05:46.000,2018-05-11 21:05:46.000
976581,Gisela,f,2015-08-20 18:06:34.000,2015-08-20 18:06:34.000
977009,Kerstin,f,2015-12-27 02:45:37.000,2015-12-27 02:45:37.000
977162,Rosann,f,2016-05-02 13:08:36.000,2016-05-02 13:08:36.000
977216,Viktoria,f,2019-12-22 00:21:06.000,2019-12-22 00:21:06.000
977942,Rainer,f,2021-11-10 21:19:24.000,2021-11-10 21:19:24.000
983936,Marek,t,2015-09-06 07:10:16.000,2015-09-06 07:10:16.000
990154,Farsan,f,2016-12-31 06:13:41.000,2016-12-31 06:13:41.000
992535,Jo,f,2016-07-29 11:03:14.000,2016-07-29 11:03:14.000
992812,Jan,f,2015-07-26 06:30:21.000,2015-07-26 06:30:21.000
994927,Esteban,t,2014-03-25 17:03:56.000,2014-03-25 17:03:56.000
995862,Magnus & Namia,f,2018-07-21 00:54:05.000,2018-07-21 00:54:05.000
999330,Josefine,f,2015-06-14 04:41:41.000,2015-06-14 04:41:41.000
1003245,Maryna,f,2021-11-17 12:38:10.000,2021-11-17 12:38:10.000
1009105,Gisela,f,2019-08-31 04:26:15.000,2019-08-31 04:26:15.000
1009656,Florian,f,2021-11-03 08:36:18.000,2021-11-03 08:36:18.000
1015808,Nico & Ines,f,2013-05-30 12:05:02.000,2013-05-30 12:05:02.000
1019199,Saskia,f,2021-11-19 20:12:43.000,2021-11-19 20:12:43.000
1019502,Steffen,f,2013-06-07 17:13:56.000,2013-06-07 17:13:56.000
1020400,Andreas,f,2015-06-24 23:02:42.000,2015-06-24 23:02:42.000
1022663,Vanessa,f,2017-08-03 23:00:29.000,2017-08-03 23:00:29.000
1024215,Christian,f,2018-07-13 18:25:47.000,2018-07-13 18:25:47.000
1026477,Antoine,f,2016-02-12 22:09:43.000,2016-02-12 22:09:43.000
1026735,Wolfgang,f,2012-06-21 18:17:02.000,2012-06-21 18:17:02.000
1027271,Sabine,t,2014-08-09 23:04:40.000,2014-08-09 23:04:40.000
1029878,Liane,f,2015-08-04 21:43:12.000,2015-08-04 21:43:12.000
1030258,Jakob,f,2021-11-15 21:21:04.000,2021-11-15 21:21:04.000
1033300,Thomas,f,2011-08-26 20:29:04.000,2011-08-26 20:29:04.000
1035251,Zuzanna,f,2017-07-09 00:38:59.000,2017-07-09 00:38:59.000
1036664,Tobias,f,2018-07-21 04:16:57.000,2018-07-21 04:16:57.000
1039350,Gosia,t,2011-09-12 16:29:12.000,2011-09-12 16:29:12.000
1040171,Supermax,t,2018-05-25 20:32:28.000,2018-05-25 20:32:28.000
1040504,Beate,f,2017-06-18 15:10:36.000,2017-06-18 15:10:36.000
1057527,Ursula,t,2017-05-10 11:33:18.000,2017-05-10 11:33:18.000
1083235,,,2015-07-24 11:43:19.000,2015-07-24 11:43:19.000
1084001,Herbert,f,2016-08-16 20:30:58.000,2016-08-16 20:30:58.000
1086128,,,2021-11-13 05:47:01.000,2021-11-13 05:47:01.000
1090989,Maxime,f,2012-09-03 02:03:29.000,2012-09-03 02:03:29.000
1093787,Christian,t,2015-04-26 17:22:41.000,2015-04-26 17:22:41.000
1094502,Kerimcan,f,2020-04-22 22:33:03.000,2020-04-22 22:33:03.000
1095067,Josh,f,2021-11-18 17:48:59.000,2021-11-18 17:48:59.000
1095251,Nadin,f,2019-09-01 03:14:11.000,2019-09-01 03:14:11.000
1095682,Philipp,f,2018-07-03 15:17:46.000,2018-07-03 15:17:46.000
1095987,Caroline,f,2016-02-23 23:48:39.000,2016-02-23 23:48:39.000
1099582,Tabea,f,2015-07-17 04:16:04.000,2015-07-17 04:16:04.000
1102530,Lisa,f,2018-03-05 07:14:15.000,2018-03-05 07:14:15.000
1107206,Lalita,t,2011-11-26 21:05:50.000,2011-11-26 21:05:50.000
1107814,Gregor,t,2018-02-11 20:28:25.000,2018-02-11 20:28:25.000
1108639,Karin,f,2019-09-04 16:57:47.000,2019-09-04 16:57:47.000
1109188,Mina,f,2019-05-31 14:35:10.000,2019-05-31 14:35:10.000
1112419,Yasmin,f,2017-07-14 22:21:10.000,2017-07-14 22:21:10.000
1118722,Martin,f,2017-05-23 00:59:30.000,2017-05-23 00:59:30.000
1122141,Elena,f,2021-07-04 19:09:05.000,2021-07-04 19:09:05.000
1128671,Hanna,f,2021-11-06 03:19:47.000,2021-11-06 03:19:47.000
1130723,Hans,f,2016-07-23 21:16:23.000,2016-07-23 21:16:23.000
1134062,Pia,f,2016-09-19 08:20:57.000,2016-09-19 08:20:57.000
1135836,Luca,f,2021-11-05 13:22:54.000,2021-11-05 13:22:54.000
1142834,Detlef,t,2013-04-22 23:40:45.000,2013-04-22 23:40:45.000
1145773,Daniel,f,2016-03-01 12:40:53.000,2016-03-01 12:40:53.000
1146238,Arzu & Tom,t,2011-09-28 08:33:05.000,2011-09-28 08:33:05.000
1148921,Georg,f,2015-08-29 05:23:42.000,2015-08-29 05:23:42.000
1151789,Elif,t,2019-08-08 21:59:36.000,2019-08-08 21:59:36.000
1152490,Caesar,f,2015-02-13 02:14:38.000,2015-02-13 02:14:38.000
1152791,ClaasFlorian,f,2018-08-10 03:43:43.000,2018-08-10 03:43:43.000
1153297,Gal,f,2017-07-19 19:51:46.000,2017-07-19 19:51:46.000
1156521,Denis,f,2013-12-10 11:08:57.000,2013-12-10 11:08:57.000
1156924,Kelly,t,2011-12-06 18:55:53.000,2011-12-06 18:55:53.000
1157727,David,f,2018-05-21 00:16:20.000,2018-05-21 00:16:20.000
1168268,Alisa,f,2019-06-09 21:50:13.000,2019-06-09 21:50:13.000
1171000,Bernardo,f,2013-12-09 20:48:39.000,2013-12-09 20:48:39.000
1171967,Owen,f,2021-11-04 09:49:11.000,2021-11-04 09:49:11.000
1174550,Molly,f,2021-11-18 06:33:16.000,2021-11-18 06:33:16.000
1175327,Robert,t,2021-05-23 12:47:38.000,2021-05-23 12:47:38.000
1177084,Philip,f,2016-08-08 07:16:04.000,2016-08-08 07:16:04.000
1178780,Sabine,f,2012-04-29 10:38:23.000,2012-04-29 10:38:23.000
1179162,Anna,f,2021-11-14 21:36:03.000,2021-11-14 21:36:03.000
1179530,Bastian,f,2017-11-28 19:17:10.000,2017-11-28 19:17:10.000
1182729,Lucas,f,2018-05-18 03:20:12.000,2018-05-18 03:20:12.000
1183139,Matteo,t,2017-08-10 22:27:17.000,2017-08-10 22:27:17.000
1185192,Phuong & Martin,t,2018-02-27 22:59:44.000,2018-02-27 22:59:44.000
1186601,Severine,f,2013-07-19 06:45:23.000,2013-07-19 06:45:23.000
1189061,An.,f,2021-10-28 09:02:25.000,2021-10-28 09:02:25.000
1191577,Dreea,f,2018-10-15 23:04:22.000,2018-10-15 23:04:22.000
1191738,Miro,f,2019-12-28 04:58:55.000,2019-12-28 04:58:55.000
1194016,Karim,f,2014-10-31 04:34:40.000,2014-10-31 04:34:40.000
1194258,Stefan,t,2014-08-15 01:03:11.000,2014-08-15 01:03:11.000
1194570,Philip,f,2020-02-02 05:05:59.000,2020-02-02 05:05:59.000
1195177,Annika,f,2011-10-20 13:46:14.000,2011-10-20 13:46:14.000
1196119,Hannes,t,2012-01-24 06:12:46.000,2012-01-24 06:12:46.000
1197946,Marcelo & Cesar,t,2014-07-16 03:09:51.000,2014-07-16 03:09:51.000
1198821,Ebe,f,2021-10-21 07:46:56.000,2021-10-21 07:46:56.000
1199044,Ina,f,2016-12-10 20:53:41.000,2016-12-10 20:53:41.000
1202217,Ben & Martha,f,2018-05-19 17:01:04.000,2018-05-19 17:01:04.000
1203444,Christoph,f,2021-10-29 06:40:40.000,2021-10-29 06:40:40.000
1204085,Felix,f,2011-09-19 07:00:10.000,2011-09-19 07:00:10.000
1205340,Christine,f,2012-10-13 13:14:24.000,2012-10-13 13:14:24.000
1205458,Lola,t,2016-06-19 19:14:24.000,2016-06-19 19:14:24.000
1207835,Giulia,f,2016-02-19 19:24:12.000,2016-02-19 19:24:12.000
1209356,Magda,f,2018-06-30 11:58:03.000,2018-06-30 11:58:03.000
1209369,Alison,f,2016-02-28 01:53:07.000,2016-02-28 01:53:07.000
1210739,TRIO Apartment Hotel,f,2018-06-21 01:57:59.000,2018-06-21 01:57:59.000
1211681,Farhad,f,2017-06-16 13:23:55.000,2017-06-16 13:23:55.000
1216523,Nelly,f,2016-11-28 06:39:13.000,2016-11-28 06:39:13.000
1219287,Michael,f,2018-06-21 10:27:31.000,2018-06-21 10:27:31.000
1219893,Katharina,t,2011-12-23 14:54:51.000,2011-12-23 14:54:51.000
1221935,Anne,f,2011-11-25 03:48:19.000,2011-11-25 03:48:19.000
1224097,Bernhard,f,2014-03-01 07:53:52.000,2014-03-01 07:53:52.000
1228713,Paulina,t,2021-06-27 05:13:26.000,2021-06-27 05:13:26.000
1236783,Hedda,f,2014-08-16 14:38:47.000,2014-08-16 14:38:47.000
1236977,Thorsten,f,2021-11-02 20:04:25.000,2021-11-02 20:04:25.000
1240004,Georg,f,2011-10-06 09:53:16.000,2011-10-06 09:53:16.000
1240970,Rob,f,2017-05-01 20:33:04.000,2017-05-01 20:33:04.000
1244828,Katrin,t,2012-04-07 23:05:29.000,2012-04-07 23:05:29.000
1246047,Kent,t,2019-10-20 11:28:39.000,2019-10-20 11:28:39.000
1247962,Daniela,t,2016-10-24 01:54:05.000,2016-10-24 01:54:05.000
1250154,Henrik,t,2011-11-03 13:30:58.000,2011-11-03 13:30:58.000
1252012,Malaika,f,2019-10-25 11:58:30.000,2019-10-25 11:58:30.000
1253452,Corinne,f,2016-03-21 23:44:35.000,2016-03-21 23:44:35.000
1254352,Jana,f,2011-10-26 07:36:01.000,2011-10-26 07:36:01.000
1259589,Alexine,t,2016-01-30 02:58:09.000,2016-01-30 02:58:09.000
1260005,Philip,f,2018-08-19 09:39:11.000,2018-08-19 09:39:11.000
1262962,Anne,t,2012-05-03 18:44:22.000,2012-05-03 18:44:22.000
1267752,Natalie & Markus,f,2018-09-21 16:55:22.000,2018-09-21 16:55:22.000
1271213,Marion,t,2014-04-24 05:05:45.000,2014-04-24 05:05:45.000
1271339,Christian,t,2018-11-18 04:56:02.000,2018-11-18 04:56:02.000
1273265,Henrik,f,2019-07-09 05:33:53.000,2019-07-09 05:33:53.000
1274606,Mario,t,2012-04-10 06:17:11.000,2012-04-10 06:17:11.000
1275359,Henning,f,2021-09-01 15:27:01.000,2021-09-01 15:27:01.000
1275576,Thomas,t,2012-12-19 05:41:22.000,2012-12-19 05:41:22.000
1275795,Arne & Ute,t,2015-03-25 11:22:01.000,2015-03-25 11:22:01.000
1275846,Anna,f,2012-05-06 09:20:55.000,2012-05-06 09:20:55.000
1275864,Emily,f,2016-01-01 18:22:39.000,2016-01-01 18:22:39.000
1276585,Katharina,f,2015-02-12 19:11:29.000,2015-02-12 19:11:29.000
1278591,Sabine,f,2018-04-17 21:27:59.000,2018-04-17 21:27:59.000
1280215,Claudia,f,2018-06-21 02:04:11.000,2018-06-21 02:04:11.000
1285017,Katrin,f,2015-03-31 09:35:53.000,2015-03-31 09:35:53.000
1285720,Bruna,f,2020-09-15 08:27:06.000,2020-09-15 08:27:06.000
1289259,Martina,f,2012-02-07 17:06:37.000,2012-02-07 17:06:37.000
1289393,Hille,f,2012-02-19 07:51:30.000,2012-02-19 07:51:30.000
1289581,Guillaume,f,2012-09-28 19:50:28.000,2012-09-28 19:50:28.000
1290112,Wolfhard,f,2012-09-04 15:10:44.000,2012-09-04 15:10:44.000
1291987,Alan,f,2018-04-11 00:27:27.000,2018-04-11 00:27:27.000
1293030,HaZaSu,t,2012-09-03 10:01:17.000,2012-09-03 10:01:17.000
1293348,Krunoslav,f,2017-02-06 04:31:31.000,2017-02-06 04:31:31.000
1293484,Bianca,t,2018-06-09 12:07:15.000,2018-06-09 12:07:15.000
1294110,David,t,2014-11-20 11:46:49.000,2014-11-20 11:46:49.000
1297102,Adam,f,2016-03-17 20:53:17.000,2016-03-17 20:53:17.000
1297305,Julia,f,2020-01-17 21:03:54.000,2020-01-17 21:03:54.000
1298309,Clemens,f,2021-07-23 17:44:58.000,2021-07-23 17:44:58.000
1300595,Tamara,t,2019-12-02 00:54:11.000,2019-12-02 00:54:11.000
1300950,Andrea,f,2015-04-27 02:36:47.000,2015-04-27 02:36:47.000
1301421,Alexander,f,2012-05-10 19:51:06.000,2012-05-10 19:51:06.000
1303212,David,t,2012-01-24 08:50:48.000,2012-01-24 08:50:48.000
1303499,Charlot,f,2019-12-30 18:53:01.000,2019-12-30 18:53:01.000
1305644,Heike,f,2021-10-30 10:00:11.000,2021-10-30 10:00:11.000
1310272,Jörg,t,2012-07-22 17:06:30.000,2012-07-22 17:06:30.000
1310277,Claudia,f,2012-04-20 03:59:25.000,2012-04-20 03:59:25.000
1310755,Joe,f,2012-01-05 12:00:36.000,2012-01-05 12:00:36.000
1310866,Ashraf,t,2012-06-25 11:29:32.000,2012-06-25 11:29:32.000
1311026,Volker,f,2011-08-19 13:08:53.000,2011-08-19 13:08:53.000
1311309,Ute,t,2013-07-05 08:18:56.000,2013-07-05 08:18:56.000
1312190,Davide,t,2011-12-26 23:49:48.000,2011-12-26 23:49:48.000
1312645,Justin,t,2019-02-23 06:50:35.000,2019-02-23 06:50:35.000
1314462,Otto,f,2014-04-14 09:09:23.000,2014-04-14 09:09:23.000
1315189,Axel,t,2017-02-11 12:18:25.000,2017-02-11 12:18:25.000
1315569,Greg & Emmy,f,2012-08-13 02:03:13.000,2012-08-13 02:03:13.000
1315769,Brendan,f,2021-10-21 16:00:54.000,2021-10-21 16:00:54.000
1316194,Baerbel,t,2013-05-04 22:48:33.000,2013-05-04 22:48:33.000
1318500,Renate,t,2012-06-22 04:16:01.000,2012-06-22 04:16:01.000
1318886,Florian,t,2018-03-29 10:01:39.000,2018-03-29 10:01:39.000
1322237,Honor,f,2015-03-22 11:08:48.000,2015-03-22 11:08:48.000
1325279,Monique,f,2021-11-19 14:51:14.000,2021-11-19 14:51:14.000
1325711,Roman,f,2016-06-03 18:15:05.000,2016-06-03 18:15:05.000
1328204,Jairo,f,2012-09-19 09:09:54.000,2012-09-19 09:09:54.000
1328326,Wolfram,f,2012-01-16 04:09:52.000,2012-01-16 04:09:52.000
1332388,Rosita,f,2013-02-10 23:57:51.000,2013-02-10 23:57:51.000
1338050,Jean-Jacques,f,2017-03-14 23:47:08.000,2017-03-14 23:47:08.000
1338633,David And Kent,f,2020-03-20 02:00:49.000,2020-03-20 02:00:49.000
1338919,Thomas,f,2019-08-06 01:03:48.000,2019-08-06 01:03:48.000
1341650,Edmond,f,2016-11-16 12:59:43.000,2016-11-16 12:59:43.000
1341919,Stephanie,f,2018-04-14 09:25:56.000,2018-04-14 09:25:56.000
1343263,Agnieszka,t,2012-06-21 10:33:53.000,2012-06-21 10:33:53.000
1344455,Wolfram,f,2011-12-26 00:06:14.000,2011-12-26 00:06:14.000
1344754,Bwk,f,2014-09-20 19:43:11.000,2014-09-20 19:43:11.000
1345035,Sylvia,t,2012-10-14 13:44:00.000,2012-10-14 13:44:00.000
1345381,Ulrike Und Kai,t,2012-08-22 04:25:48.000,2012-08-22 04:25:48.000
1351506,Christian,f,2017-02-26 17:39:42.000,2017-02-26 17:39:42.000
1352204,Vlad And Kristina,t,2019-10-22 14:17:34.000,2019-10-22 14:17:34.000
1352296,Pierre,f,2018-04-29 21:42:47.000,2018-04-29 21:42:47.000
1354122,Heike & Heinrich,t,2012-05-27 23:27:26.000,2012-05-27 23:27:26.000
1356465,Ali,f,2021-10-26 22:08:44.000,2021-10-26 22:08:44.000
1361440,Robert,t,2021-03-26 10:05:03.000,2021-03-26 10:05:03.000
1365290,Till,f,2018-02-23 02:10:14.000,2018-02-23 02:10:14.000
1367805,Marianne,t,2013-05-30 16:32:55.000,2013-05-30 16:32:55.000
1376485,Rosi,f,2016-03-23 22:34:30.000,2016-03-23 22:34:30.000
1385793,Maja,t,2018-09-27 08:34:51.000,2018-09-27 08:34:51.000
1386260,Sara,f,2018-01-28 15:22:17.000,2018-01-28 15:22:17.000
1391328,Nikolaus,f,2018-04-16 23:42:19.000,2018-04-16 23:42:19.000
1391772,Sunflower Hostel,f,2014-05-31 12:16:43.000,2014-05-31 12:16:43.000
1394961,Antonella,f,2012-06-27 15:10:54.000,2012-06-27 15:10:54.000
1395425,Hansjörg,f,2014-09-03 09:38:03.000,2014-09-03 09:38:03.000
1397552,Sam,f,2012-08-02 20:59:49.000,2012-08-02 20:59:49.000
1398628,J. Ray,f,2016-02-27 14:18:26.000,2016-02-27 14:18:26.000
1399741,Michelle,t,2016-02-10 23:13:17.000,2016-02-10 23:13:17.000
1404760,Frank,t,2014-03-08 22:36:44.000,2014-03-08 22:36:44.000
1407041,Danny,t,2018-06-03 21:51:02.000,2018-06-03 21:51:02.000
1408921,Dieter,f,2014-11-05 13:45:09.000,2014-11-05 13:45:09.000
1409188,Peter,f,2013-04-18 00:21:33.000,2013-04-18 00:21:33.000
1410977,Liat And Jef,f,2015-05-15 21:29:06.000,2015-05-15 21:29:06.000
1411715,L. Anabel,f,2018-06-24 12:40:53.000,2018-06-24 12:40:53.000
1416881,Cristina,f,2018-12-11 12:38:48.000,2018-12-11 12:38:48.000
1418069,Samantha,f,2021-10-28 08:57:35.000,2021-10-28 08:57:35.000
1420077,Kai,t,2012-05-21 16:39:52.000,2012-05-21 16:39:52.000
1422088,Gabriele,t,2021-03-19 06:38:36.000,2021-03-19 06:38:36.000
1424914,Thomas,t,2019-06-02 09:57:30.000,2019-06-02 09:57:30.000
1425336,A. Franziska,f,2017-10-14 17:16:59.000,2017-10-14 17:16:59.000
1425903,Stephane,f,2014-07-30 02:05:51.000,2014-07-30 02:05:51.000
1428852,Jane,t,2012-05-01 18:54:19.000,2012-05-01 18:54:19.000
1435273,OTA-Berlin,f,2016-02-13 23:07:47.000,2016-02-13 23:07:47.000
1439762,Martin,f,2016-12-28 12:49:07.000,2016-12-28 12:49:07.000
1441706,Roman,f,2016-03-22 07:35:40.000,2016-03-22 07:35:40.000
1442207,Anna,f,2016-09-03 05:00:08.000,2016-09-03 05:00:08.000
1450795,Camilla,t,2013-07-27 22:48:39.000,2013-07-27 22:48:39.000
1452057,Michael,t,2016-06-24 17:39:41.000,2016-06-24 17:39:41.000
1452254,Elly,f,2018-02-19 10:11:47.000,2018-02-19 10:11:47.000
1452860,Isa,f,2016-10-14 12:40:13.000,2016-10-14 12:40:13.000
1453075,Daniel,f,2012-06-25 12:45:33.000,2012-06-25 12:45:33.000
1453323,Mathis,f,2016-07-12 14:31:49.000,2016-07-12 14:31:49.000
1456496,Kevin,f,2016-03-24 05:49:46.000,2016-03-24 05:49:46.000
1456634,Annabella,f,2012-12-26 11:57:14.000,2012-12-26 11:57:14.000
1456872,Dot,f,2012-02-24 03:28:58.000,2012-02-24 03:28:58.000
1459571,Caren,f,2015-06-27 06:46:01.000,2015-06-27 06:46:01.000
1463578,Mat,f,2015-12-19 10:02:30.000,2015-12-19 10:02:30.000
1464437,Boris,t,2018-09-11 09:35:40.000,2018-09-11 09:35:40.000
1466063,Axel Und Anne,t,2014-02-12 09:06:25.000,2014-02-12 09:06:25.000
1472760,Martin,t,2017-07-01 09:52:30.000,2017-07-01 09:52:30.000
1473572,Igor,f,2015-12-26 01:29:36.000,2015-12-26 01:29:36.000
1474879,Christin,f,2021-10-26 23:23:12.000,2021-10-26 23:23:12.000
1475071,Anja,f,2021-10-25 00:00:35.000,2021-10-25 00:00:35.000
1476857,Antonio,f,2021-07-01 09:33:01.000,2021-07-01 09:33:01.000
1479482,Yashi,f,2020-08-11 01:12:05.000,2020-08-11 01:12:05.000
1482482,Andrea & Erich,f,2021-10-27 21:21:06.000,2021-10-27 21:21:06.000
1482815,Grit,f,2012-07-10 21:10:55.000,2012-07-10 21:10:55.000
1483789,Thomas,t,2012-10-02 11:29:17.000,2012-10-02 11:29:17.000
1483874,Kathrin,f,2015-05-06 04:10:22.000,2015-05-06 04:10:22.000
1486057,Nico&Jill,f,2021-11-12 18:03:26.000,2021-11-12 18:03:26.000
1496069,Oliver,f,2019-02-17 04:22:44.000,2019-02-17 04:22:44.000
1498377,Eliaz,f,2021-09-13 06:21:53.000,2021-09-13 06:21:53.000
1500109,Melanie,f,2016-04-27 22:42:35.000,2016-04-27 22:42:35.000
1500683,Stefan,t,2013-11-06 20:37:33.000,2013-11-06 20:37:33.000
1500996,Kurt,f,2021-10-28 17:53:26.000,2021-10-28 17:53:26.000
1503906,Natalie,f,2021-10-23 15:38:31.000,2021-10-23 15:38:31.000
1504247,Masha,f,2016-03-22 07:45:22.000,2016-03-22 07:45:22.000
1509514,Andrea,f,2019-05-05 16:10:54.000,2019-05-05 16:10:54.000
1509585,Nicolas,f,2014-02-10 20:17:13.000,2014-02-10 20:17:13.000
1517951,Claudia,f,2012-12-22 00:30:02.000,2012-12-22 00:30:02.000
1518361,Inna,f,2017-07-28 17:28:04.000,2017-07-28 17:28:04.000
1530015,F.,f,2014-12-20 00:50:29.000,2014-12-20 00:50:29.000
1531988,Anna,t,2018-09-04 20:02:01.000,2018-09-04 20:02:01.000
1533440,Johannes,f,2014-11-18 10:58:08.000,2014-11-18 10:58:08.000
1533481,Klaus,f,2021-10-29 05:38:55.000,2021-10-29 05:38:55.000
1537210,Julian,f,2015-08-01 00:46:26.000,2015-08-01 00:46:26.000
1539015,Dan,f,2014-08-30 11:20:12.000,2014-08-30 11:20:12.000
1539097,Cécile,f,2014-05-07 18:12:13.000,2014-05-07 18:12:13.000
1546071,Jana,t,2019-01-24 12:21:42.000,2019-01-24 12:21:42.000
1554320,Tanya,f,2021-07-04 01:13:06.000,2021-07-04 01:13:06.000
1554470,Hendrik,f,2012-09-23 17:43:20.000,2012-09-23 17:43:20.000
1560726,Ann-Katrin,f,2012-07-10 08:14:31.000,2012-07-10 08:14:31.000
1560984,Behrad,f,2018-05-26 05:13:29.000,2018-05-26 05:13:29.000
1561180,Daniel,t,2019-05-20 04:34:24.000,2019-05-20 04:34:24.000
1565883,Karl,f,2016-12-24 06:24:30.000,2016-12-24 06:24:30.000
1569420,Linda,f,2019-09-27 23:11:19.000,2019-09-27 23:11:19.000
1569934,Norman,f,2021-10-28 11:35:33.000,2021-10-28 11:35:33.000
1571610,Sebastian,f,2021-07-31 17:15:54.000,2021-07-31 17:15:54.000
1574908,Jürgen,f,2016-08-01 18:41:35.000,2016-08-01 18:41:35.000
1575292,Michel,t,2012-03-17 19:01:27.000,2012-03-17 19:01:27.000
1576481,Norman,f,2016-09-10 09:41:39.000,2016-09-10 09:41:39.000
1581930,Darius,t,2015-07-08 16:23:35.000,2015-07-08 16:23:35.000
1584766,Frank,f,2013-03-26 18:58:57.000,2013-03-26 18:58:57.000
1587756,Susan,f,2017-09-21 20:12:22.000,2017-09-21 20:12:22.000
1590172,Kilian,f,2014-03-19 01:01:03.000,2014-03-19 01:01:03.000
1591761,Mauricio,f,2012-01-16 20:21:33.000,2012-01-16 20:21:33.000
1594352,Angelika,f,2016-06-22 18:05:28.000,2016-06-22 18:05:28.000
1594734,Tao,f,2021-11-03 15:10:13.000,2021-11-03 15:10:13.000
1602903,Kathrin,t,2012-05-19 02:55:34.000,2012-05-19 02:55:34.000
1602922,Stefan,f,2014-10-06 02:57:33.000,2014-10-06 02:57:33.000
1605477,Konrad,f,2018-02-04 11:34:20.000,2018-02-04 11:34:20.000
1613303,Kimberly,f,2018-04-22 16:34:37.000,2018-04-22 16:34:37.000
1614923,Franziska,f,2018-03-22 02:29:14.000,2018-03-22 02:29:14.000
1625671,Laura,f,2018-03-13 09:44:19.000,2018-03-13 09:44:19.000
1625771,Primeflats,f,2017-04-03 01:19:18.000,2017-04-03 01:19:18.000
1625792,Ursula,f,2012-09-24 15:09:30.000,2012-09-24 15:09:30.000
1629448,Claudia,f,2013-05-05 07:41:47.000,2013-05-05 07:41:47.000
1636437,Simon,f,2014-09-22 16:41:40.000,2014-09-22 16:41:40.000
1636827,Gregory,f,2014-07-15 20:59:56.000,2014-07-15 20:59:56.000
1641505,Sterni,f,2014-05-24 21:41:57.000,2014-05-24 21:41:57.000
1641541,Stamatis,t,2013-04-27 21:04:37.000,2013-04-27 21:04:37.000
1641549,Greg,f,2012-12-21 05:17:22.000,2012-12-21 05:17:22.000
1642790,Ryan,f,2021-10-30 15:48:31.000,2021-10-30 15:48:31.000
1644092,Ulrike,t,2015-02-08 07:51:47.000,2015-02-08 07:51:47.000
1647574,Jannis,f,2016-05-15 06:28:01.000,2016-05-15 06:28:01.000
1650147,Esther,f,2014-12-18 09:22:36.000,2014-12-18 09:22:36.000
1654885,Claudius,f,2012-02-09 19:21:31.000,2012-02-09 19:21:31.000
1655107,Anne-Catherine,f,2015-08-03 00:09:57.000,2015-08-03 00:09:57.000
1655491,Anna,f,2021-11-09 04:06:12.000,2021-11-09 04:06:12.000
1656834,Seref,f,2021-11-10 16:47:47.000,2021-11-10 16:47:47.000
1657289,Emily,f,2018-08-19 03:49:34.000,2018-08-19 03:49:34.000
1659928,Laura,f,2016-05-15 05:52:00.000,2016-05-15 05:52:00.000
1663860,Fried,f,2017-02-04 21:15:32.000,2017-02-04 21:15:32.000
1665242,Marjolein,f,2019-09-01 22:01:20.000,2019-09-01 22:01:20.000
1668497,Tom,f,2016-06-23 04:09:59.000,2016-06-23 04:09:59.000
1669753,Alexander,f,2020-07-31 14:20:05.000,2020-07-31 14:20:05.000
1670453,Norbert,t,2017-10-31 03:54:00.000,2017-10-31 03:54:00.000
1673681,David,f,2012-04-15 16:43:22.000,2012-04-15 16:43:22.000
1681294,Sophie,f,2021-10-21 14:31:35.000,2021-10-21 14:31:35.000
1682922,Florian,f,2012-06-15 14:38:51.000,2012-06-15 14:38:51.000
1688257,Camilla,f,2021-07-16 03:31:23.000,2021-07-16 03:31:23.000
1706643,Elly,f,2016-10-13 16:49:38.000,2016-10-13 16:49:38.000
1712104,Audrey,f,2017-03-27 07:34:18.000,2017-03-27 07:34:18.000
1714986,Troels,f,2021-11-06 01:09:32.000,2021-11-06 01:09:32.000
1716319,Xavi,f,2016-03-17 11:10:31.000,2016-03-17 11:10:31.000
1717834,Sacha,f,2021-11-10 18:44:42.000,2021-11-10 18:44:42.000
1718393,Anna,f,2017-07-20 08:17:55.000,2017-07-20 08:17:55.000
1719111,Ridvan,f,2017-07-29 05:32:39.000,2017-07-29 05:32:39.000
1725065,Dan,f,2014-10-27 15:04:59.000,2014-10-27 15:04:59.000
1725729,Tiziana,t,2015-08-28 16:29:24.000,2015-08-28 16:29:24.000
1734792,Peter,f,2012-03-01 05:50:41.000,2012-03-01 05:50:41.000
1739169,Crisse,f,2015-06-20 07:22:44.000,2015-06-20 07:22:44.000
1740722,Lina,f,2017-05-10 06:11:10.000,2017-05-10 06:11:10.000
1749204,Davide,f,2021-07-06 13:51:00.000,2021-07-06 13:51:00.000
1749470,Apostolos,t,2013-10-27 18:59:07.000,2013-10-27 18:59:07.000
1754107,Jared,f,2021-08-28 04:05:04.000,2021-08-28 04:05:04.000
1756514,Louis,t,2018-10-01 20:34:43.000,2018-10-01 20:34:43.000
1757016,Christine,f,2020-01-19 12:46:05.000,2020-01-19 12:46:05.000
1760878,Balázs,t,2019-07-23 23:29:17.000,2019-07-23 23:29:17.000
1762059,Rebecca,f,2018-05-01 13:18:49.000,2018-05-01 13:18:49.000
1764102,Dirk Tree,f,2021-09-26 11:31:32.000,2021-09-26 11:31:32.000
1765249,Eliza,f,2017-04-25 03:37:53.000,2017-04-25 03:37:53.000
1771050,Harri,f,2015-07-13 23:17:54.000,2015-07-13 23:17:54.000
1775011,Alex,f,2013-03-22 11:21:17.000,2013-03-22 11:21:17.000
1784943,David,f,2015-05-28 04:36:18.000,2015-05-28 04:36:18.000
1787661,Benjamin,t,2012-04-20 13:57:31.000,2012-04-20 13:57:31.000
1790377,David,f,2021-10-27 22:47:14.000,2021-10-27 22:47:14.000
1793285,Patrick J.,f,2015-06-02 14:58:45.000,2015-06-02 14:58:45.000
1798305,Catherina,f,2012-06-25 20:23:47.000,2012-06-25 20:23:47.000
1798949,Peter G.,f,2019-01-09 12:01:14.000,2019-01-09 12:01:14.000
1799516,Ljubomira,f,2013-07-29 21:02:11.000,2013-07-29 21:02:11.000
1802005,Veronica,t,2018-08-26 17:39:29.000,2018-08-26 17:39:29.000
1805616,Fridolin,f,2014-04-17 22:49:25.000,2014-04-17 22:49:25.000
1810356,Fredrik,f,2018-01-27 04:33:07.000,2018-01-27 04:33:07.000
1810572,Franziska,f,2019-09-18 15:15:58.000,2019-09-18 15:15:58.000
1813320,John,f,2021-10-29 08:05:01.000,2021-10-29 08:05:01.000
1819213,Eva,f,2021-11-19 14:14:14.000,2021-11-19 14:14:14.000
1819907,Martin,t,2016-09-02 22:40:41.000,2016-09-02 22:40:41.000
1823098,Eleni,t,2015-07-21 02:03:58.000,2015-07-21 02:03:58.000
1827475,Annika,f,2014-05-16 00:17:56.000,2014-05-16 00:17:56.000
1831770,Johannes,f,2015-09-28 02:43:26.000,2015-09-28 02:43:26.000
1832975,Ursula,t,2012-04-13 14:06:54.000,2012-04-13 14:06:54.000
1833946,Johannes,f,2012-05-02 11:14:51.000,2012-05-02 11:14:51.000
1836439,Alexander,t,2012-07-29 16:52:50.000,2012-07-29 16:52:50.000
1836806,Zoey,f,2018-10-10 10:15:53.000,2018-10-10 10:15:53.000
1838901,William,f,2019-05-31 18:37:34.000,2019-05-31 18:37:34.000
1843138,Andre,t,2016-02-04 09:21:37.000,2016-02-04 09:21:37.000
1845374,Anna,t,2018-02-17 22:49:18.000,2018-02-17 22:49:18.000
1853661,Kirk,f,2012-08-06 06:26:11.000,2012-08-06 06:26:11.000
1855344,Katharina,f,2019-07-27 17:10:16.000,2019-07-27 17:10:16.000
1855964,Benjamin,f,2016-04-29 01:07:16.000,2016-04-29 01:07:16.000
1857506,Giuseppe,f,2021-10-24 01:26:55.000,2021-10-24 01:26:55.000
1868304,Juliette,f,2021-10-25 20:58:09.000,2021-10-25 20:58:09.000
1872413,Ekaterina&Jens,f,2016-05-26 00:06:23.000,2016-05-26 00:06:23.000
1875364,Clemens,f,2019-09-04 03:50:57.000,2019-09-04 03:50:57.000
1878115,Dax,f,2021-11-14 12:25:37.000,2021-11-14 12:25:37.000
1882301,Eva,f,2021-11-05 18:19:32.000,2021-11-05 18:19:32.000
1885286,Theresa,t,2019-04-13 22:47:09.000,2019-04-13 22:47:09.000
1886199,Sandy,t,2019-07-21 19:03:19.000,2019-07-21 19:03:19.000
1888120,Natalie,t,2016-07-31 00:34:24.000,2016-07-31 00:34:24.000
1899789,Mieke,f,2014-05-27 14:29:57.000,2014-05-27 14:29:57.000
1902589,Alessandra,f,2016-03-17 12:51:40.000,2016-03-17 12:51:40.000
1903768,Gregor,t,2012-07-03 22:26:50.000,2012-07-03 22:26:50.000
1907484,Marc,f,2012-08-17 16:38:32.000,2012-08-17 16:38:32.000
1910903,Tom,f,2013-05-20 04:57:23.000,2013-05-20 04:57:23.000
1913160,Angela,f,2018-12-25 14:24:06.000,2018-12-25 14:24:06.000
1914346,Angela,t,2015-10-31 22:44:08.000,2015-10-31 22:44:08.000
1915791,Andrei,f,2021-11-19 11:52:26.000,2021-11-19 11:52:26.000
1920049,Liane,f,2017-09-24 22:24:36.000,2017-09-24 22:24:36.000
1927809,Maja,f,2021-11-05 06:14:39.000,2021-11-05 06:14:39.000
1928335,Nico,f,2013-09-09 18:59:04.000,2013-09-09 18:59:04.000
1929354,Belen,f,2015-08-14 22:17:18.000,2015-08-14 22:17:18.000
1933252,Esther,f,2013-04-27 13:50:43.000,2013-04-27 13:50:43.000
1935904,Loni,f,2015-03-27 00:30:50.000,2015-03-27 00:30:50.000
1937653,Carolina,f,2016-10-24 22:15:42.000,2016-10-24 22:15:42.000
1938546,Barbara,f,2015-03-28 00:28:26.000,2015-03-28 00:28:26.000
1943469,Carmen,f,2021-11-02 13:08:36.000,2021-11-02 13:08:36.000
1964647,Leo,f,2019-12-25 14:18:33.000,2019-12-25 14:18:33.000
1966724,Lukas,f,2015-11-17 10:30:56.000,2015-11-17 10:30:56.000
1968246,Sabine,f,2012-04-07 17:41:38.000,2012-04-07 17:41:38.000
1968432,Stefan,f,2021-04-27 19:12:37.000,2021-04-27 19:12:37.000
1974112,Martin,f,2021-01-26 10:16:21.000,2021-01-26 10:16:21.000
1974232,Caro,f,2015-04-04 13:42:41.000,2015-04-04 13:42:41.000
1974695,Katharina,f,2013-05-08 11:18:07.000,2013-05-08 11:18:07.000
1976755,Elena,f,2020-09-02 11:59:03.000,2020-09-02 11:59:03.000
1977531,Lu,t,2017-05-20 10:29:01.000,2017-05-20 10:29:01.000
1980057,Maria,t,2018-08-21 22:34:20.000,2018-08-21 22:34:20.000
1981166,Ilka,f,2012-08-23 16:17:35.000,2012-08-23 16:17:35.000
1992886,Lukas,t,2012-04-24 13:37:34.000,2012-04-24 13:37:34.000
1993885,Caroline,f,2021-07-17 17:19:45.000,2021-07-17 17:19:45.000
1994169,Anaís,f,2012-07-12 12:50:58.000,2012-07-12 12:50:58.000
1999307,Igor,t,2018-03-25 21:17:02.000,2018-03-25 21:17:02.000
1999892,Doris,f,2014-09-13 23:06:21.000,2014-09-13 23:06:21.000
2003254,Alexis,t,2019-07-23 16:21:03.000,2019-07-23 16:21:03.000
2003296,Beatrice,f,2018-02-25 18:05:43.000,2018-02-25 18:05:43.000
2005818,Elisabeth,f,2020-06-20 11:57:21.000,2020-06-20 11:57:21.000
2008587,Nicola,t,2017-01-19 14:35:48.000,2017-01-19 14:35:48.000
2010690,Beata,f,2021-11-09 00:16:31.000,2021-11-09 00:16:31.000
2011296,Lars,f,2017-05-19 19:10:20.000,2017-05-19 19:10:20.000
2012621,Peter & Theresia,f,2021-10-30 23:20:07.000,2021-10-30 23:20:07.000
2015311,Valerie,f,2017-12-29 07:31:27.000,2017-12-29 07:31:27.000
2017884,Claudia,f,2015-04-20 20:17:49.000,2015-04-20 20:17:49.000
2018430,Kemal,f,2014-06-08 13:06:50.000,2014-06-08 13:06:50.000
2019165,Pauline,f,2021-10-21 18:32:51.000,2021-10-21 18:32:51.000
2020051,Jue,f,2021-10-27 08:30:30.000,2021-10-27 08:30:30.000
2026414,Martin,f,2019-03-04 10:43:06.000,2019-03-04 10:43:06.000
2028853,Gritta,t,2012-09-12 06:08:28.000,2012-09-12 06:08:28.000
2029654,Martin,f,2021-10-30 08:51:22.000,2021-10-30 08:51:22.000
2029943,Sunny,f,2015-06-23 22:54:03.000,2015-06-23 22:54:03.000
2033403,Anastasia,f,2017-07-19 21:18:09.000,2017-07-19 21:18:09.000
2035424,Björn,f,2012-08-01 17:15:54.000,2012-08-01 17:15:54.000
2036577,Jana,f,2016-07-14 06:41:21.000,2016-07-14 06:41:21.000
2041054,John,t,2015-05-12 07:37:35.000,2015-05-12 07:37:35.000
2041077,Angelica,f,2012-10-26 09:58:08.000,2012-10-26 09:58:08.000
2041933,Gorun,f,2014-03-11 18:45:32.000,2014-03-11 18:45:32.000
2043747,Olga,f,2021-10-22 16:18:17.000,2021-10-22 16:18:17.000
2044822,Travis,f,2012-06-10 10:34:02.000,2012-06-10 10:34:02.000
2048760,Stefanie,f,2018-06-13 12:21:25.000,2018-06-13 12:21:25.000
2050560,Murat,f,2013-10-02 22:21:50.000,2013-10-02 22:21:50.000
2054136,Elisabeth,f,2017-09-29 01:47:10.000,2017-09-29 01:47:10.000
2054607,Dana,f,2019-05-20 17:35:31.000,2019-05-20 17:35:31.000
2057801,Serena,f,2016-04-05 01:10:14.000,2016-04-05 01:10:14.000
2065272,Alex Emanuel,f,2019-04-15 09:51:51.000,2019-04-15 09:51:51.000
2071457,Leonora,f,2015-05-30 18:31:18.000,2015-05-30 18:31:18.000
2076430,Miguel,f,2016-09-02 12:22:10.000,2016-09-02 12:22:10.000
2086503,Christian,f,2015-01-01 06:43:00.000,2015-01-01 06:43:00.000
2088694,Sarah,f,2014-09-16 07:45:49.000,2014-09-16 07:45:49.000
2089041,Tobias,f,2012-05-18 15:51:37.000,2012-05-18 15:51:37.000
2094782,Anja,f,2015-08-13 02:48:55.000,2015-08-13 02:48:55.000
2098554,Andrea,f,2021-11-07 12:54:17.000,2021-11-07 12:54:17.000
2099340,Amanda,f,2019-06-18 16:25:19.000,2019-06-18 16:25:19.000
2100173,Nicolai,f,2021-10-23 17:04:05.000,2021-10-23 17:04:05.000
2105363,Judy,f,2021-06-27 11:51:09.000,2021-06-27 11:51:09.000
2108684,Elena,f,2021-11-05 23:22:48.000,2021-11-05 23:22:48.000
2110326,Nina,f,2018-07-13 10:34:59.000,2018-07-13 10:34:59.000
2110953,Paulo,t,2017-09-30 10:37:36.000,2017-09-30 10:37:36.000
2111481,Andres,f,2021-08-22 14:36:46.000,2021-08-22 14:36:46.000
2115002,Hans,t,2012-04-21 14:18:50.000,2012-04-21 14:18:50.000
2118401,Dirk,f,2016-01-13 14:29:18.000,2016-01-13 14:29:18.000
2118555,Eric,f,2012-05-22 14:06:05.000,2012-05-22 14:06:05.000
2119666,Maria,f,2021-09-04 12:46:32.000,2021-09-04 12:46:32.000
2124971,Thorben,f,2017-05-16 07:11:45.000,2017-05-16 07:11:45.000
2126471,Shai,f,2015-06-06 01:32:19.000,2015-06-06 01:32:19.000
2126824,Christina,f,2014-07-08 02:04:33.000,2014-07-08 02:04:33.000
2133209,Julie,f,2021-11-07 19:10:24.000,2021-11-07 19:10:24.000
2134217,Jan,f,2017-08-02 21:34:02.000,2017-08-02 21:34:02.000
2139133,Julian,f,2016-09-21 22:38:31.000,2016-09-21 22:38:31.000
2140847,Cannelle,f,2016-06-05 02:45:06.000,2016-06-05 02:45:06.000
2141958,Karima,f,2019-09-24 14:10:08.000,2019-09-24 14:10:08.000
2158214,Diarmaid,t,2016-07-17 14:21:20.000,2016-07-17 14:21:20.000
2159758,Julia,f,2017-12-19 08:47:19.000,2017-12-19 08:47:19.000
2170462,Linda And Sebastien,f,2019-07-04 23:06:32.000,2019-07-04 23:06:32.000
2176940,Ian,f,2021-11-11 00:00:16.000,2021-11-11 00:00:16.000
2178724,Victoria,f,2014-05-12 16:37:36.000,2014-05-12 16:37:36.000
2179135,Tina,f,2018-01-30 05:59:37.000,2018-01-30 05:59:37.000
2183595,Angel,f,2018-04-18 19:22:01.000,2018-04-18 19:22:01.000
2190779,Felix,f,2013-08-26 15:16:57.000,2013-08-26 15:16:57.000
2202419,Katrin,t,2012-09-09 06:09:53.000,2012-09-09 06:09:53.000
2203114,Chi,f,2017-09-25 08:27:17.000,2017-09-25 08:27:17.000
2203358,Gustavo,f,2019-03-27 16:39:29.000,2019-03-27 16:39:29.000
2209550,Pola,f,2016-07-02 02:54:13.000,2016-07-02 02:54:13.000
2211409,Tatjana,f,2016-07-17 21:18:50.000,2016-07-17 21:18:50.000
2213775,Anne,f,2014-10-13 09:04:13.000,2014-10-13 09:04:13.000
2214923,Henrik,t,2017-06-25 06:57:36.000,2017-06-25 06:57:36.000
2219552,Kerstin,t,2013-03-20 15:01:58.000,2013-03-20 15:01:58.000
2226955,Ross,f,2014-07-19 06:12:03.000,2014-07-19 06:12:03.000
2228341,Delphine,t,2020-09-07 07:43:16.000,2020-09-07 07:43:16.000
2231026,Ingo,f,2021-10-31 21:28:35.000,2021-10-31 21:28:35.000
2234446,Mourad,f,2014-07-12 18:44:22.000,2014-07-12 18:44:22.000
2245764,Ross,f,2017-08-29 20:37:58.000,2017-08-29 20:37:58.000
2246793,Rukshana,f,2016-01-19 07:25:28.000,2016-01-19 07:25:28.000
2247027,Jacopo,f,2014-12-23 17:50:23.000,2014-12-23 17:50:23.000
2254821,Alexander,f,2018-07-17 08:27:46.000,2018-07-17 08:27:46.000
2254959,Tom,t,2020-07-18 17:37:17.000,2020-07-18 17:37:17.000
2262593,Christoph,t,2016-08-12 10:19:32.000,2016-08-12 10:19:32.000
2264025,Wibke,t,2016-07-21 20:18:55.000,2016-07-21 20:18:55.000
2266593,Gudrun,f,2012-05-08 22:37:53.000,2012-05-08 22:37:53.000
2271635,Milos,f,2016-06-29 08:44:06.000,2016-06-29 08:44:06.000
2271792,Stefan,t,2012-07-29 13:10:53.000,2012-07-29 13:10:53.000
2273054,Karlheinz,f,2012-09-04 09:40:02.000,2012-09-04 09:40:02.000
2276858,Kathie,f,2021-10-31 20:12:30.000,2021-10-31 20:12:30.000
2277423,Antonia,f,2015-03-21 07:09:14.000,2015-03-21 07:09:14.000
2283051,Philip,t,2016-08-04 09:37:07.000,2016-08-04 09:37:07.000
2289162,Catherine,f,2021-10-29 00:24:36.000,2021-10-29 00:24:36.000
2291789,Hannes,f,2021-09-04 19:55:47.000,2021-09-04 19:55:47.000
2295395,Klaus,t,2014-06-30 04:43:47.000,2014-06-30 04:43:47.000
2295563,Frank,f,2017-08-28 03:00:33.000,2017-08-28 03:00:33.000
2299948,Gerte,f,2021-11-12 10:11:23.000,2021-11-12 10:11:23.000
2302751,Celina,f,2019-01-11 20:19:59.000,2019-01-11 20:19:59.000
2305159,Adam,f,2015-12-26 22:23:59.000,2015-12-26 22:23:59.000
2307050,Johannes,f,2017-04-12 02:48:01.000,2017-04-12 02:48:01.000
2310258,Birgit,f,2020-09-11 22:41:32.000,2020-09-11 22:41:32.000
2313349,Tina,f,2021-11-06 23:40:11.000,2021-11-06 23:40:11.000
2313377,Julia,f,2016-10-30 17:22:41.000,2016-10-30 17:22:41.000
2314347,Julianna,f,2017-12-21 19:02:27.000,2017-12-21 19:02:27.000
2315135,Cornelius,f,2020-01-28 09:43:06.000,2020-01-28 09:43:06.000
2315378,Laura,f,2018-02-16 01:59:10.000,2018-02-16 01:59:10.000
2319477,Walter,f,2019-09-06 22:23:39.000,2019-09-06 22:23:39.000
2323887,Iv,f,2021-11-09 15:19:01.000,2021-11-09 15:19:01.000
2327731,Anna,f,2021-10-30 05:23:58.000,2021-10-30 05:23:58.000
2331454,Ann,t,2017-07-22 03:39:05.000,2017-07-22 03:39:05.000
2331641,Patricia,f,2015-04-13 17:40:09.000,2015-04-13 17:40:09.000
2338605,Sabrina,f,2012-06-24 07:27:54.000,2012-06-24 07:27:54.000
2342312,Irit,f,2015-11-14 07:35:16.000,2015-11-14 07:35:16.000
2344056,Dale,f,2015-05-17 03:39:22.000,2015-05-17 03:39:22.000
2346244,Anya,f,2016-09-25 12:02:15.000,2016-09-25 12:02:15.000
2346901,Victoria,f,2021-09-11 12:43:39.000,2021-09-11 12:43:39.000
2347025,Alex,t,2012-07-07 05:15:17.000,2012-07-07 05:15:17.000
2354578,Carola,t,2019-04-03 13:59:07.000,2019-04-03 13:59:07.000
2355449,Nadia,t,2017-08-03 07:44:08.000,2017-08-03 07:44:08.000
2360599,Christian,f,2020-01-14 07:18:45.000,2020-01-14 07:18:45.000
2360669,Atalya,f,2018-05-30 18:49:21.000,2018-05-30 18:49:21.000
2366664,Torsten,t,2012-07-28 19:16:17.000,2012-07-28 19:16:17.000
2366721,Anna,t,2018-12-23 07:08:59.000,2018-12-23 07:08:59.000
2368302,Viktoria,f,2012-06-21 19:37:33.000,2012-06-21 19:37:33.000
2368319,Jan,f,2016-09-10 20:17:22.000,2016-09-10 20:17:22.000
2371986,Ansgar,f,2018-07-20 18:39:38.000,2018-07-20 18:39:38.000
2372987,Luisa,f,2016-02-28 16:47:47.000,2016-02-28 16:47:47.000
2376157,Lili,f,2012-07-22 15:33:52.000,2012-07-22 15:33:52.000
2378502,Dieter,f,2021-10-28 19:39:08.000,2021-10-28 19:39:08.000
2381339,Cyrus,f,2019-09-03 08:59:06.000,2019-09-03 08:59:06.000
2388497,Morgan,f,2017-09-14 13:36:35.000,2017-09-14 13:36:35.000
2390305,Jutta,t,2015-05-26 23:52:07.000,2015-05-26 23:52:07.000
2404600,Jürgen,f,2014-12-19 09:27:19.000,2014-12-19 09:27:19.000
2405117,Tanja,f,2017-08-14 06:54:35.000,2017-08-14 06:54:35.000
2406372,Alexandra,f,2012-05-18 12:15:01.000,2012-05-18 12:15:01.000
2411069,Carl,f,2012-06-07 07:57:31.000,2012-06-07 07:57:31.000
2412944,Magdalena,f,2021-11-19 11:23:17.000,2021-11-19 11:23:17.000
2414122,Manuel,f,2021-11-15 12:44:22.000,2021-11-15 12:44:22.000
2415122,Heinrich,t,2012-06-30 03:55:33.000,2012-06-30 03:55:33.000
2418716,Vero,f,2021-07-15 05:40:04.000,2021-07-15 05:40:04.000
2423614,Youka,f,2019-12-08 06:59:34.000,2019-12-08 06:59:34.000
2423835,Joy,f,2019-04-07 10:25:10.000,2019-04-07 10:25:10.000
2425138,Guillaume,f,2017-07-12 13:10:44.000,2017-07-12 13:10:44.000
2425543,Boris,f,2017-02-03 11:27:51.000,2017-02-03 11:27:51.000
2425660,Carla,f,2021-10-21 05:23:58.000,2021-10-21 05:23:58.000
2426083,Jo,f,2014-08-18 23:56:39.000,2014-08-18 23:56:39.000
2426735,Salva,f,2015-09-28 12:15:01.000,2015-09-28 12:15:01.000
2429694,Veronika,f,2016-05-01 17:25:25.000,2016-05-01 17:25:25.000
2431409,Steffen,t,2017-06-22 22:45:06.000,2017-06-22 22:45:06.000
2436760,Brigitte,f,2015-10-04 02:00:58.000,2015-10-04 02:00:58.000
2437043,Karim,f,2018-07-10 16:31:10.000,2018-07-10 16:31:10.000
2437942,Marius,f,2015-10-28 16:56:33.000,2015-10-28 16:56:33.000
2441076,Robin,f,2015-12-13 01:25:06.000,2015-12-13 01:25:06.000
2444824,Alexander,f,2018-06-30 11:34:01.000,2018-06-30 11:34:01.000
2446178,Danni,t,2015-04-12 02:45:51.000,2015-04-12 02:45:51.000
2449119,Natalija,f,2021-10-30 23:22:50.000,2021-10-30 23:22:50.000
2455803,Jill,f,2019-09-13 02:06:31.000,2019-09-13 02:06:31.000
2456935,Belal,f,2015-05-19 01:05:45.000,2015-05-19 01:05:45.000
2468015,Reuben And Jekaterina,f,2012-12-28 02:53:07.000,2012-12-28 02:53:07.000
2469266,Haggai & Kira,f,2018-07-20 00:03:40.000,2018-07-20 00:03:40.000
2470260,Izabela,f,2019-03-03 05:57:30.000,2019-03-03 05:57:30.000
2470983,Andreas,f,2020-08-29 06:06:34.000,2020-08-29 06:06:34.000
2475800,Nicolas & Anna,f,2013-08-12 13:50:25.000,2013-08-12 13:50:25.000
2480274,Marfisa,f,2012-07-04 05:56:01.000,2012-07-04 05:56:01.000
2480580,Isabelle,f,2018-09-21 15:37:57.000,2018-09-21 15:37:57.000
2482148,Gökçe,f,2020-07-21 12:33:22.000,2020-07-21 12:33:22.000
2489651,Judith,f,2018-09-17 08:10:12.000,2018-09-17 08:10:12.000
2490335,Annemarie,f,2017-11-12 17:29:57.000,2017-11-12 17:29:57.000
2491785,Julia,f,2017-07-21 09:39:07.000,2017-07-21 09:39:07.000
2494425,Manuel,t,2012-07-24 05:15:41.000,2012-07-24 05:15:41.000
2501428,Frans,f,2015-10-29 11:30:29.000,2015-10-29 11:30:29.000
2507776,Georgios,f,2014-12-26 23:32:47.000,2014-12-26 23:32:47.000
2509903,Philip,f,2018-03-20 23:22:48.000,2018-03-20 23:22:48.000
2512308,Sevda,f,2018-05-19 13:13:32.000,2018-05-19 13:13:32.000
2514198,Lukas,f,2021-11-11 13:33:39.000,2021-11-11 13:33:39.000
2516274,Kali,f,2021-10-25 01:45:12.000,2021-10-25 01:45:12.000
2517631,Miriam,f,2017-03-15 01:15:46.000,2017-03-15 01:15:46.000
2524654,Birgit,f,2014-05-13 02:01:18.000,2014-05-13 02:01:18.000
2525781,Mona,f,2019-12-06 08:44:53.000,2019-12-06 08:44:53.000
2526209,Eleni,f,2021-11-09 01:44:46.000,2021-11-09 01:44:46.000
2526430,Kolja,f,2018-06-12 23:40:20.000,2018-06-12 23:40:20.000
2526970,Vered,f,2017-07-18 09:11:46.000,2017-07-18 09:11:46.000
2536772,Emmanuelle,f,2014-06-14 15:25:59.000,2014-06-14 15:25:59.000
2540089,Nathan,f,2021-08-17 21:32:39.000,2021-08-17 21:32:39.000
2541012,Nenad,f,2019-05-31 02:47:00.000,2019-05-31 02:47:00.000
2541037,Yifat,f,2021-10-25 22:34:02.000,2021-10-25 22:34:02.000
2542845,Jovan,f,2015-06-13 02:46:36.000,2015-06-13 02:46:36.000
2546072,Fedda,f,2019-11-26 09:19:30.000,2019-11-26 09:19:30.000
2547002,Studio A,t,2012-06-18 05:43:57.000,2012-06-18 05:43:57.000
2550020,Thomas,f,2020-01-13 06:55:23.000,2020-01-13 06:55:23.000
2551573,Raissa+Jonathan,f,2017-03-26 06:49:17.000,2017-03-26 06:49:17.000
2551837,Leo,t,2019-03-25 18:33:46.000,2019-03-25 18:33:46.000
2552184,Amber,f,2015-05-25 15:40:33.000,2015-05-25 15:40:33.000
2554492,Judith & Remi,f,2015-03-26 10:36:46.000,2015-03-26 10:36:46.000
2557466,Lida,f,2012-08-28 02:51:58.000,2012-08-28 02:51:58.000
2557505,Berglind,f,2015-11-12 07:10:10.000,2015-11-12 07:10:10.000
2557656,Tibor,f,2021-11-14 15:31:57.000,2021-11-14 15:31:57.000
2558584,Eric,f,2018-05-11 07:10:59.000,2018-05-11 07:10:59.000
2560354,Gitti,f,2021-10-29 12:28:12.000,2021-10-29 12:28:12.000
2561042,Victoria,f,2016-10-04 12:53:37.000,2016-10-04 12:53:37.000
2561273,Anett,f,2012-07-07 04:25:09.000,2012-07-07 04:25:09.000
2569632,Catherine,f,2017-06-06 01:34:09.000,2017-06-06 01:34:09.000
2570291,Marley,f,2016-05-13 14:36:54.000,2016-05-13 14:36:54.000
2571986,Stefan,f,2016-12-14 08:38:57.000,2016-12-14 08:38:57.000
2572213,Michael,f,2013-12-16 02:18:33.000,2013-12-16 02:18:33.000
2573119,Noemia,f,2021-10-23 13:04:32.000,2021-10-23 13:04:32.000
2573238,Ann-Sophie,f,2020-02-07 12:53:12.000,2020-02-07 12:53:12.000
2575230,Nora,f,2021-11-05 01:37:19.000,2021-11-05 01:37:19.000
2575381,Yen,t,2019-09-23 17:57:33.000,2019-09-23 17:57:33.000
2584225,Luke,f,2015-10-20 00:51:58.000,2015-10-20 00:51:58.000
2584800,Zeke,f,2016-09-20 15:44:43.000,2016-09-20 15:44:43.000
2587389,Angela,t,2018-04-24 05:10:29.000,2018-04-24 05:10:29.000
2587611,Klaus,f,2021-11-19 20:20:23.000,2021-11-19 20:20:23.000
2587715,Lili,f,2016-08-24 00:05:06.000,2016-08-24 00:05:06.000
2590654,Mathieu,f,2021-08-09 14:27:57.000,2021-08-09 14:27:57.000
2596064,Jesse,f,2021-10-30 06:56:54.000,2021-10-30 06:56:54.000
2596448,Annika,f,2016-10-21 18:54:34.000,2016-10-21 18:54:34.000
2599754,Sedat,f,2016-12-10 16:47:21.000,2016-12-10 16:47:21.000
2600032,Luke,f,2016-04-09 01:21:39.000,2016-04-09 01:21:39.000
2604680,Regina,f,2018-04-24 22:32:30.000,2018-04-24 22:32:30.000
2608382,Graziela,f,2019-06-23 15:44:14.000,2019-06-23 15:44:14.000
2615605,Maximilian,f,2014-09-10 10:09:46.000,2014-09-10 10:09:46.000
2615665,Max,f,2021-10-23 09:45:04.000,2021-10-23 09:45:04.000
2617098,Jonathan,f,2021-10-31 03:29:01.000,2021-10-31 03:29:01.000
2617508,Ja,f,2015-05-31 21:26:51.000,2015-05-31 21:26:51.000
2619552,Edward,f,2012-06-29 09:05:12.000,2012-06-29 09:05:12.000
2621923,Frank Norbert,t,2012-07-30 13:18:22.000,2012-07-30 13:18:22.000
2625820,Carolina,f,2016-12-18 20:33:46.000,2016-12-18 20:33:46.000
2625980,Michael Girolamo,t,2012-09-08 17:00:54.000,2012-09-08 17:00:54.000
2626550,Mathis,f,2015-07-30 23:37:40.000,2015-07-30 23:37:40.000
2627000,Thomas,t,2013-03-24 01:52:49.000,2013-03-24 01:52:49.000
2639100,Jasmin,f,2019-08-02 13:07:27.000,2019-08-02 13:07:27.000
2647215,Ron & Caro,f,2017-08-11 17:35:53.000,2017-08-11 17:35:53.000
2647295,Monika,f,2018-12-14 01:14:54.000,2018-12-14 01:14:54.000
2654327,Yael,t,2017-03-31 23:59:21.000,2017-03-31 23:59:21.000
2660871,Tenis,f,2021-10-24 02:58:20.000,2021-10-24 02:58:20.000
2661815,Méli+Gina,f,2021-11-10 18:49:59.000,2021-11-10 18:49:59.000
2662493,Silke,t,2012-07-07 08:35:12.000,2012-07-07 08:35:12.000
2665400,Daria,f,2019-09-02 15:25:31.000,2019-09-02 15:25:31.000
2670030,Keko,f,2015-08-07 01:50:17.000,2015-08-07 01:50:17.000
2677541,Dimitri,f,2013-05-26 22:53:09.000,2013-05-26 22:53:09.000
2679993,Oliver,t,2013-08-26 13:46:31.000,2013-08-26 13:46:31.000
2683134,Tim,f,2017-05-26 15:40:19.000,2017-05-26 15:40:19.000
2685171,Özgür,f,2021-11-17 19:49:23.000,2021-11-17 19:49:23.000
2690936,Britt,t,2012-08-04 02:36:51.000,2012-08-04 02:36:51.000
2692154,Dario Jérôme,f,2019-07-03 13:40:20.000,2019-07-03 13:40:20.000
2692472,Ιάσων,f,2021-11-16 13:16:29.000,2021-11-16 13:16:29.000
2701180,Sandrine,f,2012-07-31 01:34:56.000,2012-07-31 01:34:56.000
2709580,Rita,t,2012-07-15 03:02:54.000,2012-07-15 03:02:54.000
2711211,Matthias,f,2017-03-10 15:28:31.000,2017-03-10 15:28:31.000
2714039,Ksenia,f,2020-09-17 22:29:28.000,2020-09-17 22:29:28.000
2722559,Đức Anh,f,2019-01-26 00:40:24.000,2019-01-26 00:40:24.000
2728112,Janine,f,2020-07-12 02:06:51.000,2020-07-12 02:06:51.000
2735954,Susanne,f,2018-01-27 14:59:44.000,2018-01-27 14:59:44.000
2736624,Ian,f,2021-10-22 20:48:01.000,2021-10-22 20:48:01.000
2740485,Celine & Jeremy,f,2013-11-04 03:20:30.000,2013-11-04 03:20:30.000
2744915,Stephan,f,2017-09-13 22:42:47.000,2017-09-13 22:42:47.000
2746801,Carolin,f,2012-08-08 18:50:15.000,2012-08-08 18:50:15.000
2746838,René,f,2018-10-18 10:25:56.000,2018-10-18 10:25:56.000
2750131,Adeline,f,2015-11-02 03:27:31.000,2015-11-02 03:27:31.000
2751717,Daniel,f,2015-12-25 23:08:54.000,2015-12-25 23:08:54.000
2751981,Irmelin,f,2018-09-27 22:15:23.000,2018-09-27 22:15:23.000
2756126,Bastian,f,2013-05-08 02:55:07.000,2013-05-08 02:55:07.000
2756174,Elina,f,2021-07-27 01:23:48.000,2021-07-27 01:23:48.000
2757398,Holger,f,2017-11-11 02:46:17.000,2017-11-11 02:46:17.000
2757738,Chris,t,2021-07-11 06:30:29.000,2021-07-11 06:30:29.000
2767667,Elena,f,2015-11-10 10:52:03.000,2015-11-10 10:52:03.000
2769139,Saliha,t,2012-07-21 10:37:34.000,2012-07-21 10:37:34.000
2778480,Bacary,f,2018-07-30 07:49:27.000,2018-07-30 07:49:27.000
2780635,Sofia,f,2019-06-13 02:26:38.000,2019-06-13 02:26:38.000
2780705,Raffaella,f,2018-06-24 18:53:11.000,2018-06-24 18:53:11.000
2782144,Kurt,f,2018-10-31 05:04:24.000,2018-10-31 05:04:24.000
2787240,Sabrina,f,2020-08-12 06:32:26.000,2020-08-12 06:32:26.000
2788076,Thomas,t,2013-07-17 05:56:54.000,2013-07-17 05:56:54.000
2796030,Ursula,f,2012-07-16 19:15:57.000,2012-07-16 19:15:57.000
2805604,Gerd,f,2012-12-22 14:16:01.000,2012-12-22 14:16:01.000
2806304,Lara,t,2017-04-20 22:18:44.000,2017-04-20 22:18:44.000
2810411,Lutz,f,2012-07-30 21:16:09.000,2012-07-30 21:16:09.000
2820919,Michael,f,2015-12-14 19:56:22.000,2015-12-14 19:56:22.000
2835392,Kasia,f,2018-04-07 06:35:32.000,2018-04-07 06:35:32.000
2837298,Daniel,f,2014-02-25 00:30:56.000,2014-02-25 00:30:56.000
2837924,Pia Malina Und Stefan,t,2016-07-08 21:30:56.000,2016-07-08 21:30:56.000
2844876,Juliette,f,2021-08-17 09:39:38.000,2021-08-17 09:39:38.000
2847303,Andrew,f,2012-11-05 04:37:29.000,2012-11-05 04:37:29.000
2854667,Mike,f,2018-01-13 05:47:46.000,2018-01-13 05:47:46.000
2856251,Milo,f,2016-07-18 01:57:31.000,2016-07-18 01:57:31.000
2856283,Jarek,f,2021-11-08 14:45:56.000,2021-11-08 14:45:56.000
2857353,Anna,f,2012-10-07 10:04:50.000,2012-10-07 10:04:50.000
2865743,Britta,f,2012-10-14 03:28:12.000,2012-10-14 03:28:12.000
2866107,Franz,t,2017-08-30 06:31:34.000,2017-08-30 06:31:34.000
2875389,Eileen,f,2021-10-09 03:07:04.000,2021-10-09 03:07:04.000
2877505,Carola,f,2014-03-06 05:58:22.000,2014-03-06 05:58:22.000
2877982,Christian,f,2021-11-18 14:06:11.000,2021-11-18 14:06:11.000
2879806,Ilyn,f,2018-03-29 10:49:59.000,2018-03-29 10:49:59.000
2881484,Daniel,f,2012-08-02 23:58:30.000,2012-08-02 23:58:30.000
2883039,Timothy,f,2020-03-04 14:53:49.000,2020-03-04 14:53:49.000
2887988,Johanna,f,2016-09-21 17:52:18.000,2016-09-21 17:52:18.000
2889960,Janine,f,2018-01-14 02:02:56.000,2018-01-14 02:02:56.000
2893541,Benjamin,f,2015-09-02 21:31:42.000,2015-09-02 21:31:42.000
2895415,Gunnar,t,2018-05-16 10:10:43.000,2018-05-16 10:10:43.000
2897084,Andy Andrea,f,2016-08-19 04:31:09.000,2016-08-19 04:31:09.000
2899699,Friederike,f,2016-04-19 07:22:14.000,2016-04-19 07:22:14.000
2899753,Argy,f,2018-05-20 00:26:24.000,2018-05-20 00:26:24.000
2900624,Leo,t,2012-07-13 01:22:03.000,2012-07-13 01:22:03.000
2901026,David,f,2021-11-10 16:28:05.000,2021-11-10 16:28:05.000
2904275,Antonio,t,2019-08-09 01:19:48.000,2019-08-09 01:19:48.000
2908020,Max,t,2018-06-18 04:08:03.000,2018-06-18 04:08:03.000
2912028,Stuart,f,2021-11-13 17:06:50.000,2021-11-13 17:06:50.000
2912549,Cerine,f,2021-11-11 16:50:32.000,2021-11-11 16:50:32.000
2913887,Christoph,f,2014-07-27 02:42:46.000,2014-07-27 02:42:46.000
2922816,Linda,f,2012-08-02 22:49:38.000,2012-08-02 22:49:38.000
2930826,Monica,f,2021-10-26 02:09:24.000,2021-10-26 02:09:24.000
2931691,Saba,t,2017-10-14 09:19:04.000,2017-10-14 09:19:04.000
2933545,Henry,f,2020-03-04 09:26:53.000,2020-03-04 09:26:53.000
2933986,Ariane,f,2016-04-21 08:03:02.000,2016-04-21 08:03:02.000
2934825,Camille,f,2012-08-30 18:26:48.000,2012-08-30 18:26:48.000
2936760,Annika,f,2019-09-06 11:04:25.000,2019-09-06 11:04:25.000
2939757,Sophie,f,2014-04-17 05:27:15.000,2014-04-17 05:27:15.000
2952669,Hannah,f,2021-11-15 17:39:53.000,2021-11-15 17:39:53.000
2953733,Semra,f,2012-09-25 22:28:09.000,2012-09-25 22:28:09.000
2954530,Silvia,f,2021-07-29 16:30:30.000,2021-07-29 16:30:30.000
2955144,Jacob,t,2020-01-07 16:15:23.000,2020-01-07 16:15:23.000
2958863,Xenios,f,2012-08-20 04:46:14.000,2012-08-20 04:46:14.000
2966176,Florian,f,2021-10-08 18:17:05.000,2021-10-08 18:17:05.000
2966834,Begum,f,2015-06-10 08:37:51.000,2015-06-10 08:37:51.000
2968551,Friederike,f,2013-02-02 15:23:05.000,2013-02-02 15:23:05.000
2970075,Dimitrios,t,2020-02-25 03:31:28.000,2020-02-25 03:31:28.000
2970698,Claudio,t,2019-05-16 17:34:41.000,2019-05-16 17:34:41.000
2974298,Jason,f,2016-09-16 17:36:37.000,2016-09-16 17:36:37.000
2976480,Nick,f,2017-04-13 15:04:33.000,2017-04-13 15:04:33.000
2986376,Nicholas,f,2016-08-31 13:10:00.000,2016-08-31 13:10:00.000
2987057,Johanna,f,2017-11-01 11:08:20.000,2017-11-01 11:08:20.000
3003519,Simon,t,2016-11-27 16:49:09.000,2016-11-27 16:49:09.000
3006939,Yves,f,2012-07-30 08:51:39.000,2012-07-30 08:51:39.000
3007549,Gianfranco,f,2017-07-30 22:24:19.000,2017-07-30 22:24:19.000
3008969,Thomas,f,2021-07-21 20:47:09.000,2021-07-21 20:47:09.000
3010286,Florian,f,2019-08-06 06:11:32.000,2019-08-06 06:11:32.000
3010412,New,f,2021-11-11 03:51:24.000,2021-11-11 03:51:24.000
3011430,Anna,f,2016-10-24 00:05:10.000,2016-10-24 00:05:10.000
3012998,Daniel,f,2015-08-19 17:43:55.000,2015-08-19 17:43:55.000
3015982,Alena,f,2017-07-12 17:50:15.000,2017-07-12 17:50:15.000
3017491,Miranda,f,2021-10-27 13:04:11.000,2021-10-27 13:04:11.000
3021056,Katharina,f,2021-11-07 18:42:40.000,2021-11-07 18:42:40.000
3021382,Anna,f,2021-10-29 12:02:56.000,2021-10-29 12:02:56.000
3031275,Sarah,f,2015-05-22 16:38:27.000,2015-05-22 16:38:27.000
3035951,Jun,t,2015-09-27 12:53:08.000,2015-09-27 12:53:08.000
3037322,Lena,f,2014-10-13 14:55:52.000,2014-10-13 14:55:52.000
3039411,Sofiane,f,2021-08-10 03:20:35.000,2021-08-10 03:20:35.000
3044047,Anton,t,2015-05-11 22:27:09.000,2015-05-11 22:27:09.000
3046997,Sue,f,2015-07-25 21:28:50.000,2015-07-25 21:28:50.000
3049584,Martin,f,2012-08-12 15:11:23.000,2012-08-12 15:11:23.000
3051026,Jurriaan,t,2013-05-03 21:49:38.000,2013-05-03 21:49:38.000
3062473,Robin,f,2012-02-23 05:15:45.000,2012-02-23 05:15:45.000
3064453,Isabel,f,2017-07-28 06:24:51.000,2017-07-28 06:24:51.000
3073100,Astrid,t,2017-01-04 09:40:23.000,2017-01-04 09:40:23.000
3074797,Aini,f,2015-06-18 11:53:05.000,2015-06-18 11:53:05.000
3075994,Simone,f,2017-07-06 02:37:03.000,2017-07-06 02:37:03.000
3077149,Itai,t,2017-06-04 23:18:44.000,2017-06-04 23:18:44.000
3079136,Eli,t,2021-04-24 18:38:59.000,2021-04-24 18:38:59.000
3079525,Sandra,f,2017-10-26 08:28:22.000,2017-10-26 08:28:22.000
3087613,Lisa Und Toni,f,2017-08-22 08:04:35.000,2017-08-22 08:04:35.000
3088389,Kai,t,2012-11-19 00:16:16.000,2012-11-19 00:16:16.000
3088623,Jan Michael,f,2014-12-21 10:37:54.000,2014-12-21 10:37:54.000
3090292,Sebastian,f,2013-09-12 21:10:08.000,2013-09-12 21:10:08.000
3092651,Karin,f,2017-03-22 19:55:11.000,2017-03-22 19:55:11.000
3095114,Moss,f,2018-07-13 02:23:31.000,2018-07-13 02:23:31.000
3100851,Stephan,f,2020-10-03 19:41:44.000,2020-10-03 19:41:44.000
3110374,Tilo,f,2020-09-04 17:26:56.000,2020-09-04 17:26:56.000
3122437,Philip,f,2014-07-08 16:49:27.000,2014-07-08 16:49:27.000
3122986,Riccardo,t,2016-01-29 11:04:30.000,2016-01-29 11:04:30.000
3123713,Erbil,f,2016-06-28 07:18:32.000,2016-06-28 07:18:32.000
3124221,Fabio,f,2018-08-21 18:05:22.000,2018-08-21 18:05:22.000
3125903,Alex,f,2017-01-05 18:02:37.000,2017-01-05 18:02:37.000
3136187,Vera,f,2015-09-07 00:09:51.000,2015-09-07 00:09:51.000
3143953,Katinka,f,2015-06-15 08:49:19.000,2015-06-15 08:49:19.000
3143983,Steffen,f,2018-03-27 17:14:50.000,2018-03-27 17:14:50.000
3144062,Albe,t,2019-05-03 01:57:52.000,2019-05-03 01:57:52.000
3150448,Clayton & Jackie,f,2021-10-30 23:14:41.000,2021-10-30 23:14:41.000
3153767,Elly,f,2012-09-09 12:37:24.000,2012-09-09 12:37:24.000
3157554,Julien,f,2017-09-02 05:52:46.000,2017-09-02 05:52:46.000
3162574,Max,f,2018-06-09 22:51:43.000,2018-06-09 22:51:43.000
3165994,La Vern,f,2016-11-11 00:01:57.000,2016-11-11 00:01:57.000
3167638,Elena,f,2013-05-26 22:15:00.000,2013-05-26 22:15:00.000
3167923,Jobina,f,2015-11-30 16:27:40.000,2015-11-30 16:27:40.000
3169962,Lucy,t,2017-07-03 17:04:18.000,2017-07-03 17:04:18.000
3171163,Roi,t,2013-07-01 14:41:52.000,2013-07-01 14:41:52.000
3172289,Sarah-Leith,t,2019-02-19 10:27:06.000,2019-02-19 10:27:06.000
3176824,Chris,f,2014-10-22 20:47:55.000,2014-10-22 20:47:55.000
3177278,Fai,t,2014-07-21 20:07:44.000,2014-07-21 20:07:44.000
3181674,Britt,f,2014-08-20 04:05:17.000,2014-08-20 04:05:17.000
3182096,Marco,f,2021-11-17 11:17:50.000,2021-11-17 11:17:50.000
3183173,Gabi,t,2018-12-06 03:40:50.000,2018-12-06 03:40:50.000
3183826,Anton,t,2012-08-16 10:22:40.000,2012-08-16 10:22:40.000
3183839,Bodo,f,2018-02-11 18:57:24.000,2018-02-11 18:57:24.000
3183843,Nicolay,f,2018-09-30 16:15:31.000,2018-09-30 16:15:31.000
3183847,Silvia Magdalena,f,2016-10-16 01:05:52.000,2016-10-16 01:05:52.000
3185055,Antonio,f,2014-08-23 17:15:46.000,2014-08-23 17:15:46.000
3186901,Scott,f,2019-04-09 21:02:46.000,2019-04-09 21:02:46.000
3188892,Christian,t,2018-07-01 15:18:40.000,2018-07-01 15:18:40.000
3189649,Marcus,f,2017-01-01 09:44:53.000,2017-01-01 09:44:53.000
3193109,Dima,f,2018-08-28 16:09:13.000,2018-08-28 16:09:13.000
3193951,Martin,f,2015-04-03 05:52:22.000,2015-04-03 05:52:22.000
3194147,Penélope,f,2015-04-13 20:57:44.000,2015-04-13 20:57:44.000
3194985,Nicole,f,2014-05-03 18:59:43.000,2014-05-03 18:59:43.000
3196464,Niovi,f,2021-07-27 04:30:40.000,2021-07-27 04:30:40.000
3197075,Alejandra,f,2015-09-11 19:45:18.000,2015-09-11 19:45:18.000
3198902,Tom,f,2016-03-06 01:38:50.000,2016-03-06 01:38:50.000
3205578,Charlotte,f,2017-02-05 04:13:33.000,2017-02-05 04:13:33.000
3208719,Reshef,f,2021-11-18 22:26:42.000,2021-11-18 22:26:42.000
3210248,Kim,f,2021-11-03 13:59:38.000,2021-11-03 13:59:38.000
3213777,Kristin,f,2019-06-23 09:20:55.000,2019-06-23 09:20:55.000
3214630,Maddalena,t,2012-08-24 06:33:46.000,2012-08-24 06:33:46.000
3217317,Sarah,f,2017-04-03 20:49:34.000,2017-04-03 20:49:34.000
3224742,Franziska,f,2017-07-19 17:29:52.000,2017-07-19 17:29:52.000
3235211,Annette,f,2014-07-06 23:31:46.000,2014-07-06 23:31:46.000
3236188,Helene,f,2015-12-25 08:45:51.000,2015-12-25 08:45:51.000
3239972,Enrique,f,2017-06-16 18:16:37.000,2017-06-16 18:16:37.000
3243508,Xavi,t,2021-09-24 23:11:39.000,2021-09-24 23:11:39.000
3245659,Jan-Philipp,f,2015-09-18 16:58:05.000,2015-09-18 16:58:05.000
3248348,Mariya,f,2021-11-15 11:44:54.000,2021-11-15 11:44:54.000
3249789,Tom,f,2012-10-21 16:33:52.000,2012-10-21 16:33:52.000
3251690,Candice,f,2014-08-17 02:21:54.000,2014-08-17 02:21:54.000
3253668,Annika,f,2015-08-27 14:04:00.000,2015-08-27 14:04:00.000
3256022,Tarabay,f,2014-04-20 21:33:58.000,2014-04-20 21:33:58.000
3259989,Gili,t,2012-09-29 08:10:27.000,2012-09-29 08:10:27.000
3261444,Onan,f,2016-06-02 20:50:41.000,2016-06-02 20:50:41.000
3263484,Nitin,f,2017-10-06 17:39:54.000,2017-10-06 17:39:54.000
3268804,Courtney,f,2021-11-19 15:50:37.000,2021-11-19 15:50:37.000
3272181,Stefan,f,2017-11-12 08:48:26.000,2017-11-12 08:48:26.000
3274889,Tally,f,2015-07-16 14:37:43.000,2015-07-16 14:37:43.000
3275410,Charly,f,2016-10-28 13:10:01.000,2016-10-28 13:10:01.000
3279220,Enzo,f,2021-10-21 20:19:15.000,2021-10-21 20:19:15.000
3279823,Ayelén,f,2015-01-01 03:45:54.000,2015-01-01 03:45:54.000
3280513,Caroline,f,2021-11-01 06:33:00.000,2021-11-01 06:33:00.000
3281586,Mari & Jonas,f,2018-01-16 13:52:24.000,2018-01-16 13:52:24.000
3282971,Sarah,f,2021-11-16 02:31:26.000,2021-11-16 02:31:26.000
3283542,Yarin,f,2021-11-16 17:59:08.000,2021-11-16 17:59:08.000
3287639,Simone,t,2012-09-15 07:35:03.000,2012-09-15 07:35:03.000
3297372,Andrea,f,2015-12-17 08:04:43.000,2015-12-17 08:04:43.000
3297420,Jean-Daniel,f,2016-03-16 05:25:20.000,2016-03-16 05:25:20.000
3301626,Daphna,f,2021-10-30 22:21:25.000,2021-10-30 22:21:25.000
3305339,John,f,2014-08-08 16:53:03.000,2014-08-08 16:53:03.000
3307166,Elisa,f,2018-09-07 00:01:59.000,2018-09-07 00:01:59.000
3313392,Nadja,f,2017-08-10 23:34:11.000,2017-08-10 23:34:11.000
3314892,Juale,f,2020-01-17 07:30:20.000,2020-01-17 07:30:20.000
3315203,Luisa,f,2015-11-23 12:43:06.000,2015-11-23 12:43:06.000
3316798,Elen,t,2013-05-03 05:38:58.000,2013-05-03 05:38:58.000
3329707,Susan,f,2015-01-02 17:21:23.000,2015-01-02 17:21:23.000
3330715,Katja,f,2021-04-15 19:33:25.000,2021-04-15 19:33:25.000
3331993,Sebastian,f,2014-12-31 06:27:35.000,2014-12-31 06:27:35.000
3332580,Demiris,f,2021-07-26 09:56:50.000,2021-07-26 09:56:50.000
3337306,Loretta,t,2014-08-07 11:45:52.000,2014-08-07 11:45:52.000
3337636,Julie,f,2015-08-21 13:12:35.000,2015-08-21 13:12:35.000
3338657,Waltraud,f,2021-11-07 07:26:23.000,2021-11-07 07:26:23.000
3338724,Valerie,f,2020-10-15 04:26:41.000,2020-10-15 04:26:41.000
3340090,Marcel,f,2012-09-05 22:43:56.000,2012-09-05 22:43:56.000
3342144,Jenny,f,2014-12-27 15:32:30.000,2014-12-27 15:32:30.000
3343010,Alexander,f,2018-10-29 02:15:31.000,2018-10-29 02:15:31.000
3343439,Jule,f,2019-12-10 12:06:39.000,2019-12-10 12:06:39.000
3347060,Cora,t,2018-09-02 19:47:12.000,2018-09-02 19:47:12.000
3358638,Melissa,f,2015-05-08 23:25:41.000,2015-05-08 23:25:41.000
3361808,Tom,f,2016-06-04 04:08:59.000,2016-06-04 04:08:59.000
3368292,Luke,f,2016-04-07 10:55:20.000,2016-04-07 10:55:20.000
3370516,Vincent,f,2021-11-10 01:26:59.000,2021-11-10 01:26:59.000
3374056,Jorge,f,2015-12-23 22:40:53.000,2015-12-23 22:40:53.000
3379392,Anatol,f,2013-09-01 10:11:19.000,2013-09-01 10:11:19.000
3380454,Fieber,f,2018-08-20 03:32:21.000,2018-08-20 03:32:21.000
3380463,Romy,f,2017-04-22 07:28:40.000,2017-04-22 07:28:40.000
3383495,Nina,f,2021-11-11 10:36:55.000,2021-11-11 10:36:55.000
3386222,Daniel,t,2012-09-19 19:23:34.000,2012-09-19 19:23:34.000
3387637,Joseph,f,2019-01-31 05:15:19.000,2019-01-31 05:15:19.000
3389350,Martyna,f,2017-09-01 08:00:43.000,2017-09-01 08:00:43.000
3392443,Timo,f,2020-01-15 05:27:33.000,2020-01-15 05:27:33.000
3393070,Lisa,f,2021-07-22 17:21:27.000,2021-07-22 17:21:27.000
3397912,Yannis,f,2021-07-25 04:20:10.000,2021-07-25 04:20:10.000
3400116,Sarah,f,2016-01-02 21:40:48.000,2016-01-02 21:40:48.000
3400768,Graciela,f,2017-01-29 23:35:01.000,2017-01-29 23:35:01.000
3407550,Christine,f,2014-10-03 01:41:00.000,2014-10-03 01:41:00.000
3408661,Amelie,f,2019-12-11 14:00:35.000,2019-12-11 14:00:35.000
3408797,Sarah,f,2019-06-11 18:57:22.000,2019-06-11 18:57:22.000
3410090,Franziska,f,2015-08-12 00:24:45.000,2015-08-12 00:24:45.000
3410903,Theodor,f,2021-11-19 09:39:47.000,2021-11-19 09:39:47.000
3416357,Billy,f,2017-01-21 21:46:57.000,2017-01-21 21:46:57.000
3419526,Armin,f,2014-05-13 20:07:21.000,2014-05-13 20:07:21.000
3423602,Philipp,f,2014-08-06 20:03:15.000,2014-08-06 20:03:15.000
3425735,Nadine,f,2019-05-17 11:20:45.000,2019-05-17 11:20:45.000
3427881,Mary,f,2021-09-14 10:55:59.000,2021-09-14 10:55:59.000
3428669,André Yves,t,2016-09-21 20:50:30.000,2016-09-21 20:50:30.000
3430742,Renata,f,2018-11-22 04:34:50.000,2018-11-22 04:34:50.000
3431730,Martyn,f,2013-06-15 23:18:35.000,2013-06-15 23:18:35.000
3432145,Moritz,f,2021-11-18 15:15:45.000,2021-11-18 15:15:45.000
3435277,Adam,f,2021-11-07 19:10:14.000,2021-11-07 19:10:14.000
3438248,Franziska,f,2021-08-19 12:52:56.000,2021-08-19 12:52:56.000
3438385,Sören,f,2016-03-20 05:20:27.000,2016-03-20 05:20:27.000
3446458,Chris And Su,t,2018-06-14 07:54:37.000,2018-06-14 07:54:37.000
3447815,Lisa,f,2018-09-27 21:21:56.000,2018-09-27 21:21:56.000
3450346,Alicia Carine,f,2018-09-04 21:00:04.000,2018-09-04 21:00:04.000
3455390,Peter And Denis,f,2019-08-27 14:01:09.000,2019-08-27 14:01:09.000
3455613,Anna,f,2019-06-26 08:20:25.000,2019-06-26 08:20:25.000
3459605,Monika,f,2021-07-07 18:43:44.000,2021-07-07 18:43:44.000
3460831,Virginie,f,2013-12-18 06:59:50.000,2013-12-18 06:59:50.000
3462166,Lily,f,2021-09-02 12:29:14.000,2021-09-02 12:29:14.000
3465079,Julia,t,2014-05-19 19:32:26.000,2014-05-19 19:32:26.000
3465962,Tina,f,2012-12-22 11:10:59.000,2012-12-22 11:10:59.000
3466142,Noana,f,2018-06-29 11:41:15.000,2018-06-29 11:41:15.000
3467767,Magna,f,2014-10-01 12:50:13.000,2014-10-01 12:50:13.000
3468407,Claudia,f,2014-09-08 01:51:39.000,2014-09-08 01:51:39.000
3470183,Anja,f,2021-11-08 23:03:40.000,2021-11-08 23:03:40.000
3473583,Fatoş,f,2019-12-24 20:02:43.000,2019-12-24 20:02:43.000
3474208,Anton,f,2014-05-28 02:47:05.000,2014-05-28 02:47:05.000
3477447,Caroline,f,2018-05-23 19:51:43.000,2018-05-23 19:51:43.000
3478314,Lisa,f,2014-06-23 13:48:17.000,2014-06-23 13:48:17.000
3482823,Julia,f,2014-12-31 07:42:46.000,2014-12-31 07:42:46.000
3489446,Diana,f,2018-05-09 03:57:56.000,2018-05-09 03:57:56.000
3491162,Rahul,f,2017-07-29 22:42:27.000,2017-07-29 22:42:27.000
3492270,Dorota,f,2016-04-05 10:26:57.000,2016-04-05 10:26:57.000
3498457,Danny,f,2020-10-21 23:11:24.000,2020-10-21 23:11:24.000
3506371,Göksu,f,2016-06-22 12:44:42.000,2016-06-22 12:44:42.000
3506494,Adi,f,2015-03-29 15:09:12.000,2015-03-29 15:09:12.000
3509262,Kemal,f,2014-06-24 12:18:52.000,2014-06-24 12:18:52.000
3509616,Nicole,f,2017-07-03 16:02:36.000,2017-07-03 16:02:36.000
3510582,Maja,f,2021-11-05 12:55:30.000,2021-11-05 12:55:30.000
3513201,Jasmine,f,2021-10-29 10:11:06.000,2021-10-29 10:11:06.000
3515291,Sebastian,f,2021-10-29 15:27:27.000,2021-10-29 15:27:27.000
3524996,Marc,t,2018-07-31 09:35:03.000,2018-07-31 09:35:03.000
3529390,Mara,f,2016-12-30 04:00:28.000,2016-12-30 04:00:28.000
3533659,Aurélia,f,2015-09-12 13:21:32.000,2015-09-12 13:21:32.000
3540257,Liviana,f,2013-03-01 15:12:48.000,2013-03-01 15:12:48.000
3544976,Svenja,f,2015-11-07 19:36:04.000,2015-11-07 19:36:04.000
3545144,Maria-Elisabeth,f,2018-08-13 19:47:44.000,2018-08-13 19:47:44.000
3548424,Umberto,t,2020-12-27 09:32:52.000,2020-12-27 09:32:52.000
3550939,Lumi,f,2018-05-17 04:35:08.000,2018-05-17 04:35:08.000
3551507,Jörn,f,2021-11-06 16:09:47.000,2021-11-06 16:09:47.000
3553386,Natasha,f,2021-10-30 09:24:22.000,2021-10-30 09:24:22.000
3556172,Johanna,f,2020-08-27 02:51:56.000,2020-08-27 02:51:56.000
3556191,Kalinka,f,2019-03-19 06:18:22.000,2019-03-19 06:18:22.000
3556585,Michael & Eva,f,2012-09-10 13:37:12.000,2012-09-10 13:37:12.000
3557528,Annalena,f,2019-06-01 03:00:32.000,2019-06-01 03:00:32.000
3560164,Ibrahim,f,2016-06-24 17:02:00.000,2016-06-24 17:02:00.000
3563359,Ruben,f,2021-11-01 15:04:51.000,2021-11-01 15:04:51.000
3565185,Roumiana,f,2013-03-24 06:53:54.000,2013-03-24 06:53:54.000
3565526,Joanna,f,2018-04-02 02:57:07.000,2018-04-02 02:57:07.000
3565727,Eric,f,2017-03-05 02:49:03.000,2017-03-05 02:49:03.000
3565918,Bettina,f,2021-10-24 11:02:37.000,2021-10-24 11:02:37.000
3566045,Judith,f,2013-07-01 23:31:02.000,2013-07-01 23:31:02.000
3570201,Kamila,f,2018-02-11 15:05:46.000,2018-02-11 15:05:46.000
3574455,Juliana,f,2016-01-04 21:04:42.000,2016-01-04 21:04:42.000
3574674,Sebastian,f,2021-11-09 22:23:55.000,2021-11-09 22:23:55.000
3574758,Alessandra,f,2016-06-16 14:30:59.000,2016-06-16 14:30:59.000
3583682,Nadine,t,2019-08-31 13:09:36.000,2019-08-31 13:09:36.000
3585183,Juliane,f,2013-03-13 14:36:12.000,2013-03-13 14:36:12.000
3585384,Marietta,f,2018-06-16 02:24:42.000,2018-06-16 02:24:42.000
3586250,Florence,t,2018-10-22 23:27:38.000,2018-10-22 23:27:38.000
3594029,Ulli,f,2017-04-12 05:30:31.000,2017-04-12 05:30:31.000
3594556,Paul,f,2015-04-28 13:48:54.000,2015-04-28 13:48:54.000
3595382,Vincent,f,2012-10-17 20:07:49.000,2012-10-17 20:07:49.000
3596753,Samantha,f,2017-03-04 09:55:52.000,2017-03-04 09:55:52.000
3599036,Anna,f,2021-11-08 06:36:31.000,2021-11-08 06:36:31.000
3602742,Lorant,f,2014-04-21 18:17:40.000,2014-04-21 18:17:40.000
3604330,Rebecca,f,2021-10-01 01:46:16.000,2021-10-01 01:46:16.000
3605862,Fokko,f,2017-07-01 07:09:57.000,2017-07-01 07:09:57.000
3608594,Guillaume,f,2015-09-07 16:02:20.000,2015-09-07 16:02:20.000
3610884,Martina,f,2020-01-20 13:30:24.000,2020-01-20 13:30:24.000
3611755,Natasha,f,2012-10-26 21:10:11.000,2012-10-26 21:10:11.000
3613340,Alban,f,2017-08-29 06:58:12.000,2017-08-29 06:58:12.000
3613411,Simone,f,2021-09-12 15:30:03.000,2021-09-12 15:30:03.000
3613810,Roland,f,2018-10-12 11:38:03.000,2018-10-12 11:38:03.000
3614003,France,f,2012-10-07 21:11:39.000,2012-10-07 21:11:39.000
3614519,Abi,t,2015-11-18 23:24:22.000,2015-11-18 23:24:22.000
3614852,Sharon,f,2012-09-23 01:13:39.000,2012-09-23 01:13:39.000
3617435,René,t,2019-09-30 20:45:24.000,2019-09-30 20:45:24.000
3620643,Nina,f,2021-10-22 10:04:51.000,2021-10-22 10:04:51.000
3621802,Ruchi,t,2019-07-17 18:04:44.000,2019-07-17 18:04:44.000
3622827,David,t,2015-06-23 20:23:11.000,2015-06-23 20:23:11.000
3629279,Maycon & Christian,t,2014-02-28 23:57:03.000,2014-02-28 23:57:03.000
3632455,Rüdiger,f,2015-07-26 06:42:39.000,2015-07-26 06:42:39.000
3634179,Line,f,2017-06-08 04:12:40.000,2017-06-08 04:12:40.000
3639736,Jana,f,2019-07-25 02:18:49.000,2019-07-25 02:18:49.000
3640387,Assaf,f,2018-12-17 17:53:22.000,2018-12-17 17:53:22.000
3641396,Nadine Maria,f,2019-06-04 20:27:20.000,2019-06-04 20:27:20.000
3641880,Agnes,f,2019-12-15 05:18:19.000,2019-12-15 05:18:19.000
3644758,Manuela,f,2013-08-16 19:07:27.000,2013-08-16 19:07:27.000
3647391,,,2014-08-04 22:05:50.000,2014-08-04 22:05:50.000
3647486,Ken,f,2017-05-20 01:14:53.000,2017-05-20 01:14:53.000
3650126,Jill,f,2016-05-26 10:10:44.000,2016-05-26 10:10:44.000
3654652,Carina,f,2018-01-10 14:40:43.000,2018-01-10 14:40:43.000
3657022,Franziska,f,2021-11-08 00:16:06.000,2021-11-08 00:16:06.000
3657627,Irina,f,2012-09-27 08:29:32.000,2012-09-27 08:29:32.000
3657833,Anna,f,2017-05-28 05:16:00.000,2017-05-28 05:16:00.000
3657914,Frank,f,2018-04-05 20:30:34.000,2018-04-05 20:30:34.000
3659182,Inbal,f,2015-12-25 12:44:28.000,2015-12-25 12:44:28.000
3667840,Magdalena,f,2021-11-17 22:50:43.000,2021-11-17 22:50:43.000
3669572,Anna,f,2021-11-16 10:07:20.000,2021-11-16 10:07:20.000
3670326,Irene,f,2014-09-28 00:53:34.000,2014-09-28 00:53:34.000
3672535,Ricky,t,2013-11-11 17:51:15.000,2013-11-11 17:51:15.000
3678837,Oksana Und Mihail,f,2013-07-14 07:31:09.000,2013-07-14 07:31:09.000
3681108,Matthias,f,2015-08-25 17:39:04.000,2015-08-25 17:39:04.000
3688179,April,f,2014-07-09 02:19:31.000,2014-07-09 02:19:31.000
3688425,Michal,f,2019-04-12 17:50:46.000,2019-04-12 17:50:46.000
3692158,Tomer,f,2021-07-11 09:17:51.000,2021-07-11 09:17:51.000
3694989,Helle,f,2018-03-27 20:09:03.000,2018-03-27 20:09:03.000
3699503,Andrea,t,2014-09-15 13:56:07.000,2014-09-15 13:56:07.000
3702482,Jakob,f,2021-11-06 07:46:27.000,2021-11-06 07:46:27.000
3706401,Jann,f,2018-07-13 13:21:13.000,2018-07-13 13:21:13.000
3706957,Wolfram,f,2017-07-20 22:44:37.000,2017-07-20 22:44:37.000
3707004,Michelle,f,2017-10-14 13:52:44.000,2017-10-14 13:52:44.000
3709344,Carlos WingYat,f,2015-10-12 10:44:46.000,2015-10-12 10:44:46.000
3713976,Alia,f,2017-01-09 06:32:16.000,2017-01-09 06:32:16.000
3725219,Eva,f,2020-02-25 14:05:56.000,2020-02-25 14:05:56.000
3727631,Marie-Idrissa,f,2021-07-10 05:43:05.000,2021-07-10 05:43:05.000
3727688,Anna,f,2016-05-13 01:42:44.000,2016-05-13 01:42:44.000
3743292,Marcelo,f,2021-11-18 19:10:07.000,2021-11-18 19:10:07.000
3743664,Steve Und Vivienne,f,2014-02-20 00:17:01.000,2014-02-20 00:17:01.000
3744054,Sasa,f,2015-08-08 03:07:03.000,2015-08-08 03:07:03.000
3745036,Larissa,f,2021-07-11 20:43:00.000,2021-07-11 20:43:00.000
3746700,Anne,f,2017-05-20 18:53:15.000,2017-05-20 18:53:15.000
3753844,Josephien,f,2014-12-24 23:52:03.000,2014-12-24 23:52:03.000
3755786,Sibylle,f,2016-09-21 09:33:13.000,2016-09-21 09:33:13.000
3759838,Katja,f,2020-08-12 07:20:41.000,2020-08-12 07:20:41.000
3760064,Sebrina,f,2017-03-18 20:08:00.000,2017-03-18 20:08:00.000
3764307,Alexa,f,2019-12-29 16:11:07.000,2019-12-29 16:11:07.000
3776656,Florian,f,2021-11-19 06:45:18.000,2021-11-19 06:45:18.000
3777535,Bernd,f,2017-12-25 08:02:02.000,2017-12-25 08:02:02.000
3779223,Robert,f,2020-06-13 16:28:10.000,2020-06-13 16:28:10.000
3782402,Mare,f,2016-03-03 11:43:27.000,2016-03-03 11:43:27.000
3783747,Flaminia,t,2012-07-30 04:35:12.000,2012-07-30 04:35:12.000
3785472,Karsten,f,2012-11-12 21:16:36.000,2012-11-12 21:16:36.000
3786239,Boryana,f,2018-04-01 16:07:26.000,2018-04-01 16:07:26.000
3788200,Ulli,f,2021-11-08 17:58:54.000,2021-11-08 17:58:54.000
3789531,Fulvia,f,2015-02-07 03:02:22.000,2015-02-07 03:02:22.000
3791034,Eugen,f,2021-08-20 16:15:48.000,2021-08-20 16:15:48.000
3800708,Susan,f,2019-06-08 21:14:09.000,2019-06-08 21:14:09.000
3804152,Ede,f,2016-04-30 21:59:42.000,2016-04-30 21:59:42.000
3805354,Jay,f,2012-10-27 09:51:47.000,2012-10-27 09:51:47.000
3808858,Laura,f,2021-02-17 01:47:28.000,2021-02-17 01:47:28.000
3809017,Irene,f,2018-12-20 09:16:33.000,2018-12-20 09:16:33.000
3809046,Judith,f,2021-08-06 19:40:21.000,2021-08-06 19:40:21.000
3811457,Annegret,f,2016-03-07 06:55:14.000,2016-03-07 06:55:14.000
3814480,Benjamin,f,2017-08-17 23:07:43.000,2017-08-17 23:07:43.000
3816449,Heide,f,2021-10-23 23:20:21.000,2021-10-23 23:20:21.000
3823150,Jules,f,2021-11-11 22:39:14.000,2021-11-11 22:39:14.000
3823364,Daniel,t,2017-06-22 23:13:29.000,2017-06-22 23:13:29.000
3824407,Ani,f,2015-09-14 22:01:42.000,2015-09-14 22:01:42.000
3824998,Thomas,f,2014-12-20 22:13:17.000,2014-12-20 22:13:17.000
3827393,Naima,f,2018-06-20 13:23:07.000,2018-06-20 13:23:07.000
3829112,Nani&Jose,f,2017-07-16 13:24:22.000,2017-07-16 13:24:22.000
3833338,Andreas,f,2014-10-05 15:54:18.000,2014-10-05 15:54:18.000
3834025,Serena,f,2014-08-20 03:12:55.000,2014-08-20 03:12:55.000
3834360,Vitalii,f,2021-08-30 03:38:35.000,2021-08-30 03:38:35.000
3836170,Yvonne,f,2020-10-20 15:27:13.000,2020-10-20 15:27:13.000
3839741,Matilda,f,2017-12-22 08:40:50.000,2017-12-22 08:40:50.000
3840022,Ernst,f,2018-07-06 00:09:55.000,2018-07-06 00:09:55.000
3846051,Daniel,f,2021-09-29 05:09:59.000,2021-09-29 05:09:59.000
3846301,Jiannis,t,2018-10-21 03:21:57.000,2018-10-21 03:21:57.000
3847191,Liliane,f,2019-10-14 12:09:17.000,2019-10-14 12:09:17.000
3857822,Britta,f,2014-08-06 19:07:33.000,2014-08-06 19:07:33.000
3860786,Oren,f,2019-12-27 08:58:21.000,2019-12-27 08:58:21.000
3862719,Oliver,f,2015-06-25 00:32:04.000,2015-06-25 00:32:04.000
3863484,Stefano,f,2012-12-23 08:03:10.000,2012-12-23 08:03:10.000
3868671,Valerie,f,2016-03-06 22:27:47.000,2016-03-06 22:27:47.000
3868992,Lea,f,2020-06-29 17:31:03.000,2020-06-29 17:31:03.000
3879139,Caroline,f,2015-06-19 14:02:38.000,2015-06-19 14:02:38.000
3880200,Marie,t,2016-04-27 05:54:18.000,2016-04-27 05:54:18.000
3884988,Farina,f,2018-03-07 04:44:24.000,2018-03-07 04:44:24.000
3885165,Rico,f,2016-09-10 06:53:17.000,2016-09-10 06:53:17.000
3885218,Julia,f,2020-02-05 00:34:10.000,2020-02-05 00:34:10.000
3886037,Jeep,f,2012-12-02 14:25:57.000,2012-12-02 14:25:57.000
3887507,Luka,f,2021-11-14 15:16:23.000,2021-11-14 15:16:23.000
3887575,Camille,f,2016-12-20 08:14:51.000,2016-12-20 08:14:51.000
3888720,Ignacio,f,2014-12-25 02:44:27.000,2014-12-25 02:44:27.000
3892685,Alex,f,2018-09-21 22:53:34.000,2018-09-21 22:53:34.000
3893392,Nikolaj,t,2019-08-28 03:30:05.000,2019-08-28 03:30:05.000
3895991,Hanneli,f,2019-07-09 08:03:45.000,2019-07-09 08:03:45.000
3896511,Renny,f,2018-11-28 06:00:21.000,2018-11-28 06:00:21.000
3897971,Melitta,f,2013-06-10 07:14:05.000,2013-06-10 07:14:05.000
3900511,Daniele E Patrizia,f,2012-11-30 16:53:24.000,2012-11-30 16:53:24.000
3901630,Philipp,f,2019-08-09 11:11:08.000,2019-08-09 11:11:08.000
3902377,Pierre,f,2017-03-05 11:47:36.000,2017-03-05 11:47:36.000
3904366,Silva,f,2013-08-18 06:52:43.000,2013-08-18 06:52:43.000
3909089,Nantia,f,2014-02-22 04:01:47.000,2014-02-22 04:01:47.000
3911943,Shirley,f,2013-10-22 14:10:44.000,2013-10-22 14:10:44.000
3913689,Doris,f,2018-02-19 12:33:41.000,2018-02-19 12:33:41.000
3920003,Ferdinand,f,2021-11-17 20:21:36.000,2021-11-17 20:21:36.000
3923885,Julia,f,2021-11-03 10:51:09.000,2021-11-03 10:51:09.000
3930361,Julia,f,2021-11-08 15:43:16.000,2021-11-08 15:43:16.000
3934890,Natascha,f,2019-10-31 18:06:36.000,2019-10-31 18:06:36.000
3934922,Rinse,f,2017-09-18 04:00:12.000,2017-09-18 04:00:12.000
3938410,Lisa,f,2012-12-24 19:49:32.000,2012-12-24 19:49:32.000
3938463,Marcelino,t,2018-05-20 21:27:47.000,2018-05-20 21:27:47.000
3939068,Michael,f,2012-11-30 03:00:43.000,2012-11-30 03:00:43.000
3941168,Andrea,f,2019-12-25 20:17:32.000,2019-12-25 20:17:32.000
3944006,Torsten,f,2014-05-28 20:06:26.000,2014-05-28 20:06:26.000
3946797,Falk,f,2021-08-02 11:48:00.000,2021-08-02 11:48:00.000
3947139,Brianne,f,2015-07-07 07:04:14.000,2015-07-07 07:04:14.000
3950580,Alina,f,2017-09-07 19:32:30.000,2017-09-07 19:32:30.000
3951328,Felix,f,2021-10-23 00:05:00.000,2021-10-23 00:05:00.000
3962141,Katarina,f,2012-12-22 14:15:51.000,2012-12-22 14:15:51.000
3965874,Agathe,f,2016-03-31 17:35:14.000,2016-03-31 17:35:14.000
3966243,Gianluca,f,2015-09-16 04:37:59.000,2015-09-16 04:37:59.000
3971489,Sylvana,f,2016-09-01 17:38:35.000,2016-09-01 17:38:35.000
3973091,Franko,f,2017-09-15 18:39:07.000,2017-09-15 18:39:07.000
3973572,Matthias,f,2015-12-30 12:40:40.000,2015-12-30 12:40:40.000
3974152,Christiane,f,2014-12-31 17:37:05.000,2014-12-31 17:37:05.000
3975346,Luis,f,2015-07-30 06:31:51.000,2015-07-30 06:31:51.000
3980676,Janina,f,2016-07-30 07:50:26.000,2016-07-30 07:50:26.000
3983858,Elliott,f,2021-07-06 22:23:46.000,2021-07-06 22:23:46.000
3989235,Franz,f,2016-06-18 17:56:03.000,2016-06-18 17:56:03.000
4002005,Lutz,f,2019-07-20 16:23:00.000,2019-07-20 16:23:00.000
4002880,Edoardo And Rachel,f,2018-06-30 11:05:38.000,2018-06-30 11:05:38.000
4003960,Ada,f,2017-02-07 20:43:50.000,2017-02-07 20:43:50.000
4004368,Steffen,f,2021-11-08 15:16:38.000,2021-11-08 15:16:38.000
4010869,Konstantin,f,2017-04-03 14:01:54.000,2017-04-03 14:01:54.000
4010883,Daniel,t,2015-11-05 20:37:18.000,2015-11-05 20:37:18.000
4011048,Yumi,t,2020-06-24 01:51:28.000,2020-06-24 01:51:28.000
4013434,Karen,f,2015-08-15 16:48:33.000,2015-08-15 16:48:33.000
4013797,Zsa,f,2013-03-10 12:10:13.000,2013-03-10 12:10:13.000
4014665,Claudia,f,2015-12-05 07:41:52.000,2015-12-05 07:41:52.000
4018258,Gidi,f,2015-12-16 01:47:04.000,2015-12-16 01:47:04.000
4023263,Herbert,t,2016-07-20 16:18:23.000,2016-07-20 16:18:23.000
4029691,Jakob,f,2013-10-27 14:20:58.000,2013-10-27 14:20:58.000
4030461,Mark,t,2013-01-20 10:47:44.000,2013-01-20 10:47:44.000
4031381,Oliver,f,2021-11-05 09:04:10.000,2021-11-05 09:04:10.000
4032095,Heinz,f,2016-02-05 10:46:45.000,2016-02-05 10:46:45.000
4035721,Anna,f,2017-08-29 05:53:16.000,2017-08-29 05:53:16.000
4036761,Kinga,t,2014-01-23 17:57:45.000,2014-01-23 17:57:45.000
4040925,Luisa,f,2021-10-29 06:58:13.000,2021-10-29 06:58:13.000
4048130,Xica & Samuel,f,2021-11-14 13:55:40.000,2021-11-14 13:55:40.000
4050148,Hardy,f,2014-07-21 10:28:23.000,2014-07-21 10:28:23.000
4054170,Kai,t,2013-01-13 06:29:09.000,2013-01-13 06:29:09.000
4054647,Cornelius,t,2012-12-23 06:08:41.000,2012-12-23 06:08:41.000
4057507,Uwe,t,2013-09-04 12:16:42.000,2013-09-04 12:16:42.000
4063229,Oscar,t,2015-09-19 22:45:48.000,2015-09-19 22:45:48.000
4065526,Michael,t,2015-05-23 02:27:31.000,2015-05-23 02:27:31.000
4065834,Dirk,f,2021-10-28 02:02:22.000,2021-10-28 02:02:22.000
4068736,Rainer & Dieuwke,f,2013-02-13 09:04:20.000,2013-02-13 09:04:20.000
4072594,Julian,f,2020-06-15 09:10:18.000,2020-06-15 09:10:18.000
4074523,Erez,f,2015-09-05 08:17:02.000,2015-09-05 08:17:02.000
4074592,Asaf,f,2017-07-31 18:43:01.000,2017-07-31 18:43:01.000
4074700,Philipp,f,2013-03-01 17:14:45.000,2013-03-01 17:14:45.000
4075439,Blandine,f,2019-08-08 23:31:03.000,2019-08-08 23:31:03.000
4075547,Heather,f,2016-08-29 01:33:49.000,2016-08-29 01:33:49.000
4076626,Andre,t,2013-02-15 08:32:56.000,2013-02-15 08:32:56.000
4084976,Michelle,f,2021-11-06 14:16:22.000,2021-11-06 14:16:22.000
4086941,Marlen Ilk,f,2015-08-11 05:12:54.000,2015-08-11 05:12:54.000
4093031,Caroline,f,2020-03-13 02:52:08.000,2020-03-13 02:52:08.000
4097958,Daniel,f,2016-12-02 16:07:36.000,2016-12-02 16:07:36.000
4102579,Ben,f,2015-07-24 01:41:10.000,2015-07-24 01:41:10.000
4104800,Cristina,f,2013-12-16 09:35:38.000,2013-12-16 09:35:38.000
4104942,Jochen,f,2015-11-02 21:09:47.000,2015-11-02 21:09:47.000
4108700,Kristian,t,2017-01-20 20:48:36.000,2017-01-20 20:48:36.000
4113622,Kat,f,2018-07-15 18:20:03.000,2018-07-15 18:20:03.000
4116543,Talitha,f,2018-05-27 20:15:20.000,2018-05-27 20:15:20.000
4116607,Alexander,f,2021-11-01 06:30:46.000,2021-11-01 06:30:46.000
4127628,Tom,t,2016-07-11 23:08:55.000,2016-07-11 23:08:55.000
4128547,Arnd,f,2012-12-25 22:24:48.000,2012-12-25 22:24:48.000
4133039,Sandra,f,2012-12-28 10:33:52.000,2012-12-28 10:33:52.000
4137610,Hendrik,f,2013-07-19 20:36:57.000,2013-07-19 20:36:57.000
4137814,Alexander,t,2012-12-16 03:06:30.000,2012-12-16 03:06:30.000
4139479,Claudius,f,2021-10-21 12:12:39.000,2021-10-21 12:12:39.000
4142348,Kemal,t,2018-09-06 04:40:05.000,2018-09-06 04:40:05.000
4146739,Britta,f,2014-08-14 00:25:52.000,2014-08-14 00:25:52.000
4158304,Ronny,f,2017-04-21 15:22:07.000,2017-04-21 15:22:07.000
4158451,Lorenzo,f,2018-07-10 19:48:57.000,2018-07-10 19:48:57.000
4158989,Veronika,f,2019-05-14 20:35:05.000,2019-05-14 20:35:05.000
4159856,Marco,f,2021-11-13 00:04:07.000,2021-11-13 00:04:07.000
4166230,Jacky,f,2021-11-01 17:01:10.000,2021-11-01 17:01:10.000
4171324,Urs,f,2014-08-04 23:07:44.000,2014-08-04 23:07:44.000
4171914,Simon,t,2019-09-12 14:15:18.000,2019-09-12 14:15:18.000
4175360,Andreas,f,2014-04-22 04:10:24.000,2014-04-22 04:10:24.000
4180123,Tamir,f,2021-10-28 10:29:08.000,2021-10-28 10:29:08.000
4181905,Nadja,f,2021-09-23 13:09:40.000,2021-09-23 13:09:40.000
4182292,Zhi,f,2021-10-26 07:36:33.000,2021-10-26 07:36:33.000
4190258,Vedad,f,2019-12-26 22:35:06.000,2019-12-26 22:35:06.000
4193735,Jelle,f,2021-10-30 12:30:39.000,2021-10-30 12:30:39.000
4200829,Marita,t,2020-01-21 16:57:08.000,2020-01-21 16:57:08.000
4210771,Magdalena,f,2017-01-23 03:38:04.000,2017-01-23 03:38:04.000
4211818,Marcus & Louise,f,2015-04-26 02:08:10.000,2015-04-26 02:08:10.000
4215274,Anne,f,2018-09-19 19:24:46.000,2018-09-19 19:24:46.000
4217522,Arnd,f,2013-06-09 16:13:02.000,2013-06-09 16:13:02.000
4218474,Jessica,f,2016-02-22 04:54:49.000,2016-02-22 04:54:49.000
4219631,Isabelle,f,2021-10-30 11:13:56.000,2021-10-30 11:13:56.000
4221977,Susana,f,2017-12-27 22:23:17.000,2017-12-27 22:23:17.000
4222180,Maite,f,2017-08-09 12:48:38.000,2017-08-09 12:48:38.000
4227862,Marguerite,f,2017-12-08 17:24:46.000,2017-12-08 17:24:46.000
4231031,AleDeA,f,2017-08-17 13:06:17.000,2017-08-17 13:06:17.000
4231374,Jeanette,f,2013-04-01 03:49:40.000,2013-04-01 03:49:40.000
4239455,Clothilde,f,2014-07-19 19:47:18.000,2014-07-19 19:47:18.000
4249784,Eugenia,f,2021-11-13 00:15:56.000,2021-11-13 00:15:56.000
4252018,Sofie,f,2016-02-08 18:20:44.000,2016-02-08 18:20:44.000
4260789,Pigio,f,2016-07-30 08:29:01.000,2016-07-30 08:29:01.000
4264487,Valeska,t,2017-10-24 11:31:27.000,2017-10-24 11:31:27.000
4265370,Francisco,f,2019-07-15 23:25:44.000,2019-07-15 23:25:44.000
4267679,Moritz,f,2017-08-14 08:20:53.000,2017-08-14 08:20:53.000
4269574,Alexia,f,2016-02-27 03:12:24.000,2016-02-27 03:12:24.000
4271173,Christian,f,2013-04-19 14:28:20.000,2013-04-19 14:28:20.000
4273620,Robert,f,2019-06-26 19:43:48.000,2019-06-26 19:43:48.000
4280055,Jens,f,2012-12-30 11:20:51.000,2012-12-30 11:20:51.000
4280693,Yas,f,2020-09-28 00:07:20.000,2020-09-28 00:07:20.000
4284392,Lena,f,2014-06-22 08:21:34.000,2014-06-22 08:21:34.000
4286833,Silvia,f,2019-07-09 16:09:56.000,2019-07-09 16:09:56.000
4289187,Ka,f,2013-05-18 20:53:16.000,2013-05-18 20:53:16.000
4290185,Tiziana,f,2013-04-16 07:08:01.000,2013-04-16 07:08:01.000
4291571,Marcus,f,2017-05-07 08:14:32.000,2017-05-07 08:14:32.000
4293269,Holger,f,2014-01-29 20:04:07.000,2014-01-29 20:04:07.000
4293723,Alla,f,2013-01-19 16:21:52.000,2013-01-19 16:21:52.000
4293936,Marie,t,2018-12-03 10:09:49.000,2018-12-03 10:09:49.000
4295934,Katrin,t,2021-06-26 15:29:29.000,2021-06-26 15:29:29.000
4300460,Nela,f,2016-04-22 18:39:30.000,2016-04-22 18:39:30.000
4305175,Lio & Ete,f,2013-05-24 12:36:55.000,2013-05-24 12:36:55.000
4305711,Laura,f,2018-11-24 04:05:16.000,2018-11-24 04:05:16.000
4311528,Mike,t,2018-08-13 00:39:06.000,2018-08-13 00:39:06.000
4312037,Claudia,f,2021-11-04 16:23:24.000,2021-11-04 16:23:24.000
4315632,Gayle,f,2017-04-27 00:15:01.000,2017-04-27 00:15:01.000
4316890,Renée,f,2012-12-21 04:08:41.000,2012-12-21 04:08:41.000
4321672,Asia,f,2013-08-13 09:18:30.000,2013-08-13 09:18:30.000
4322768,Iris,f,2017-12-28 05:12:24.000,2017-12-28 05:12:24.000
4323509,Patrycja,f,2019-04-17 04:28:40.000,2019-04-17 04:28:40.000
4328532,Andrew,f,2015-11-06 04:39:58.000,2015-11-06 04:39:58.000
4330031,Cornelia,f,2021-11-08 04:55:55.000,2021-11-08 04:55:55.000
4331505,Stefan,f,2017-07-22 13:13:37.000,2017-07-22 13:13:37.000
4331823,Julia,f,2020-11-28 16:06:35.000,2020-11-28 16:06:35.000
4338631,Marisol,f,2013-04-15 06:44:23.000,2013-04-15 06:44:23.000
4340160,Jérôme,f,2015-05-20 01:14:58.000,2015-05-20 01:14:58.000
4343325,Catherine,f,2020-01-26 00:35:51.000,2020-01-26 00:35:51.000
4346302,Katarina,f,2012-12-25 05:00:06.000,2012-12-25 05:00:06.000
4346815,Judith,f,2014-05-03 11:56:41.000,2014-05-03 11:56:41.000
4354642,Anna,t,2020-03-08 15:49:09.000,2020-03-08 15:49:09.000
4356102,Franziska,f,2012-12-30 20:16:13.000,2012-12-30 20:16:13.000
4361245,Jessie,f,2021-11-12 20:55:20.000,2021-11-12 20:55:20.000
4365017,Maik,f,2016-01-02 12:18:04.000,2016-01-02 12:18:04.000
4366118,Désirée,f,2015-05-10 13:20:24.000,2015-05-10 13:20:24.000
4369305,Matthias & Michele,f,2016-07-25 22:12:30.000,2016-07-25 22:12:30.000
4370180,Tony,f,2017-05-08 10:35:37.000,2017-05-08 10:35:37.000
4370221,Dimitra,f,2014-04-06 16:50:12.000,2014-04-06 16:50:12.000
4370615,Nicole,f,2019-04-08 15:10:08.000,2019-04-08 15:10:08.000
4370679,Susan,t,2017-09-10 19:43:14.000,2017-09-10 19:43:14.000
4372625,Laura,f,2020-08-06 18:23:59.000,2020-08-06 18:23:59.000
4374625,Daphne,t,2018-05-28 12:15:47.000,2018-05-28 12:15:47.000
4374738,Jan,f,2014-09-08 14:20:56.000,2014-09-08 14:20:56.000
4374787,Tom,f,2015-12-19 15:08:54.000,2015-12-19 15:08:54.000
4378096,Stefanie,f,2017-03-16 04:33:04.000,2017-03-16 04:33:04.000
4378918,Jo,f,2021-01-09 19:17:20.000,2021-01-09 19:17:20.000
4381747,Tomer,f,2016-04-13 22:25:35.000,2016-04-13 22:25:35.000
4383856,Marnie Carina,f,2021-11-03 07:25:05.000,2021-11-03 07:25:05.000
4390178,Saskia,f,2013-02-07 21:47:07.000,2013-02-07 21:47:07.000
4393177,Daniela,f,2018-11-03 20:53:01.000,2018-11-03 20:53:01.000
4397118,Silvia,f,2019-02-18 22:54:07.000,2019-02-18 22:54:07.000
4397154,Daniel,f,2021-11-06 07:19:33.000,2021-11-06 07:19:33.000
4410482,Benjamin,f,2018-07-20 10:04:30.000,2018-07-20 10:04:30.000
4410994,Matt &Ana,f,2013-07-29 09:33:26.000,2013-07-29 09:33:26.000
4411468,Hanna,f,2015-03-09 20:24:49.000,2015-03-09 20:24:49.000
4416185,Philipp,f,2017-09-11 18:16:12.000,2017-09-11 18:16:12.000
4418286,Yaz,f,2018-07-23 03:35:15.000,2018-07-23 03:35:15.000
4423387,Elmar,f,2013-09-18 17:10:21.000,2013-09-18 17:10:21.000
4428810,Omri,f,2015-08-12 02:05:23.000,2015-08-12 02:05:23.000
4436983,Andrea,t,2021-06-17 14:33:45.000,2021-06-17 14:33:45.000
4441470,Deniz,f,2017-05-01 02:29:46.000,2017-05-01 02:29:46.000
4446082,Michael,t,2013-02-23 00:12:10.000,2013-02-23 00:12:10.000
4446679,Katja,f,2013-09-11 13:06:36.000,2013-09-11 13:06:36.000
4451796,Melanie,f,2021-10-26 03:44:22.000,2021-10-26 03:44:22.000
4459704,Patricia,f,2013-03-18 01:49:47.000,2013-03-18 01:49:47.000
4461607,Torsten,t,2013-03-29 07:30:16.000,2013-03-29 07:30:16.000
4466876,Tra My,f,2018-09-04 19:38:45.000,2018-09-04 19:38:45.000
4475104,David,f,2013-10-02 21:48:39.000,2013-10-02 21:48:39.000
4480544,Benjamin,f,2013-10-21 10:48:22.000,2013-10-21 10:48:22.000
4484943,Assaf,f,2013-08-13 22:54:01.000,2013-08-13 22:54:01.000
4485354,Dominic,f,2021-03-11 03:35:43.000,2021-03-11 03:35:43.000
4485640,Kirsten + Markus,f,2014-04-16 14:39:10.000,2014-04-16 14:39:10.000
4486672,Malte,f,2016-01-21 22:55:24.000,2016-01-21 22:55:24.000
4488296,Matías,f,2021-08-16 22:38:10.000,2021-08-16 22:38:10.000
4497511,Sinem,f,2019-09-23 00:18:35.000,2019-09-23 00:18:35.000
4508459,Jessica,f,2014-12-23 12:35:30.000,2014-12-23 12:35:30.000
4508680,Lena,f,2018-02-11 18:06:01.000,2018-02-11 18:06:01.000
4510780,Lina Und Michel,f,2014-10-02 05:04:46.000,2014-10-02 05:04:46.000
4515085,Lily,f,2019-12-02 06:06:30.000,2019-12-02 06:06:30.000
4520878,Canelle,f,2015-08-02 10:23:22.000,2015-08-02 10:23:22.000
4533219,Hayley,f,2021-11-12 15:04:06.000,2021-11-12 15:04:06.000
4534284,Stefan,f,2021-10-29 13:36:18.000,2021-10-29 13:36:18.000
4543042,Duncan,f,2019-02-12 23:15:34.000,2019-02-12 23:15:34.000
4543752,Philipp,f,2021-11-01 01:41:36.000,2021-11-01 01:41:36.000
4545558,Austin,f,2016-08-09 16:20:33.000,2016-08-09 16:20:33.000
4551377,Sabine,f,2013-09-05 06:27:26.000,2013-09-05 06:27:26.000
4552406,Elisabeth,f,2016-09-02 12:25:02.000,2016-09-02 12:25:02.000
4553708,Canan,f,2017-03-01 08:12:28.000,2017-03-01 08:12:28.000
4555530,Claudio,f,2021-06-08 02:52:01.000,2021-06-08 02:52:01.000
4561657,William,f,2013-09-23 02:31:15.000,2013-09-23 02:31:15.000
4569498,Erika,f,2013-06-17 14:48:18.000,2013-06-17 14:48:18.000
4570364,Falk,f,2015-09-10 11:21:42.000,2015-09-10 11:21:42.000
4570719,Florian,f,2018-09-27 02:00:54.000,2018-09-27 02:00:54.000
4580179,Antje,f,2014-07-09 17:19:55.000,2014-07-09 17:19:55.000
4583391,Kirsten,t,2013-04-06 16:31:00.000,2013-04-06 16:31:00.000
4584592,Anna,f,2019-09-01 05:21:41.000,2019-09-01 05:21:41.000
4585526,Yvonne,f,2017-01-21 23:58:34.000,2017-01-21 23:58:34.000
4594271,Christian,f,2021-11-17 18:13:30.000,2021-11-17 18:13:30.000
4594337,Vera,f,2018-03-16 04:58:44.000,2018-03-16 04:58:44.000
4595327,Victor & Karla,f,2017-08-19 05:14:12.000,2017-08-19 05:14:12.000
4597640,Ludovit,f,2013-08-16 10:20:39.000,2013-08-16 10:20:39.000
4604291,Levi,f,2016-04-27 11:52:02.000,2016-04-27 11:52:02.000
4605778,Alexandre,f,2016-05-28 16:11:16.000,2016-05-28 16:11:16.000
4608065,Giovanni,f,2017-02-10 19:47:18.000,2017-02-10 19:47:18.000
4616252,Vincent,t,2015-10-13 15:55:10.000,2015-10-13 15:55:10.000
4618347,Bessaam,f,2021-07-29 16:36:00.000,2021-07-29 16:36:00.000
4618658,Namy,f,2018-03-15 10:03:48.000,2018-03-15 10:03:48.000
4622180,Crystal,f,2017-06-10 03:49:44.000,2017-06-10 03:49:44.000
4627929,Hank,f,2019-06-30 04:06:25.000,2019-06-30 04:06:25.000
4637512,Frank,t,2018-05-17 03:38:19.000,2018-05-17 03:38:19.000
4639836,Dino,f,2016-02-08 21:06:42.000,2016-02-08 21:06:42.000
4647121,Andres,t,2013-07-30 21:53:45.000,2013-07-30 21:53:45.000
4651905,Michael,f,2015-12-12 00:11:27.000,2015-12-12 00:11:27.000
4654308,Ute,t,2014-09-22 08:49:44.000,2014-09-22 08:49:44.000
4655176,Benedikt,t,2015-07-20 21:01:05.000,2015-07-20 21:01:05.000
4656310,Janna,f,2018-11-11 22:18:31.000,2018-11-11 22:18:31.000
4657157,Regina,f,2018-08-13 23:50:17.000,2018-08-13 23:50:17.000
4662843,Ivo,t,2018-09-09 23:53:29.000,2018-09-09 23:53:29.000
4666466,Katjusha,f,2015-07-11 00:20:17.000,2015-07-11 00:20:17.000
4676317,Matteo,f,2013-05-20 15:17:42.000,2013-05-20 15:17:42.000
4678991,Benjamin,t,2020-02-22 18:54:24.000,2020-02-22 18:54:24.000
4680255,Max,t,2013-02-19 13:04:37.000,2013-02-19 13:04:37.000
4682147,Stefan,t,2017-07-10 00:45:02.000,2017-07-10 00:45:02.000
4687616,Barbara,f,2021-11-17 16:49:46.000,2021-11-17 16:49:46.000
4689351,Carolina,t,2019-05-24 04:51:58.000,2019-05-24 04:51:58.000
4691084,Charlotte,f,2017-07-31 18:34:01.000,2017-07-31 18:34:01.000
4696381,James,f,2017-07-14 19:49:53.000,2017-07-14 19:49:53.000
4699851,Rachel,f,2021-10-02 17:32:19.000,2021-10-02 17:32:19.000
4709188,Salma,f,2016-05-23 04:49:27.000,2016-05-23 04:49:27.000
4713459,Farshid,f,2019-01-02 20:32:54.000,2019-01-02 20:32:54.000
4715653,Tatjana,f,2016-04-20 09:04:37.000,2016-04-20 09:04:37.000
4721756,Silvia,f,2013-03-07 18:05:39.000,2013-03-07 18:05:39.000
4722329,Günter,t,2013-12-28 07:45:00.000,2013-12-28 07:45:00.000
4727191,C-Laura,f,2021-10-24 11:37:29.000,2021-10-24 11:37:29.000
4728083,Kristine,f,2017-06-23 10:18:51.000,2017-06-23 10:18:51.000
4729446,Julia,t,2017-06-15 19:29:13.000,2017-06-15 19:29:13.000
4734773,Franziska,f,2019-09-21 11:55:37.000,2019-09-21 11:55:37.000
4736382,Nassa,t,2014-08-18 21:02:21.000,2014-08-18 21:02:21.000
4737495,Cigdem,f,2018-06-28 03:41:33.000,2018-06-28 03:41:33.000
4750332,Ofer,f,2021-11-01 09:06:48.000,2021-11-01 09:06:48.000
4751044,Anne,f,2015-05-25 18:30:43.000,2015-05-25 18:30:43.000
4758906,Kadir,f,2016-01-31 05:46:45.000,2016-01-31 05:46:45.000
4761922,Sascha,t,2019-07-19 06:48:56.000,2019-07-19 06:48:56.000
4762520,Astrid,t,2018-10-25 06:00:04.000,2018-10-25 06:00:04.000
4763299,Goran,f,2019-08-08 07:43:02.000,2019-08-08 07:43:02.000
4764276,Sophia,f,2014-05-24 10:50:31.000,2014-05-24 10:50:31.000
4788353,Vera,f,2019-02-25 08:38:07.000,2019-02-25 08:38:07.000
4790602,Rebecca,t,2013-04-29 16:13:06.000,2013-04-29 16:13:06.000
4791589,Julien,f,2021-09-11 12:27:44.000,2021-09-11 12:27:44.000
4800831,Miriam,f,2016-04-15 13:50:20.000,2016-04-15 13:50:20.000
4805516,Cesar,f,2020-07-08 14:38:29.000,2020-07-08 14:38:29.000
4808921,Danielle+Marcel,f,2014-05-03 08:12:19.000,2014-05-03 08:12:19.000
4812600,Deborah,f,2020-06-03 12:07:55.000,2020-06-03 12:07:55.000
4813229,Ulrike,f,2013-09-10 17:31:37.000,2013-09-10 17:31:37.000
4820099,Marga,t,2013-03-24 22:48:40.000,2013-03-24 22:48:40.000
4822278,Stefan,t,2013-06-10 08:25:20.000,2013-06-10 08:25:20.000
4822439,Isabel,f,2017-04-23 16:22:04.000,2017-04-23 16:22:04.000
4824097,Florian,f,2021-07-19 14:05:26.000,2021-07-19 14:05:26.000
4831236,Yasemin,f,2017-07-21 21:05:25.000,2017-07-21 21:05:25.000
4839410,Kai,f,2014-10-20 08:12:59.000,2014-10-20 08:12:59.000
4842737,Ofri,f,2017-05-18 04:57:00.000,2017-05-18 04:57:00.000
4852040,Punktie,f,2013-11-01 12:14:41.000,2013-11-01 12:14:41.000
4856060,Imogen,f,2014-12-11 16:23:24.000,2014-12-11 16:23:24.000
4863332,Amira,f,2016-03-31 07:45:26.000,2016-03-31 07:45:26.000
4865393,Torsten,f,2018-08-28 03:51:14.000,2018-08-28 03:51:14.000
4866157,Apolo,f,2018-10-05 18:47:43.000,2018-10-05 18:47:43.000
4873725,Tobias,t,2015-03-03 01:30:48.000,2015-03-03 01:30:48.000
4876365,Jose,t,2015-08-23 21:57:02.000,2015-08-23 21:57:02.000
4879990,Felix,t,2017-07-27 19:02:38.000,2017-07-27 19:02:38.000
4885534,Lena,f,2019-06-26 22:34:20.000,2019-06-26 22:34:20.000
4890623,Nathaniel,f,2019-02-26 01:27:59.000,2019-02-26 01:27:59.000
4892335,,,2017-04-02 02:17:16.000,2017-04-02 02:17:16.000
4894210,Vernandel,f,2018-01-08 21:18:05.000,2018-01-08 21:18:05.000
4902972,Ringo,f,2021-10-28 15:09:17.000,2021-10-28 15:09:17.000
4904972,Paula And Billy,t,2021-11-13 17:48:22.000,2021-11-13 17:48:22.000
4905137,René,f,2019-09-01 04:51:06.000,2019-09-01 04:51:06.000
4908062,Beatrice,t,2016-09-12 12:33:11.000,2016-09-12 12:33:11.000
4909625,Christina,f,2014-12-20 00:47:25.000,2014-12-20 00:47:25.000
4920909,Timm,f,2021-11-19 12:50:45.000,2021-11-19 12:50:45.000
4921836,Blanka,f,2017-08-30 11:54:17.000,2017-08-30 11:54:17.000
4931186,Anne,f,2015-08-13 08:48:36.000,2015-08-13 08:48:36.000
4942409,Parker,f,2015-12-21 12:43:44.000,2015-12-21 12:43:44.000
4942666,Verda,t,2013-03-26 15:41:21.000,2013-03-26 15:41:21.000
4948028,Sophie,f,2017-12-28 20:54:58.000,2017-12-28 20:54:58.000
4949715,Ana,f,2015-12-21 00:32:13.000,2015-12-21 00:32:13.000
4952307,Adam,f,2016-10-10 04:15:45.000,2016-10-10 04:15:45.000
4957509,Nina,f,2021-11-01 14:47:34.000,2021-11-01 14:47:34.000
4958724,Claudia,f,2015-12-26 05:21:26.000,2015-12-26 05:21:26.000
4961047,Sand,t,2019-02-02 19:04:26.000,2019-02-02 19:04:26.000
4971456,Franziska,f,2021-10-31 05:48:36.000,2021-10-31 05:48:36.000
4972474,Chloé,f,2016-10-16 08:59:32.000,2016-10-16 08:59:32.000
4973214,Annelies,t,2019-01-01 16:33:25.000,2019-01-01 16:33:25.000
4980663,Alexandra,t,2013-02-01 19:07:53.000,2013-02-01 19:07:53.000
4985511,David,f,2021-11-02 18:56:20.000,2021-11-02 18:56:20.000
4986076,Elisabeth,f,2015-02-21 11:21:35.000,2015-02-21 11:21:35.000
5001714,Torsten,f,2020-01-24 18:09:35.000,2020-01-24 18:09:35.000
5001886,Dmitry,f,2021-11-01 14:14:49.000,2021-11-01 14:14:49.000
5005413,Camille,f,2016-01-01 03:53:14.000,2016-01-01 03:53:14.000
5006628,Rachel,f,2019-04-07 02:28:12.000,2019-04-07 02:28:12.000
5015590,Caroline,f,2014-10-13 00:24:55.000,2014-10-13 00:24:55.000
5017227,Funda,t,2016-10-12 11:18:00.000,2016-10-12 11:18:00.000
5017234,Kacper,f,2021-11-06 22:57:48.000,2021-11-06 22:57:48.000
5020936,Holly,f,2018-06-09 10:05:27.000,2018-06-09 10:05:27.000
5021050,Natalie,f,2021-11-17 05:32:29.000,2021-11-17 05:32:29.000
5023680,Martin,f,2014-08-13 14:09:45.000,2014-08-13 14:09:45.000
5026755,Tal,f,2017-08-03 21:45:01.000,2017-08-03 21:45:01.000
5030860,Franziska,f,2021-10-31 03:49:40.000,2021-10-31 03:49:40.000
5033357,Dominik & Jessica,f,2017-02-16 11:16:32.000,2017-02-16 11:16:32.000
5035540,Cristina,f,2014-08-30 04:02:13.000,2014-08-30 04:02:13.000
5043876,Georgia,f,2021-10-26 14:09:43.000,2021-10-26 14:09:43.000
5044501,Clara,t,2013-03-25 17:43:07.000,2013-03-25 17:43:07.000
5054661,Vee & Hyun,f,2013-12-30 08:44:27.000,2013-12-30 08:44:27.000
5056339,Anna Maria,t,2013-04-04 03:34:59.000,2013-04-04 03:34:59.000
5058535,Rachel,f,2017-09-06 07:26:01.000,2017-09-06 07:26:01.000
5058933,Anne,f,2021-11-11 09:48:45.000,2021-11-11 09:48:45.000
5058997,Elaine,f,2015-08-25 16:44:03.000,2015-08-25 16:44:03.000
5072122,Hardy,f,2016-05-10 07:53:06.000,2016-05-10 07:53:06.000
5072702,Willy,f,2017-12-20 19:35:11.000,2017-12-20 19:35:11.000
5073652,Chris,f,2019-10-01 22:13:30.000,2019-10-01 22:13:30.000
5086196,Karli,f,2021-05-25 21:34:44.000,2021-05-25 21:34:44.000
5093585,Iouri,f,2016-04-11 23:01:54.000,2016-04-11 23:01:54.000
5097927,Irek,f,2017-05-29 00:05:59.000,2017-05-29 00:05:59.000
5099177,Anke,t,2020-07-11 23:35:34.000,2020-07-11 23:35:34.000
5100761,Stephan,f,2017-05-15 20:18:05.000,2017-05-15 20:18:05.000
5106259,Fernando,f,2019-02-06 12:46:49.000,2019-02-06 12:46:49.000
5109792,Claudia,f,2014-05-22 02:14:28.000,2014-05-22 02:14:28.000
5115316,Sissy,f,2015-01-10 06:37:43.000,2015-01-10 06:37:43.000
5115897,Ralph,f,2013-06-01 17:59:27.000,2013-06-01 17:59:27.000
5121658,Matt,f,2020-12-15 12:56:37.000,2020-12-15 12:56:37.000
5121814,Armin,f,2016-05-27 10:10:57.000,2016-05-27 10:10:57.000
5125650,Rike,f,2016-04-28 20:52:12.000,2016-04-28 20:52:12.000
5129180,Juliette,f,2021-11-18 03:56:40.000,2021-11-18 03:56:40.000
5129957,Alex,f,2018-11-07 05:09:08.000,2018-11-07 05:09:08.000
5141022,Vera,t,2018-01-20 17:55:53.000,2018-01-20 17:55:53.000
5141957,Petra & Isabella,f,2013-03-11 01:29:45.000,2013-03-11 01:29:45.000
5142403,Marine,f,2018-11-30 22:12:42.000,2018-11-30 22:12:42.000
5150766,Stefano,f,2014-12-30 03:54:12.000,2014-12-30 03:54:12.000
5154514,Dominic,f,2017-05-22 14:42:35.000,2017-05-22 14:42:35.000
5162764,Laura,f,2020-07-14 23:08:27.000,2020-07-14 23:08:27.000
5182885,Marco,f,2016-07-18 15:18:43.000,2016-07-18 15:18:43.000
5183353,Tabea,f,2018-05-27 02:22:55.000,2018-05-27 02:22:55.000
5185517,Anthony,f,2017-01-11 07:53:26.000,2017-01-11 07:53:26.000
5190350,Will,f,2018-06-20 12:50:20.000,2018-06-20 12:50:20.000
5193041,Chris,f,2018-10-23 19:50:11.000,2018-10-23 19:50:11.000
5194400,Wilken,t,2017-04-24 21:04:07.000,2017-04-24 21:04:07.000
5200565,Hélène,f,2015-07-14 17:30:24.000,2015-07-14 17:30:24.000
5204433,Alba,f,2016-05-22 04:36:27.000,2016-05-22 04:36:27.000
5206815,Philipp,f,2021-08-01 09:15:58.000,2021-08-01 09:15:58.000
5211369,Cecilia,t,2019-06-13 12:43:48.000,2019-06-13 12:43:48.000
5213494,Kseniya,f,2021-02-02 03:48:13.000,2021-02-02 03:48:13.000
5213513,Daphne,f,2019-05-18 14:39:04.000,2019-05-18 14:39:04.000
5213523,Jan-Christoph,f,2017-12-06 10:44:56.000,2017-12-06 10:44:56.000
5218012,Il Faro Blu,f,2016-05-22 20:15:47.000,2016-05-22 20:15:47.000
5218816,Timo,f,2017-01-09 14:58:07.000,2017-01-09 14:58:07.000
5223420,Robin,f,2017-03-31 01:56:13.000,2017-03-31 01:56:13.000
5223749,Eugenie,f,2020-06-30 20:06:20.000,2020-06-30 20:06:20.000
5226014,Aline,f,2021-11-16 00:10:08.000,2021-11-16 00:10:08.000
5237204,Chri,f,2021-11-16 23:16:51.000,2021-11-16 23:16:51.000
5240753,Christiane,f,2014-05-05 16:57:26.000,2014-05-05 16:57:26.000
5245778,Stephan,f,2021-10-26 07:36:00.000,2021-10-26 07:36:00.000
5255929,Sophia,f,2017-06-02 09:12:36.000,2017-06-02 09:12:36.000
5264073,Petra,f,2018-10-20 07:41:49.000,2018-10-20 07:41:49.000
5264818,Egill,f,2015-05-31 09:56:15.000,2015-05-31 09:56:15.000
5266706,Jan,f,2017-09-10 08:02:44.000,2017-09-10 08:02:44.000
5272092,Geronimo,f,2018-01-29 07:56:44.000,2018-01-29 07:56:44.000
5275315,Levi,f,2018-06-03 10:06:11.000,2018-06-03 10:06:11.000
5275593,Xinyue,f,2017-05-18 00:09:41.000,2017-05-18 00:09:41.000
5275625,Mark,f,2017-05-25 03:49:51.000,2017-05-25 03:49:51.000
5280482,Jonas,f,2015-08-17 22:51:57.000,2015-08-17 22:51:57.000
5280504,Doreen,f,2021-10-22 06:05:56.000,2021-10-22 06:05:56.000
5298519,Ara,f,2021-08-02 08:59:15.000,2021-08-02 08:59:15.000
5307516,Jasna,t,2019-04-19 15:24:24.000,2019-04-19 15:24:24.000
5313338,Leonie,f,2018-02-05 06:29:50.000,2018-02-05 06:29:50.000
5317830,Yasmine,f,2013-07-02 06:11:11.000,2013-07-02 06:11:11.000
5318354,Lara,f,2019-11-28 20:32:35.000,2019-11-28 20:32:35.000
5318753,Gudrun,f,2018-12-14 10:04:10.000,2018-12-14 10:04:10.000
5318765,Gabriella,f,2013-05-16 08:15:25.000,2013-05-16 08:15:25.000
5328939,Gee,f,2014-01-14 01:24:06.000,2014-01-14 01:24:06.000
5329174,Marita,f,2014-07-23 19:13:05.000,2014-07-23 19:13:05.000
5336702,Liliana,f,2013-05-07 00:39:41.000,2013-05-07 00:39:41.000
5338144,Stephan,f,2016-12-18 04:33:12.000,2016-12-18 04:33:12.000
5341934,Camila,f,2021-10-30 10:22:24.000,2021-10-30 10:22:24.000
5343971,Anna,f,2020-07-07 08:02:01.000,2020-07-07 08:02:01.000
5344428,Kers,f,2013-05-31 20:52:05.000,2013-05-31 20:52:05.000
5344945,Camille,t,2016-08-16 21:31:37.000,2016-08-16 21:31:37.000
5346130,Marielene,f,2017-11-14 22:28:56.000,2017-11-14 22:28:56.000
5347137,Stephanie,f,2021-11-03 18:27:01.000,2021-11-03 18:27:01.000
5351059,Falk,f,2021-10-30 02:03:06.000,2021-10-30 02:03:06.000
5352418,Sarah,t,2018-07-17 16:49:29.000,2018-07-17 16:49:29.000
5356521,Mehran,f,2018-12-27 08:01:17.000,2018-12-27 08:01:17.000
5358103,Emilia,t,2013-05-15 19:05:16.000,2013-05-15 19:05:16.000
5358588,Moritz,f,2016-05-26 02:33:18.000,2016-05-26 02:33:18.000
5363399,Anna Katharina,f,2021-10-22 02:42:06.000,2021-10-22 02:42:06.000
5367885,Philipp,f,2017-05-18 02:42:50.000,2017-05-18 02:42:50.000
5368594,Grace,f,2021-10-22 21:10:30.000,2021-10-22 21:10:30.000
5373465,Shani,f,2016-11-21 13:59:13.000,2016-11-21 13:59:13.000
5374964,Nori,f,2013-04-16 03:01:54.000,2013-04-16 03:01:54.000
5379661,Claudia,f,2021-10-31 17:52:28.000,2021-10-31 17:52:28.000
5383857,Ailon+Naama,f,2017-10-02 14:52:24.000,2017-10-02 14:52:24.000
5385927,Christine,f,2016-12-21 23:52:38.000,2016-12-21 23:52:38.000
5390033,Charlottenburg,f,2013-03-22 20:25:25.000,2013-03-22 20:25:25.000
5393011,Mala,f,2017-09-26 02:00:21.000,2017-09-26 02:00:21.000
5397593,David,f,2021-10-30 09:23:07.000,2021-10-30 09:23:07.000
5400207,Philipp,f,2016-01-22 12:43:25.000,2016-01-22 12:43:25.000
5402365,H.,f,2015-12-06 22:38:48.000,2015-12-06 22:38:48.000
5403913,Matthias,t,2016-05-16 05:56:09.000,2016-05-16 05:56:09.000
5409564,Wowa,f,2016-03-15 18:32:21.000,2016-03-15 18:32:21.000
5411147,Christopher Sebastian,f,2021-11-11 04:30:22.000,2021-11-11 04:30:22.000
5411484,Naomi,f,2021-11-17 21:31:20.000,2021-11-17 21:31:20.000
5412567,Brigitte,t,2014-01-29 09:46:17.000,2014-01-29 09:46:17.000
5412815,Alex,f,2014-06-08 02:18:46.000,2014-06-08 02:18:46.000
5413757,Lauri,f,2018-01-07 04:48:00.000,2018-01-07 04:48:00.000
5417560,Tania,f,2017-11-17 07:21:16.000,2017-11-17 07:21:16.000
5420949,Magdalena,f,2020-02-06 08:09:30.000,2020-02-06 08:09:30.000
5425985,Henning Und Julia,f,2016-08-13 19:10:56.000,2016-08-13 19:10:56.000
5427959,Sonia,f,2021-11-12 09:05:47.000,2021-11-12 09:05:47.000
5428701,Jose,f,2021-11-13 17:21:38.000,2021-11-13 17:21:38.000
5428990,Beatrice,f,2017-03-28 03:04:54.000,2017-03-28 03:04:54.000
5431184,Conrad,t,2015-04-23 12:33:40.000,2015-04-23 12:33:40.000
5433918,Joasha,f,2013-04-20 09:46:40.000,2013-04-20 09:46:40.000
5441825,Marcel,f,2013-03-27 03:20:10.000,2013-03-27 03:20:10.000
5445544,Niko,f,2020-03-04 20:40:08.000,2020-03-04 20:40:08.000
5452247,Stefan,f,2015-12-29 22:12:15.000,2015-12-29 22:12:15.000
5455895,Lionel,f,2018-12-25 03:46:45.000,2018-12-25 03:46:45.000
5457762,Eve,f,2021-08-24 05:32:04.000,2021-08-24 05:32:04.000
5458455,Charlene,f,2018-09-05 03:33:28.000,2018-09-05 03:33:28.000
5459494,Vefa,f,2019-01-08 13:14:35.000,2019-01-08 13:14:35.000
5460739,Jan,f,2021-11-03 12:44:26.000,2021-11-03 12:44:26.000
5463476,Magdalena,f,2016-04-23 04:46:36.000,2016-04-23 04:46:36.000
5472105,Marcel,f,2016-09-29 08:05:11.000,2016-09-29 08:05:11.000
5472923,Bettina,f,2014-04-09 02:44:53.000,2014-04-09 02:44:53.000
5475298,Konstantin,t,2019-06-20 13:55:39.000,2019-06-20 13:55:39.000
5476245,Ana-Lea,t,2019-02-14 23:46:06.000,2019-02-14 23:46:06.000
5483335,Julia,t,2013-03-29 17:28:54.000,2013-03-29 17:28:54.000
5483472,Laura,t,2018-12-11 03:02:28.000,2018-12-11 03:02:28.000
5484438,Natalie,f,2021-06-25 20:55:02.000,2021-06-25 20:55:02.000
5490517,Charles,f,2021-10-21 00:32:33.000,2021-10-21 00:32:33.000
5495775,Regina,f,2015-05-29 20:55:33.000,2015-05-29 20:55:33.000
5497311,Austin,t,2020-01-02 15:35:16.000,2020-01-02 15:35:16.000
5497851,Alexander,t,2014-12-15 18:44:38.000,2014-12-15 18:44:38.000
5499613,Torben,f,2013-12-02 14:14:42.000,2013-12-02 14:14:42.000
5501185,Penelope,f,2021-11-10 17:54:22.000,2021-11-10 17:54:22.000
5510710,Veronica,f,2017-08-27 20:45:00.000,2017-08-27 20:45:00.000
5510826,Anna-Maria,f,2020-08-28 21:57:15.000,2020-08-28 21:57:15.000
5511683,Penelope,t,2018-08-24 11:12:34.000,2018-08-24 11:12:34.000
5514759,Isis,f,2021-06-29 07:50:16.000,2021-06-29 07:50:16.000
5517298,Alexander,f,2018-03-23 02:20:33.000,2018-03-23 02:20:33.000
5517589,Claudia,f,2015-06-19 08:23:16.000,2015-06-19 08:23:16.000
5518188,Greg,f,2021-07-30 20:37:08.000,2021-07-30 20:37:08.000
5520073,Martin,f,2013-11-30 22:07:11.000,2013-11-30 22:07:11.000
5520777,Mike,f,2018-08-31 09:35:18.000,2018-08-31 09:35:18.000
5525131,Yolanda,f,2021-09-21 18:19:14.000,2021-09-21 18:19:14.000
5526138,Germaine,f,2021-10-31 06:15:52.000,2021-10-31 06:15:52.000
5528072,Seamus,f,2015-09-17 01:59:42.000,2015-09-17 01:59:42.000
5529386,Maciej,f,2013-04-26 05:48:31.000,2013-04-26 05:48:31.000
5531171,Sara,t,2017-02-07 18:20:17.000,2017-02-07 18:20:17.000
5534741,Grisha,f,2019-09-03 23:45:28.000,2019-09-03 23:45:28.000
5536737,Tomer,f,2019-12-25 08:10:07.000,2019-12-25 08:10:07.000
5539577,Sabine,f,2014-09-28 12:25:49.000,2014-09-28 12:25:49.000
5541517,Minh,t,2019-09-01 00:09:46.000,2019-09-01 00:09:46.000
5541908,Iris,f,2017-06-05 08:19:03.000,2017-06-05 08:19:03.000
5543248,Ivonne,f,2021-11-10 05:05:36.000,2021-11-10 05:05:36.000
5545069,Daniel,f,2015-09-06 17:43:46.000,2015-09-06 17:43:46.000
5557098,Oliver,f,2015-10-27 22:46:23.000,2015-10-27 22:46:23.000
5565063,Anna,f,2020-12-24 19:37:02.000,2020-12-24 19:37:02.000
5565633,Günter,f,2015-06-03 07:23:58.000,2015-06-03 07:23:58.000
5572112,Karl,t,2016-02-21 13:00:09.000,2016-02-21 13:00:09.000
5576897,Yiğit,f,2020-08-23 08:49:32.000,2020-08-23 08:49:32.000
5578036,Crea-Flat,f,2013-06-01 10:11:01.000,2013-06-01 10:11:01.000
5578768,Sylwia,f,2019-09-18 15:01:01.000,2019-09-18 15:01:01.000
5582563,Vivian,f,2021-10-25 21:41:31.000,2021-10-25 21:41:31.000
5583697,Daud,f,2014-05-06 20:24:11.000,2014-05-06 20:24:11.000
5589000,Marcello,f,2016-03-12 22:11:13.000,2016-03-12 22:11:13.000
5595570,Peter,f,2018-05-23 11:49:07.000,2018-05-23 11:49:07.000
5597128,Avi,t,2017-11-28 11:49:08.000,2017-11-28 11:49:08.000
5600476,Julia,f,2021-10-24 21:03:13.000,2021-10-24 21:03:13.000
5604528,Fabienne,f,2018-07-07 16:31:52.000,2018-07-07 16:31:52.000
5606704,Tim,f,2021-08-16 16:40:39.000,2021-08-16 16:40:39.000
5607402,Corwin & Mignon,f,2015-02-19 16:55:54.000,2015-02-19 16:55:54.000
5609794,Nadja,f,2018-12-26 21:07:49.000,2018-12-26 21:07:49.000
5613380,Elisabeth & Johannes,f,2018-10-15 03:28:48.000,2018-10-15 03:28:48.000
5615855,Sebastian,f,2014-08-29 20:06:02.000,2014-08-29 20:06:02.000
5622436,Mila,f,2018-12-29 15:25:13.000,2018-12-29 15:25:13.000
5625603,Marcos,t,2019-09-29 03:41:07.000,2019-09-29 03:41:07.000
5627838,Johanna,f,2018-03-16 12:09:52.000,2018-03-16 12:09:52.000
5630288,Natalia,f,2020-07-21 06:23:02.000,2020-07-21 06:23:02.000
5631857,Moritz,f,2015-12-06 14:18:38.000,2015-12-06 14:18:38.000
5637692,Achim,t,2014-09-07 05:09:02.000,2014-09-07 05:09:02.000
5640504,Marianne,t,2015-01-29 15:02:43.000,2015-01-29 15:02:43.000
5648102,Enna,f,2021-06-07 22:53:09.000,2021-06-07 22:53:09.000
5648493,Yulia,f,2017-02-25 19:55:57.000,2017-02-25 19:55:57.000
5660590,Helen,f,2016-03-30 05:56:08.000,2016-03-30 05:56:08.000
5662048,Alex,f,2021-10-24 07:37:58.000,2021-10-24 07:37:58.000
5678849,Paul,f,2019-10-23 01:14:06.000,2019-10-23 01:14:06.000
5679403,Linn,f,2014-02-04 22:51:38.000,2014-02-04 22:51:38.000
5679605,Mike,f,2015-12-24 16:41:54.000,2015-12-24 16:41:54.000
5680376,Minh-Ha,f,2015-08-07 10:19:40.000,2015-08-07 10:19:40.000
5684673,Anton,f,2016-09-10 23:49:07.000,2016-09-10 23:49:07.000
5687919,Heidi,t,2013-04-30 13:43:42.000,2013-04-30 13:43:42.000
5688877,Stephanie,f,2017-08-14 19:40:40.000,2017-08-14 19:40:40.000
5691997,Maité,f,2017-05-22 03:10:48.000,2017-05-22 03:10:48.000
5692471,Vio,f,2014-04-07 09:24:57.000,2014-04-07 09:24:57.000
5702353,Andreas,f,2021-05-30 01:47:10.000,2021-05-30 01:47:10.000
5715759,Linda&Sal,f,2017-10-07 02:07:44.000,2017-10-07 02:07:44.000
5721756,Julia,f,2018-12-15 14:21:53.000,2018-12-15 14:21:53.000
5722004,Francesca,f,2014-06-10 14:47:58.000,2014-06-10 14:47:58.000
5723192,Solange,f,2016-07-05 19:05:24.000,2016-07-05 19:05:24.000
5730626,Daniel,t,2019-12-15 04:57:21.000,2019-12-15 04:57:21.000
5738556,Clara,t,2013-06-24 01:47:15.000,2013-06-24 01:47:15.000
5739535,Ivan,f,2015-08-20 16:15:18.000,2015-08-20 16:15:18.000
5741672,Richard,f,2016-01-02 01:51:28.000,2016-01-02 01:51:28.000
5745773,Marcelo,f,2013-06-06 16:31:39.000,2013-06-06 16:31:39.000
5746351,Nina,f,2018-09-06 16:50:08.000,2018-09-06 16:50:08.000
5748615,Till,f,2015-07-27 04:51:34.000,2015-07-27 04:51:34.000
5753199,Diana,f,2021-11-03 19:40:41.000,2021-11-03 19:40:41.000
5762303,Anna,f,2018-01-26 04:42:05.000,2018-01-26 04:42:05.000
5766645,Anakay,f,2013-07-02 20:15:53.000,2013-07-02 20:15:53.000
5780327,Cécile,f,2018-03-22 16:15:59.000,2018-03-22 16:15:59.000
5780938,Cordula,t,2017-05-16 04:32:18.000,2017-05-16 04:32:18.000
5781298,Paul,f,2014-09-17 11:46:36.000,2014-09-17 11:46:36.000
5782835,Anna,t,2014-12-24 00:31:30.000,2014-12-24 00:31:30.000
5797841,Barbara,f,2014-07-28 09:20:44.000,2014-07-28 09:20:44.000
5799305,Alina,f,2015-05-28 09:07:50.000,2015-05-28 09:07:50.000
5811150,Leonhard,f,2018-01-10 23:42:22.000,2018-01-10 23:42:22.000
5811388,Mine,f,2018-09-20 18:03:01.000,2018-09-20 18:03:01.000
5817900,Re,f,2021-07-20 04:42:00.000,2021-07-20 04:42:00.000
5826427,Yossra,f,2019-03-02 01:07:20.000,2019-03-02 01:07:20.000
5827968,Abyel,f,2017-05-09 01:38:33.000,2017-05-09 01:38:33.000
5828266,Paula,f,2021-11-05 15:00:48.000,2021-11-05 15:00:48.000
5832930,Virginia,f,2020-01-26 11:12:03.000,2020-01-26 11:12:03.000
5832948,Pia,f,2021-07-18 03:56:28.000,2021-07-18 03:56:28.000
5843208,Steph,f,2016-04-23 09:23:02.000,2016-04-23 09:23:02.000
5846882,Holger,t,2015-07-18 11:31:52.000,2015-07-18 11:31:52.000
5850574,Ulla,t,2017-09-10 23:04:16.000,2017-09-10 23:04:16.000
5850852,Julia,f,2014-12-23 21:23:08.000,2014-12-23 21:23:08.000
5853998,Thomas,f,2017-02-17 15:27:57.000,2017-02-17 15:27:57.000
5856324,Albert,f,2015-12-14 08:41:39.000,2015-12-14 08:41:39.000
5857749,Lada,f,2015-07-30 23:21:04.000,2015-07-30 23:21:04.000
5857991,Nadine,f,2017-11-11 12:12:45.000,2017-11-11 12:12:45.000
5858480,Johannes,f,2016-07-27 21:55:43.000,2016-07-27 21:55:43.000
5858585,Julie,f,2017-12-04 13:06:20.000,2017-12-04 13:06:20.000
5861985,Damien,f,2015-07-05 04:39:28.000,2015-07-05 04:39:28.000
5863778,Anastasia,f,2013-04-22 22:17:08.000,2013-04-22 22:17:08.000
5867606,Kirstin,f,2021-11-03 05:15:23.000,2021-11-03 05:15:23.000
5867999,Heike,f,2015-10-23 08:50:02.000,2015-10-23 08:50:02.000
5870398,Iman,f,2016-12-29 17:02:57.000,2016-12-29 17:02:57.000
5874663,Britta,t,2020-05-28 01:53:01.000,2020-05-28 01:53:01.000
5875420,Rod,f,2014-07-29 15:34:17.000,2014-07-29 15:34:17.000
5875974,Leah,f,2021-10-21 02:41:17.000,2021-10-21 02:41:17.000
5876153,Luisa,f,2019-02-02 15:28:23.000,2019-02-02 15:28:23.000
5876541,Reinhard,t,2013-04-18 12:53:49.000,2013-04-18 12:53:49.000
5876709,Yasmin,f,2021-07-23 04:24:20.000,2021-07-23 04:24:20.000
5882316,Shane,f,2021-11-18 04:37:19.000,2021-11-18 04:37:19.000
5889788,Shai,f,2018-08-11 20:14:43.000,2018-08-11 20:14:43.000
5891250,Thomas,t,2019-04-25 23:13:35.000,2019-04-25 23:13:35.000
5895821,Annette,f,2019-07-01 20:09:33.000,2019-07-01 20:09:33.000
5901886,Jay,t,2019-06-09 03:43:34.000,2019-06-09 03:43:34.000
5914410,Agneya Klemens,f,2014-12-23 07:33:26.000,2014-12-23 07:33:26.000
5921654,Felix,f,2021-10-28 10:36:24.000,2021-10-28 10:36:24.000
5924626,Villads,f,2021-08-12 09:21:43.000,2021-08-12 09:21:43.000
5932898,Holger,f,2018-03-28 09:28:51.000,2018-03-28 09:28:51.000
5937313,Hyun-Jung,f,2017-04-09 18:38:07.000,2017-04-09 18:38:07.000
5941408,Sylvie,f,2014-07-24 17:38:37.000,2014-07-24 17:38:37.000
5949335,Nadja,t,2017-04-04 03:47:16.000,2017-04-04 03:47:16.000
5950775,Milena,f,2017-08-14 19:51:26.000,2017-08-14 19:51:26.000
5951584,Käthe,t,2021-07-26 07:06:22.000,2021-07-26 07:06:22.000
5954131,Ilhami,t,2015-10-24 22:38:25.000,2015-10-24 22:38:25.000
5956698,Robert,f,2017-01-02 19:41:47.000,2017-01-02 19:41:47.000
5963032,Kat,f,2018-07-29 14:18:23.000,2018-07-29 14:18:23.000
5963254,Virginijus,f,2013-10-08 16:43:55.000,2013-10-08 16:43:55.000
5964660,Simon,f,2016-08-10 09:56:31.000,2016-08-10 09:56:31.000
5967083,Matthias,f,2021-11-09 19:06:25.000,2021-11-09 19:06:25.000
5972706,Antonia,f,2019-07-25 14:11:21.000,2019-07-25 14:11:21.000
5975557,Anna,f,2017-12-20 15:01:13.000,2017-12-20 15:01:13.000
5980826,Christian,f,2014-10-07 22:26:52.000,2014-10-07 22:26:52.000
5982514,Lisa,t,2018-03-25 09:14:44.000,2018-03-25 09:14:44.000
5983138,Isabel,f,2018-08-19 00:55:53.000,2018-08-19 00:55:53.000
5986022,Ronak,f,2020-02-16 13:08:32.000,2020-02-16 13:08:32.000
5986722,Dorit,t,2013-07-29 15:59:09.000,2013-07-29 15:59:09.000
5987252,Tim,f,2016-06-27 12:11:33.000,2016-06-27 12:11:33.000
5992855,Polina,f,2021-06-04 22:07:26.000,2021-06-04 22:07:26.000
5998769,Vera,f,2015-06-06 00:04:13.000,2015-06-06 00:04:13.000
6004144,Tobias,f,2019-02-06 20:11:17.000,2019-02-06 20:11:17.000
6010003,Julie,f,2018-07-11 10:10:54.000,2018-07-11 10:10:54.000
6018718,Florian,f,2017-02-26 14:00:59.000,2017-02-26 14:00:59.000
6019615,Claudia,f,2021-09-16 03:41:30.000,2021-09-16 03:41:30.000
6021865,Kitty,t,2014-03-21 20:19:57.000,2014-03-21 20:19:57.000
6024485,Jules,f,2021-11-08 00:43:12.000,2021-11-08 00:43:12.000
6027836,Meret,f,2014-07-08 02:37:26.000,2014-07-08 02:37:26.000
6029552,Tim,f,2021-11-08 09:52:34.000,2021-11-08 09:52:34.000
6037665,Louisa,f,2015-05-29 02:11:12.000,2015-05-29 02:11:12.000
6043420,Natalija,f,2021-11-14 09:13:23.000,2021-11-14 09:13:23.000
6044723,Michele,f,2021-11-05 19:01:04.000,2021-11-05 19:01:04.000
6051493,Bärbel Veronika,t,2014-04-12 07:57:32.000,2014-04-12 07:57:32.000
6051685,Francesca,t,2016-09-15 21:23:10.000,2016-09-15 21:23:10.000
6053172,Noa,f,2013-05-26 14:54:56.000,2013-05-26 14:54:56.000
6063739,Max,t,2019-01-06 07:27:00.000,2019-01-06 07:27:00.000
6063858,Ekkehard,t,2021-08-06 20:59:57.000,2021-08-06 20:59:57.000
6070390,Gia,f,2017-08-25 10:17:44.000,2017-08-25 10:17:44.000
6070708,Layla,t,2017-05-20 19:00:42.000,2017-05-20 19:00:42.000
6070830,Johannes,f,2020-07-14 16:17:35.000,2020-07-14 16:17:35.000
6073146,Sandra,t,2018-12-20 03:02:47.000,2018-12-20 03:02:47.000
6074400,Eliav,f,2013-05-29 22:20:18.000,2013-05-29 22:20:18.000
6082386,Marco,f,2016-03-05 20:11:10.000,2016-03-05 20:11:10.000
6085639,Samira,f,2015-07-11 18:23:37.000,2015-07-11 18:23:37.000
6087414,Sandra,f,2021-10-21 13:14:19.000,2021-10-21 13:14:19.000
6093732,M,f,2017-11-20 13:51:29.000,2017-11-20 13:51:29.000
6099328,Klaus,f,2013-07-09 12:27:19.000,2013-07-09 12:27:19.000
6100253,Sandra,f,2015-10-18 14:37:51.000,2015-10-18 14:37:51.000
6106940,Nikolas,f,2019-10-07 04:31:43.000,2019-10-07 04:31:43.000
6110838,Rachele,f,2019-10-13 23:54:15.000,2019-10-13 23:54:15.000
6124221,Andrea,f,2013-06-27 17:51:57.000,2013-06-27 17:51:57.000
6124361,Elena,f,2013-05-20 08:42:08.000,2013-05-20 08:42:08.000
6124709,Sigrid,f,2013-05-30 03:49:41.000,2013-05-30 03:49:41.000
6127369,Domi,f,2018-02-06 21:58:17.000,2018-02-06 21:58:17.000
6130801,Marcus,t,2017-05-12 09:40:42.000,2017-05-12 09:40:42.000
6132644,Katie,f,2017-02-07 18:20:54.000,2017-02-07 18:20:54.000
6132926,Katja,f,2013-07-23 22:59:13.000,2013-07-23 22:59:13.000
6144401,Daniel,f,2014-08-06 03:41:19.000,2014-08-06 03:41:19.000
6146026,Amira,f,2019-04-13 08:07:18.000,2019-04-13 08:07:18.000
6147334,Rike,f,2018-07-19 17:15:19.000,2018-07-19 17:15:19.000
6156867,Lena,f,2021-08-17 19:54:50.000,2021-08-17 19:54:50.000
6159547,Klaus,f,2015-08-15 13:15:03.000,2015-08-15 13:15:03.000
6159706,Bele,t,2016-08-02 07:29:59.000,2016-08-02 07:29:59.000
6162307,Daniel,f,2015-12-29 00:18:14.000,2015-12-29 00:18:14.000
6164101,Robert,f,2017-08-13 22:29:59.000,2017-08-13 22:29:59.000
6166493,Carolina,f,2019-09-04 22:45:17.000,2019-09-04 22:45:17.000
6168170,Malte,f,2015-12-05 23:38:32.000,2015-12-05 23:38:32.000
6172570,Marc.,f,2015-08-27 04:58:02.000,2015-08-27 04:58:02.000
6173350,Rebecca,f,2018-07-15 22:06:05.000,2018-07-15 22:06:05.000
6174626,Lydia,f,2016-05-24 22:40:23.000,2016-05-24 22:40:23.000
6178686,Carolina,t,2019-08-15 08:41:54.000,2019-08-15 08:41:54.000
6182410,Julia Lara,f,2021-11-05 22:01:51.000,2021-11-05 22:01:51.000
6184616,Lukas,f,2021-11-09 10:42:29.000,2021-11-09 10:42:29.000
6189019,Stefanie,f,2016-07-11 14:28:36.000,2016-07-11 14:28:36.000
6189890,Hermann,f,2021-10-09 10:53:53.000,2021-10-09 10:53:53.000
6199802,Moritz,f,2015-08-18 02:33:39.000,2015-08-18 02:33:39.000
6199997,Clara,f,2017-01-01 22:29:31.000,2017-01-01 22:29:31.000
6203269,Kolja,f,2021-10-27 15:47:38.000,2021-10-27 15:47:38.000
6204418,Mel,t,2019-08-12 16:37:40.000,2019-08-12 16:37:40.000
6206246,"Sabine ""Holli""",f,2015-07-16 05:58:30.000,2015-07-16 05:58:30.000
6209920,Maria,t,2015-09-15 20:44:53.000,2015-09-15 20:44:53.000
6220454,Mina,f,2021-11-09 15:06:03.000,2021-11-09 15:06:03.000
6226344,Tine,t,2013-05-05 08:50:16.000,2013-05-05 08:50:16.000
6226529,Thomas,t,2016-03-20 00:51:03.000,2016-03-20 00:51:03.000
6231480,Romina,f,2016-03-23 19:28:30.000,2016-03-23 19:28:30.000
6233753,Thorsten,f,2016-04-12 13:33:58.000,2016-04-12 13:33:58.000
6234930,Julia,f,2017-06-16 05:41:05.000,2017-06-16 05:41:05.000
6239045,Michaela,f,2018-09-07 13:19:33.000,2018-09-07 13:19:33.000
6246883,Ciril,f,2015-11-02 12:07:47.000,2015-11-02 12:07:47.000
6249813,Harald,f,2013-08-02 16:26:41.000,2013-08-02 16:26:41.000
6258829,Natalia,f,2019-12-19 11:43:56.000,2019-12-19 11:43:56.000
6265395,Laura,f,2018-07-09 04:36:42.000,2018-07-09 04:36:42.000
6267519,Christopher,f,2021-11-16 14:21:11.000,2021-11-16 14:21:11.000
6268762,Laura,f,2019-12-25 19:27:05.000,2019-12-25 19:27:05.000
6273446,Lexi,f,2019-12-21 18:29:22.000,2019-12-21 18:29:22.000
6292483,Anna,t,2013-08-15 10:45:41.000,2013-08-15 10:45:41.000
6300727,Birgit,t,2013-07-28 16:24:10.000,2013-07-28 16:24:10.000
6302373,Andreas,f,2015-04-26 09:32:57.000,2015-04-26 09:32:57.000
6318287,Izvor,f,2021-10-22 19:36:00.000,2021-10-22 19:36:00.000
6318510,Marleen,f,2015-04-05 22:57:42.000,2015-04-05 22:57:42.000
6318748,Jessica,f,2015-11-03 04:43:10.000,2015-11-03 04:43:10.000
6321453,Daniel,t,2019-11-28 02:53:30.000,2019-11-28 02:53:30.000
6323869,Wendelin,t,2017-11-30 00:35:57.000,2017-11-30 00:35:57.000
6331662,Bubu,f,2017-10-09 17:18:13.000,2017-10-09 17:18:13.000
6334003,Rudolf,f,2014-04-14 01:09:17.000,2014-04-14 01:09:17.000
6335539,Nikolai,f,2016-03-22 06:22:08.000,2016-03-22 06:22:08.000
6344185,Lisha,f,2016-03-08 06:18:06.000,2016-03-08 06:18:06.000
6344210,Jean-Luc,f,2017-02-27 05:13:14.000,2017-02-27 05:13:14.000
6345039,Jan,f,2013-07-09 21:12:33.000,2013-07-09 21:12:33.000
6347549,Alex,t,2018-04-19 01:37:15.000,2018-04-19 01:37:15.000
6347860,Ulrich,f,2013-08-23 11:15:07.000,2013-08-23 11:15:07.000
6348024,Jérémie,f,2017-06-06 04:18:21.000,2017-06-06 04:18:21.000
6350335,Gabriele,f,2016-10-20 22:58:44.000,2016-10-20 22:58:44.000
6353600,Lisa,f,2021-11-14 17:31:21.000,2021-11-14 17:31:21.000
6353673,Elina,f,2016-12-04 14:49:37.000,2016-12-04 14:49:37.000
6354841,Meggie,t,2018-08-16 09:29:29.000,2018-08-16 09:29:29.000
6355189,Maileen,f,2017-04-13 23:11:24.000,2017-04-13 23:11:24.000
6363325,Wanja,f,2015-06-17 08:26:08.000,2015-06-17 08:26:08.000
6364320,Börge,f,2018-02-13 08:45:13.000,2018-02-13 08:45:13.000
6366832,Nehemias,t,2019-01-02 07:44:29.000,2019-01-02 07:44:29.000
6368527,Johannes,f,2019-11-08 18:43:24.000,2019-11-08 18:43:24.000
6376823,Gini,f,2016-07-10 02:03:12.000,2016-07-10 02:03:12.000
6381968,Isabella,f,2017-09-26 16:36:18.000,2017-09-26 16:36:18.000
6383363,Thomas,f,2016-05-02 21:46:37.000,2016-05-02 21:46:37.000
6385144,Rayvei,f,2021-10-31 08:17:15.000,2021-10-31 08:17:15.000
6385859,City West,f,2013-06-01 07:38:42.000,2013-06-01 07:38:42.000
6388605,Alexander,f,2018-10-17 20:10:03.000,2018-10-17 20:10:03.000
6390440,Mata,f,2013-06-13 23:47:02.000,2013-06-13 23:47:02.000
6398027,Heather,f,2021-11-14 09:49:43.000,2021-11-14 09:49:43.000
6398950,Susy,f,2014-07-19 16:53:46.000,2014-07-19 16:53:46.000
6404042,Kerstin,f,2018-05-10 03:33:03.000,2018-05-10 03:33:03.000
6409782,Iris,f,2019-04-30 18:21:12.000,2019-04-30 18:21:12.000
6420472,Gerit Bella,t,2014-12-11 03:36:21.000,2014-12-11 03:36:21.000
6421569,Tobias,f,2014-12-19 10:55:43.000,2014-12-19 10:55:43.000
6423501,Ina,f,2017-06-11 19:31:00.000,2017-06-11 19:31:00.000
6423867,Paul,f,2017-03-20 08:51:49.000,2017-03-20 08:51:49.000
6430567,Sebastian,f,2017-08-15 06:50:37.000,2017-08-15 06:50:37.000
6431572,Lulu,f,2021-11-04 03:46:19.000,2021-11-04 03:46:19.000
6435317,Tatjana,f,2019-07-21 21:26:47.000,2019-07-21 21:26:47.000
6435581,Anja,f,2016-09-18 18:38:59.000,2016-09-18 18:38:59.000
6438552,Stephanie,t,2013-06-11 02:56:43.000,2013-06-11 02:56:43.000
6444753,Doerthe,t,2013-10-21 02:55:24.000,2013-10-21 02:55:24.000
6445502,Edda,f,2018-07-09 18:29:50.000,2018-07-09 18:29:50.000
6455043,Ulrike,f,2021-10-28 13:12:58.000,2021-10-28 13:12:58.000
6455819,Samira,t,2017-06-04 01:59:50.000,2017-06-04 01:59:50.000
6457403,Julia,f,2013-10-09 08:19:51.000,2013-10-09 08:19:51.000
6465260,Steffen,f,2018-04-24 11:12:55.000,2018-04-24 11:12:55.000
6483252,Felix,f,2015-09-27 19:22:44.000,2015-09-27 19:22:44.000
6484949,Valesca,f,2019-08-13 20:51:46.000,2019-08-13 20:51:46.000
6484975,Miguel,f,2015-07-13 19:10:11.000,2015-07-13 19:10:11.000
6485008,Andrea,t,2013-08-27 16:01:59.000,2013-08-27 16:01:59.000
6488558,Thassilo,f,2015-12-25 19:09:21.000,2015-12-25 19:09:21.000
6489161,Lionel,t,2017-08-12 15:34:14.000,2017-08-12 15:34:14.000
6496447,Janosh,f,2021-05-20 12:21:31.000,2021-05-20 12:21:31.000
6499598,Pablo,f,2014-09-13 19:49:00.000,2014-09-13 19:49:00.000
6505391,Martin,f,2021-11-12 00:47:20.000,2021-11-12 00:47:20.000
6506688,Furat,f,2018-03-06 06:39:02.000,2018-03-06 06:39:02.000
6522168,Alan,t,2014-01-31 01:18:37.000,2014-01-31 01:18:37.000
6526396,Laura,f,2021-10-31 11:52:42.000,2021-10-31 11:52:42.000
6536070,Rudi,t,2018-09-01 10:26:49.000,2018-09-01 10:26:49.000
6538853,Karola,f,2014-10-15 16:02:56.000,2014-10-15 16:02:56.000
6543031,Claudia,t,2018-07-19 06:34:58.000,2018-07-19 06:34:58.000
6546445,Lukas,f,2016-11-21 12:41:30.000,2016-11-21 12:41:30.000
6549867,Yvonne & Thomas,t,2013-07-04 22:58:17.000,2013-07-04 22:58:17.000
6551394,Adi,f,2018-03-19 12:51:36.000,2018-03-19 12:51:36.000
6551626,Claudia,f,2021-11-08 17:44:12.000,2021-11-08 17:44:12.000
6564682,Jazzy,f,2019-04-24 13:24:47.000,2019-04-24 13:24:47.000
6566668,Stephanie,f,2013-07-03 17:55:37.000,2013-07-03 17:55:37.000
6572385,Adam,f,2017-05-04 18:37:14.000,2017-05-04 18:37:14.000
6574138,Conny,f,2014-09-22 07:44:30.000,2014-09-22 07:44:30.000
6580269,Agathe,f,2021-11-10 00:09:30.000,2021-11-10 00:09:30.000
6580478,Nastasia,f,2020-10-15 22:37:26.000,2020-10-15 22:37:26.000
6584336,Martina,t,2014-04-16 16:12:43.000,2014-04-16 16:12:43.000
6584851,Eva,f,2013-12-16 07:18:13.000,2013-12-16 07:18:13.000
6587650,Andreas,f,2015-08-19 20:49:11.000,2015-08-19 20:49:11.000
6588733,Monika,t,2016-09-08 16:10:53.000,2016-09-08 16:10:53.000
6593666,Jee,f,2021-11-07 01:42:05.000,2021-11-07 01:42:05.000
6593941,Emma,f,2018-09-13 03:35:06.000,2018-09-13 03:35:06.000
6598506,Dila,f,2016-12-16 12:05:07.000,2016-12-16 12:05:07.000
6630483,Ulrike,t,2013-12-25 07:25:02.000,2013-12-25 07:25:02.000
6631653,Mia C.,f,2016-07-28 09:02:58.000,2016-07-28 09:02:58.000
6631719,Asta,f,2018-03-14 11:21:03.000,2018-03-14 11:21:03.000
6635876,Thomas,f,2013-10-19 18:54:43.000,2013-10-19 18:54:43.000
6636003,Miranda,f,2015-12-20 19:48:51.000,2015-12-20 19:48:51.000
6636571,Jey,t,2019-04-22 10:14:56.000,2019-04-22 10:14:56.000
6637229,Cristina,f,2017-02-12 15:48:10.000,2017-02-12 15:48:10.000
6639099,Familie Claus Jagdhuhn Roch,t,2015-10-16 13:01:59.000,2015-10-16 13:01:59.000
6649169,Sven,f,2015-10-30 22:51:52.000,2015-10-30 22:51:52.000
6649313,Matthias,f,2016-09-14 23:16:49.000,2016-09-14 23:16:49.000
6657704,Olivier,t,2014-09-21 01:50:22.000,2014-09-21 01:50:22.000
6659601,Nataliia,f,2021-09-21 05:00:15.000,2021-09-21 05:00:15.000
6660317,Sebastian,t,2019-09-26 22:29:33.000,2019-09-26 22:29:33.000
6664785,Philipp,f,2015-07-21 19:09:29.000,2015-07-21 19:09:29.000
6665646,Anna,f,2018-05-14 10:40:21.000,2018-05-14 10:40:21.000
6666365,Katharina,f,2016-11-19 14:52:12.000,2016-11-19 14:52:12.000
6666610,Naz,f,2018-08-26 22:58:13.000,2018-08-26 22:58:13.000
6667247,Carlotta,f,2017-12-25 05:52:48.000,2017-12-25 05:52:48.000
6667328,Alexander,t,2020-07-28 00:13:07.000,2020-07-28 00:13:07.000
6682282,Ines,t,2018-11-23 11:36:43.000,2018-11-23 11:36:43.000
6686989,Fiona,f,2019-07-06 11:52:42.000,2019-07-06 11:52:42.000
6688141,Nadja,f,2017-06-23 01:35:47.000,2017-06-23 01:35:47.000
6692089,Verena,f,2015-08-16 16:17:42.000,2015-08-16 16:17:42.000
6692311,Tobias,f,2018-04-17 20:59:36.000,2018-04-17 20:59:36.000
6692385,David,f,2021-10-22 17:39:43.000,2021-10-22 17:39:43.000
6693676,Malin,f,2021-11-08 23:05:35.000,2021-11-08 23:05:35.000
6694682,Marcel,f,2019-06-20 21:36:07.000,2019-06-20 21:36:07.000
6698582,Daniel,f,2017-09-22 16:38:03.000,2017-09-22 16:38:03.000
6703283,Sophie,f,2021-11-14 08:48:30.000,2021-11-14 08:48:30.000
6709799,Markus,f,2016-12-18 01:24:18.000,2016-12-18 01:24:18.000
6711220,Ella,t,2020-02-20 15:36:52.000,2020-02-20 15:36:52.000
6711612,Elena,f,2016-08-01 16:12:04.000,2016-08-01 16:12:04.000
6712574,Andy,t,2020-09-30 21:01:29.000,2020-09-30 21:01:29.000
6712655,Daniel,f,2021-10-21 11:05:59.000,2021-10-21 11:05:59.000
6719262,Samira,f,2015-12-21 09:20:30.000,2015-12-21 09:20:30.000
6719488,Krzysztof,f,2016-06-12 19:58:01.000,2016-06-12 19:58:01.000
6721827,Laura,f,2015-11-14 12:49:22.000,2015-11-14 12:49:22.000
6732062,Enrico,f,2014-10-12 20:18:16.000,2014-10-12 20:18:16.000
6734209,Thomas,f,2021-09-18 00:17:55.000,2021-09-18 00:17:55.000
6734609,Simone,f,2015-08-03 09:55:51.000,2015-08-03 09:55:51.000
6738041,Tobi,f,2021-11-12 23:46:19.000,2021-11-12 23:46:19.000
6742172,Ines,f,2017-05-15 05:01:36.000,2017-05-15 05:01:36.000
6747871,Michael,f,2017-07-19 17:26:11.000,2017-07-19 17:26:11.000
6748543,Manuel,t,2019-11-29 19:56:33.000,2019-11-29 19:56:33.000
6748983,Thomas,f,2014-05-28 00:31:25.000,2014-05-28 00:31:25.000
6757487,Malou,f,2018-04-15 03:02:36.000,2018-04-15 03:02:36.000
6758980,Martina,t,2017-08-22 03:58:33.000,2017-08-22 03:58:33.000
6762020,Klaus,t,2016-04-16 21:26:30.000,2016-04-16 21:26:30.000
6775145,Wilson,f,2019-07-30 14:30:42.000,2019-07-30 14:30:42.000
6776410,Johanna,f,2021-11-06 07:02:58.000,2021-11-06 07:02:58.000
6782131,Christian,t,2013-06-25 21:29:26.000,2013-06-25 21:29:26.000
6783079,Patricia,f,2013-07-02 08:12:15.000,2013-07-02 08:12:15.000
6783646,Vincent Drost,f,2014-04-29 10:51:33.000,2014-04-29 10:51:33.000
6799339,Andre,f,2014-10-08 21:02:35.000,2014-10-08 21:02:35.000
6802585,Judith,f,2016-02-08 16:49:59.000,2016-02-08 16:49:59.000
6804050,Lara,f,2018-06-27 21:07:17.000,2018-06-27 21:07:17.000
6805780,Nathalie,f,2018-09-15 08:42:59.000,2018-09-15 08:42:59.000
6811053,Blair,f,2016-07-04 16:06:51.000,2016-07-04 16:06:51.000
6812311,Valeria,f,2016-07-29 22:38:19.000,2016-07-29 22:38:19.000
6815251,Yael,f,2018-09-15 23:52:04.000,2018-09-15 23:52:04.000
6817854,Bibu,t,2013-06-08 17:24:32.000,2013-06-08 17:24:32.000
6823092,Thomas,t,2013-07-31 06:53:01.000,2013-07-31 06:53:01.000
6829764,Adam,f,2021-11-04 19:42:29.000,2021-11-04 19:42:29.000
6831093,Johnny,f,2014-09-30 09:34:38.000,2014-09-30 09:34:38.000
6834138,Inga,f,2021-10-22 12:41:10.000,2021-10-22 12:41:10.000
6836604,Flora,f,2017-02-20 23:44:13.000,2017-02-20 23:44:13.000
6838022,Valentina,f,2021-10-22 14:04:45.000,2021-10-22 14:04:45.000
6839048,Stine,f,2018-02-21 19:54:44.000,2018-02-21 19:54:44.000
6839883,Nik,f,2015-11-02 22:50:29.000,2015-11-02 22:50:29.000
6841077,Julia,f,2019-08-01 04:53:23.000,2019-08-01 04:53:23.000
6841431,Frank & Elin,f,2014-03-01 12:18:24.000,2014-03-01 12:18:24.000
6841935,Kai-Rochus,f,2015-08-04 22:35:07.000,2015-08-04 22:35:07.000
6842515,Catrin,f,2017-09-06 03:24:14.000,2017-09-06 03:24:14.000
6844683,Jan,f,2021-11-10 09:46:43.000,2021-11-10 09:46:43.000
6852879,Christopher,f,2021-11-02 11:59:02.000,2021-11-02 11:59:02.000
6853157,Andrea,f,2013-06-28 04:01:56.000,2013-06-28 04:01:56.000
6854633,Mareen,f,2019-08-28 21:09:55.000,2019-08-28 21:09:55.000
6860402,Inga,f,2016-01-04 23:11:57.000,2016-01-04 23:11:57.000
6870892,V.,t,2013-08-14 21:47:53.000,2013-08-14 21:47:53.000
6871880,Jeanne,f,2021-11-02 04:55:04.000,2021-11-02 04:55:04.000
6875017,Caspar,f,2017-01-01 12:46:33.000,2017-01-01 12:46:33.000
6880089,Carmen,t,2016-03-22 20:59:07.000,2016-03-22 20:59:07.000
6882486,Maria Und Dani,f,2013-06-12 17:10:40.000,2013-06-12 17:10:40.000
6888987,Avi,f,2018-10-28 17:54:17.000,2018-10-28 17:54:17.000
6889245,Jodi,f,2016-06-18 13:59:43.000,2016-06-18 13:59:43.000
6889725,Simikka,f,2018-11-01 00:33:42.000,2018-11-01 00:33:42.000
6901954,Siegmar,f,2021-02-23 11:32:41.000,2021-02-23 11:32:41.000
6902038,Uli,f,2015-05-25 12:52:03.000,2015-05-25 12:52:03.000
6913255,Chloe,f,2020-07-15 21:17:00.000,2020-07-15 21:17:00.000
6913952,Jennifer,t,2017-03-31 09:45:31.000,2017-03-31 09:45:31.000
6914386,Nastja,f,2021-10-28 03:45:28.000,2021-10-28 03:45:28.000
6915042,Barbara,f,2021-10-29 20:57:14.000,2021-10-29 20:57:14.000
6918365,Jana,f,2021-10-31 05:57:30.000,2021-10-31 05:57:30.000
6923376,Heike,f,2013-08-31 02:10:14.000,2013-08-31 02:10:14.000
6923662,Stephan,f,2021-11-18 08:36:33.000,2021-11-18 08:36:33.000
6940392,Marie,t,2015-03-27 21:10:04.000,2015-03-27 21:10:04.000
6944165,Lisa,f,2015-06-29 13:57:20.000,2015-06-29 13:57:20.000
6944715,Tom,t,2015-07-22 09:01:48.000,2015-07-22 09:01:48.000
6951911,Rita,f,2019-07-28 14:23:30.000,2019-07-28 14:23:30.000
6952208,Anne,f,2013-09-17 04:12:29.000,2013-09-17 04:12:29.000
6955851,Dietrich,f,2017-08-01 04:37:11.000,2017-08-01 04:37:11.000
6956984,Conner,f,2016-03-30 17:55:11.000,2016-03-30 17:55:11.000
6958069,Jörg,f,2021-10-29 17:07:59.000,2021-10-29 17:07:59.000
6962136,Christophe,t,2017-03-09 00:45:55.000,2017-03-09 00:45:55.000
6964953,Kolja,t,2019-05-11 13:53:09.000,2019-05-11 13:53:09.000
6966463,Araí,t,2019-05-20 16:46:50.000,2019-05-20 16:46:50.000
6978996,Gabriel,f,2016-07-29 15:21:01.000,2016-07-29 15:21:01.000
6983472,Dominique,f,2018-07-30 13:00:13.000,2018-07-30 13:00:13.000
6983517,Coco,t,2014-10-09 11:23:51.000,2014-10-09 11:23:51.000
6985688,Meike,f,2015-10-12 10:57:06.000,2015-10-12 10:57:06.000
6986690,Mani,f,2013-06-14 00:26:59.000,2013-06-14 00:26:59.000
6987001,Thomas,f,2021-09-10 21:40:00.000,2021-09-10 21:40:00.000
6993550,Rytis,f,2019-01-09 12:01:26.000,2019-01-09 12:01:26.000
6995696,Luc,f,2020-02-28 14:48:24.000,2020-02-28 14:48:24.000
6997446,Anneta,f,2016-02-27 22:12:27.000,2016-02-27 22:12:27.000
6998839,Andreas,f,2017-12-27 22:03:28.000,2017-12-27 22:03:28.000
6999167,Emma,t,2016-08-04 14:07:12.000,2016-08-04 14:07:12.000
7002417,Martina,f,2021-11-06 12:25:36.000,2021-11-06 12:25:36.000
7007500,Ben,f,2015-08-16 15:29:32.000,2015-08-16 15:29:32.000
7008325,Mimi,f,2013-08-01 17:17:40.000,2013-08-01 17:17:40.000
7013190,Sara,f,2013-06-26 14:05:16.000,2013-06-26 14:05:16.000
7013537,Elie,f,2018-05-14 12:37:18.000,2018-05-14 12:37:18.000
7013887,Matteo,f,2021-10-27 06:38:54.000,2021-10-27 06:38:54.000
7016883,Christoph,f,2018-02-25 17:52:19.000,2018-02-25 17:52:19.000
7016908,Clara,f,2021-11-04 23:22:47.000,2021-11-04 23:22:47.000
7020858,Judith,f,2015-11-30 00:13:19.000,2015-11-30 00:13:19.000
7021592,Nadja,f,2021-10-29 00:24:08.000,2021-10-29 00:24:08.000
7023585,Christian,t,2019-04-05 10:29:01.000,2019-04-05 10:29:01.000
7023703,Svenja Lisa,f,2017-04-02 02:01:09.000,2017-04-02 02:01:09.000
7024580,Raquel,f,2021-10-28 00:41:14.000,2021-10-28 00:41:14.000
7025570,Quentin,f,2021-10-27 03:10:36.000,2021-10-27 03:10:36.000
7025819,Frederik,f,2017-07-28 00:45:02.000,2017-07-28 00:45:02.000
7030716,Reyko,f,2019-07-11 03:02:25.000,2019-07-11 03:02:25.000
7031936,Hotel,f,2020-02-24 16:36:07.000,2020-02-24 16:36:07.000
7035736,Philip,f,2013-11-27 03:39:38.000,2013-11-27 03:39:38.000
7040329,Maria,f,2015-07-10 09:56:31.000,2015-07-10 09:56:31.000
7040480,Ursula,t,2019-10-16 13:03:50.000,2019-10-16 13:03:50.000
7045173,Heike,f,2020-07-03 22:47:11.000,2020-07-03 22:47:11.000
7046251,Kevin,f,2018-05-28 04:40:45.000,2018-05-28 04:40:45.000
7047051,Peter,f,2015-09-05 21:24:13.000,2015-09-05 21:24:13.000
7047741,Jacqueline,f,2016-07-26 00:34:51.000,2016-07-26 00:34:51.000
7049251,Mareen,f,2020-07-26 17:59:19.000,2020-07-26 17:59:19.000
7049784,Grit,f,2013-08-12 05:24:17.000,2013-08-12 05:24:17.000
7053397,Marco,f,2016-09-14 10:28:34.000,2016-09-14 10:28:34.000
7054387,Stefan,f,2016-05-05 12:10:10.000,2016-05-05 12:10:10.000
7061458,Robert,f,2021-11-12 22:24:46.000,2021-11-12 22:24:46.000
7070629,Katrin,t,2013-07-30 07:27:07.000,2013-07-30 07:27:07.000
7080701,Katrin,f,2021-09-01 22:51:15.000,2021-09-01 22:51:15.000
7082632,Ricardo,f,2019-05-26 06:14:23.000,2019-05-26 06:14:23.000
7083302,Moritz Johannes,t,2018-05-02 06:27:58.000,2018-05-02 06:27:58.000
7085590,Elisa,t,2019-10-17 16:06:40.000,2019-10-17 16:06:40.000
7085812,Lucio,t,2017-01-11 03:33:03.000,2017-01-11 03:33:03.000
7090817,Luisa,f,2014-05-10 20:31:42.000,2014-05-10 20:31:42.000
7101186,Katja,t,2013-06-23 12:28:42.000,2013-06-23 12:28:42.000
7101976,Sandra,f,2021-08-27 12:26:04.000,2021-08-27 12:26:04.000
7102412,Elena,f,2015-08-11 00:12:46.000,2015-08-11 00:12:46.000
7104635,Laura,t,2020-01-07 10:30:20.000,2020-01-07 10:30:20.000
7106671,Heike,f,2013-08-09 07:56:23.000,2013-08-09 07:56:23.000
7107063,Claire,f,2021-09-05 02:05:39.000,2021-09-05 02:05:39.000
7110642,Fabian,f,2016-07-17 08:16:36.000,2016-07-17 08:16:36.000
7113017,Rom,f,2014-02-21 01:12:42.000,2014-02-21 01:12:42.000
7113054,Hannah,f,2017-06-16 22:29:39.000,2017-06-16 22:29:39.000
7114027,Evelyn,f,2016-05-29 11:23:43.000,2016-05-29 11:23:43.000
7123370,Dori,f,2013-07-25 20:54:36.000,2013-07-25 20:54:36.000
7133966,Vandana,f,2021-11-18 15:40:54.000,2021-11-18 15:40:54.000
7134203,Sophia,f,2021-11-09 18:54:12.000,2021-11-09 18:54:12.000
7134487,Felicia,f,2016-11-24 22:34:56.000,2016-11-24 22:34:56.000
7135007,India,f,2016-01-19 17:14:28.000,2016-01-19 17:14:28.000
7136160,Jiji,f,2021-11-06 10:29:55.000,2021-11-06 10:29:55.000
7141108,Kurt,f,2021-10-31 16:28:27.000,2021-10-31 16:28:27.000
7144113,Sabrina,f,2014-05-09 00:11:16.000,2014-05-09 00:11:16.000
7148967,Matthew,f,2014-07-15 05:07:20.000,2014-07-15 05:07:20.000
7150142,Cordula,f,2021-06-23 02:26:50.000,2021-06-23 02:26:50.000
7150491,Karl Uwe,f,2013-04-25 10:33:05.000,2013-04-25 10:33:05.000
7155789,Marlon,f,2018-08-22 22:43:36.000,2018-08-22 22:43:36.000
7156182,Bob,f,2021-11-03 13:32:26.000,2021-11-03 13:32:26.000
7161235,Melinda,f,2017-04-23 08:39:00.000,2017-04-23 08:39:00.000
7161494,Sebastian,f,2021-06-20 14:47:19.000,2021-06-20 14:47:19.000
7161882,Tobias,f,2015-10-28 11:48:59.000,2015-10-28 11:48:59.000
7163857,Alex,f,2017-04-18 23:39:00.000,2017-04-18 23:39:00.000
7172137,Annelen,f,2017-08-30 07:54:30.000,2017-08-30 07:54:30.000
7177149,Ailin,f,2019-12-17 02:23:30.000,2019-12-17 02:23:30.000
7179481,Gaetano,f,2017-02-13 18:11:15.000,2017-02-13 18:11:15.000
7180371,Gunilla,t,2013-08-13 21:16:36.000,2013-08-13 21:16:36.000
7190946,Jens,f,2016-01-01 23:37:02.000,2016-01-01 23:37:02.000
7194747,Sebastien,t,2013-08-04 15:05:49.000,2013-08-04 15:05:49.000
7198786,Oliver,f,2018-01-07 00:35:39.000,2018-01-07 00:35:39.000
7203652,Jasmin Isabelle,f,2016-09-22 17:50:55.000,2016-09-22 17:50:55.000
7209360,Martina,t,2013-06-28 06:36:02.000,2013-06-28 06:36:02.000
7210477,Katriina,f,2021-11-12 12:08:00.000,2021-11-12 12:08:00.000
7214537,Sarah,f,2019-02-05 06:40:07.000,2019-02-05 06:40:07.000
7227202,Ozan,f,2018-04-19 02:31:31.000,2018-04-19 02:31:31.000
7232336,Rinze,f,2017-07-16 22:43:40.000,2017-07-16 22:43:40.000
7234685,Tido & Annika,t,2020-02-16 19:35:42.000,2020-02-16 19:35:42.000
7248391,Christian,f,2019-10-24 05:37:47.000,2019-10-24 05:37:47.000
7254664,Sunny,f,2014-09-06 05:10:26.000,2014-09-06 05:10:26.000
7255902,Tim,f,2021-10-23 03:06:04.000,2021-10-23 03:06:04.000
7259521,Rose,f,2017-01-30 15:20:17.000,2017-01-30 15:20:17.000
7259553,Anja,f,2016-05-16 11:24:10.000,2016-05-16 11:24:10.000
7261024,Samira,f,2018-12-23 11:05:45.000,2018-12-23 11:05:45.000
7278838,Raimund,f,2014-11-07 21:33:47.000,2014-11-07 21:33:47.000
7283426,Anne,f,2021-11-08 15:10:11.000,2021-11-08 15:10:11.000
7285808,Sefana,f,2021-11-17 04:59:54.000,2021-11-17 04:59:54.000
7296581,Travis,t,2019-06-24 00:16:47.000,2019-06-24 00:16:47.000
7297221,Armin,f,2017-10-07 21:21:20.000,2017-10-07 21:21:20.000
7299364,Nicolas,f,2017-07-14 21:54:22.000,2017-07-14 21:54:22.000
7300975,Joscha,f,2017-08-21 04:19:37.000,2017-08-21 04:19:37.000
7302854,Daniel,f,2015-08-31 23:03:08.000,2015-08-31 23:03:08.000
7306430,Francesco,t,2013-12-27 07:35:22.000,2013-12-27 07:35:22.000
7306670,Familie Timm,f,2018-07-11 12:20:53.000,2018-07-11 12:20:53.000
7311165,Jan,t,2017-05-31 04:00:14.000,2017-05-31 04:00:14.000
7311494,Stefano,f,2020-02-08 19:00:50.000,2020-02-08 19:00:50.000
7313508,Tommy,f,2016-09-28 01:06:50.000,2016-09-28 01:06:50.000
7318498,Kaja,f,2018-02-19 01:59:43.000,2018-02-19 01:59:43.000
7320833,Wiebke,f,2019-09-28 19:34:49.000,2019-09-28 19:34:49.000
7321244,Santiago,f,2017-05-09 05:40:47.000,2017-05-09 05:40:47.000
7330871,Pietro,f,2021-10-26 14:59:47.000,2021-10-26 14:59:47.000
7345803,Roberta,f,2014-07-19 18:39:38.000,2014-07-19 18:39:38.000
7347235,Anna,f,2015-08-17 16:19:58.000,2015-08-17 16:19:58.000
7350493,Helmut,f,2015-04-07 13:28:35.000,2015-04-07 13:28:35.000
7358286,Anna,f,2016-07-29 14:15:26.000,2016-07-29 14:15:26.000
7358781,Tessa,f,2021-11-12 16:07:17.000,2021-11-12 16:07:17.000
7368302,Moses,f,2018-07-07 01:42:07.000,2018-07-07 01:42:07.000
7369609,Anna-Lena,f,2021-10-27 19:39:29.000,2021-10-27 19:39:29.000
7371707,Carole,f,2015-02-26 09:01:08.000,2015-02-26 09:01:08.000
7375828,Rolf,f,2013-08-17 17:11:07.000,2013-08-17 17:11:07.000
7386888,Achim,f,2018-06-18 23:58:02.000,2018-06-18 23:58:02.000
7388070,Neta,f,2018-05-29 21:13:15.000,2018-05-29 21:13:15.000
7390327,Alexandre,t,2021-06-25 01:16:19.000,2021-06-25 01:16:19.000
7391389,Kolja,f,2016-07-24 15:51:49.000,2016-07-24 15:51:49.000
7393590,Claudia,f,2021-10-26 22:12:08.000,2021-10-26 22:12:08.000
7393812,Marie,f,2019-03-06 15:33:47.000,2019-03-06 15:33:47.000
7394457,Pauliona,f,2016-03-16 08:15:16.000,2016-03-16 08:15:16.000
7398557,Judith,f,2018-08-07 01:14:42.000,2018-08-07 01:14:42.000
7404071,Marta,f,2016-05-19 08:46:36.000,2016-05-19 08:46:36.000
7404237,Jana,f,2020-09-22 18:55:34.000,2020-09-22 18:55:34.000
7421058,Michal,f,2019-09-06 13:57:10.000,2019-09-06 13:57:10.000
7422508,Elsa,f,2016-07-13 05:55:11.000,2016-07-13 05:55:11.000
7424890,Stefan,f,2021-10-31 18:16:38.000,2021-10-31 18:16:38.000
7427469,Raoul,f,2021-11-04 15:25:51.000,2021-11-04 15:25:51.000
7431620,Je Min,f,2019-07-06 16:48:32.000,2019-07-06 16:48:32.000
7431793,Marius,f,2021-11-06 22:14:24.000,2021-11-06 22:14:24.000
7435233,Luca,f,2017-08-27 03:26:49.000,2017-08-27 03:26:49.000
7435301,Nadine,f,2016-11-17 02:08:00.000,2016-11-17 02:08:00.000
7441123,Lucie,f,2015-05-02 02:34:05.000,2015-05-02 02:34:05.000
7443864,Simon,t,2018-09-18 04:43:57.000,2018-09-18 04:43:57.000
7445858,Christophe,f,2013-07-26 18:39:49.000,2013-07-26 18:39:49.000
7446057,Mélissa,f,2021-10-25 04:30:41.000,2021-10-25 04:30:41.000
7447225,Judith,f,2017-03-25 17:10:21.000,2017-03-25 17:10:21.000
7447773,Katha,f,2021-10-23 11:59:22.000,2021-10-23 11:59:22.000
7452832,Leanne,t,2019-12-30 07:01:55.000,2019-12-30 07:01:55.000
7454471,Kathrin,f,2021-05-30 02:46:43.000,2021-05-30 02:46:43.000
7458512,Katja,f,2021-11-02 23:35:38.000,2021-11-02 23:35:38.000
7464895,Benno,f,2013-07-06 08:04:03.000,2013-07-06 08:04:03.000
7474571,Lukas,f,2019-06-14 17:23:46.000,2019-06-14 17:23:46.000
7475147,Zachi,f,2020-08-28 21:37:38.000,2020-08-28 21:37:38.000
7479020,Oksana,f,2016-04-25 12:12:48.000,2016-04-25 12:12:48.000
7489142,Wolfgang,f,2021-10-22 08:41:36.000,2021-10-22 08:41:36.000
7492959,Alisa,f,2015-09-03 18:18:21.000,2015-09-03 18:18:21.000
7493737,René,f,2015-04-24 07:00:00.000,2015-04-24 07:00:00.000
7495644,Bastian,f,2021-11-02 10:48:27.000,2021-11-02 10:48:27.000
7496038,Sebastian,f,2021-05-07 10:15:29.000,2021-05-07 10:15:29.000
7498147,Johannes,f,2015-09-03 13:02:33.000,2015-09-03 13:02:33.000
7502783,Jessica,f,2017-06-16 20:02:32.000,2017-06-16 20:02:32.000
7517055,Laura,f,2017-04-26 00:08:52.000,2017-04-26 00:08:52.000
7517858,Jenny,f,2015-05-27 11:47:47.000,2015-05-27 11:47:47.000
7526751,Stanislav,f,2015-05-10 21:54:59.000,2015-05-10 21:54:59.000
7530729,Jutta,f,2013-07-24 20:39:48.000,2013-07-24 20:39:48.000
7538606,Lena,f,2016-08-23 08:21:45.000,2016-08-23 08:21:45.000
7538799,Lina,f,2017-09-06 02:47:47.000,2017-09-06 02:47:47.000
7541984,Philipp,f,2016-12-19 20:36:57.000,2016-12-19 20:36:57.000
7544745,Sergi,f,2016-09-20 17:33:05.000,2016-09-20 17:33:05.000
7545909,Poca,t,2013-07-27 05:08:29.000,2013-07-27 05:08:29.000
7552025,Farid,t,2015-12-20 23:57:41.000,2015-12-20 23:57:41.000
7567642,Rajendra,f,2021-07-05 17:28:43.000,2021-07-05 17:28:43.000
7568471,Luise,f,2014-05-18 05:10:52.000,2014-05-18 05:10:52.000
7568662,Mel,f,2014-09-06 14:04:37.000,2014-09-06 14:04:37.000
7575304,Mona,f,2021-11-15 17:35:42.000,2021-11-15 17:35:42.000
7585649,Beatrice,f,2013-07-24 04:12:41.000,2013-07-24 04:12:41.000
7587185,Sophie,f,2015-05-18 11:58:54.000,2015-05-18 11:58:54.000
7588445,Roman,f,2017-07-08 15:51:06.000,2017-07-08 15:51:06.000
7591391,Felix,f,2017-03-06 12:50:10.000,2017-03-06 12:50:10.000
7595030,Alice,f,2018-07-16 11:39:01.000,2018-07-16 11:39:01.000
7612325,Chantal,f,2014-07-25 15:29:57.000,2014-07-25 15:29:57.000
7624016,Maria Paz,f,2019-12-29 15:23:47.000,2019-12-29 15:23:47.000
7630037,Jörg,f,2021-10-29 22:30:29.000,2021-10-29 22:30:29.000
7631450,Marlena,f,2015-11-06 00:40:14.000,2015-11-06 00:40:14.000
7641518,Marcus,f,2018-12-10 23:03:37.000,2018-12-10 23:03:37.000
7643592,Julia,f,2017-07-05 14:04:02.000,2017-07-05 14:04:02.000
7645075,Sonja,f,2016-08-01 07:29:37.000,2016-08-01 07:29:37.000
7645150,Kelly,f,2020-07-06 15:32:37.000,2020-07-06 15:32:37.000
7654105,Ciro,f,2013-10-18 15:39:44.000,2013-10-18 15:39:44.000
7660196,Ella,f,2014-04-16 09:32:23.000,2014-04-16 09:32:23.000
7662733,Adi,t,2020-01-08 13:28:19.000,2020-01-08 13:28:19.000
7664653,Pia,f,2017-12-19 21:51:28.000,2017-12-19 21:51:28.000
7665526,Ulrike,f,2017-08-03 05:20:54.000,2017-08-03 05:20:54.000
7666276,Irina,f,2018-08-19 02:42:55.000,2018-08-19 02:42:55.000
7672003,Stefan,f,2021-10-25 18:06:23.000,2021-10-25 18:06:23.000
7672350,Ferdi,f,2018-07-19 08:24:07.000,2018-07-19 08:24:07.000
7679613,Corinna,f,2018-03-16 15:59:27.000,2018-03-16 15:59:27.000
7682212,Rene,f,2015-09-07 22:23:53.000,2015-09-07 22:23:53.000
7688174,Tamara,f,2021-11-19 21:15:17.000,2021-11-19 21:15:17.000
7689046,Francesca,f,2020-02-08 02:20:45.000,2020-02-08 02:20:45.000
7689466,Ingrid,f,2019-01-12 12:04:26.000,2019-01-12 12:04:26.000
7690651,Yvonne,f,2014-07-20 11:15:54.000,2014-07-20 11:15:54.000
7692781,Tatjana,f,2018-06-21 17:24:44.000,2018-06-21 17:24:44.000
7694683,Marcus & Katja,f,2013-07-23 16:06:35.000,2013-07-23 16:06:35.000
7695048,Saskia,f,2021-11-11 03:04:22.000,2021-11-11 03:04:22.000
7711221,Antje,f,2015-06-25 19:12:01.000,2015-06-25 19:12:01.000
7713529,Josephine,f,2014-12-07 01:51:32.000,2014-12-07 01:51:32.000
7714675,Wanda,f,2015-09-09 11:14:13.000,2015-09-09 11:14:13.000
7715690,Hoai,f,2021-11-14 23:59:19.000,2021-11-14 23:59:19.000
7717021,Ina,f,2017-08-01 11:49:51.000,2017-08-01 11:49:51.000
7718636,Betti,f,2013-08-02 15:51:21.000,2013-08-02 15:51:21.000
7722245,Marika,f,2021-11-08 21:51:27.000,2021-11-08 21:51:27.000
7726527,Jamina,f,2016-07-23 22:51:16.000,2016-07-23 22:51:16.000
7733950,Stephan,f,2016-08-20 18:34:40.000,2016-08-20 18:34:40.000
7739362,Jim,f,2015-07-07 20:58:31.000,2015-07-07 20:58:31.000
7743615,Andre,f,2015-04-04 08:44:21.000,2015-04-04 08:44:21.000
7756781,Hidde,f,2017-09-02 05:26:31.000,2017-09-02 05:26:31.000
7763213,Raphael,t,2019-03-19 19:46:09.000,2019-03-19 19:46:09.000
7769957,Frederic,f,2017-04-28 11:18:46.000,2017-04-28 11:18:46.000
7772115,Atar,f,2021-11-08 23:43:49.000,2021-11-08 23:43:49.000
7772829,Mark,t,2019-08-18 16:53:15.000,2019-08-18 16:53:15.000
7774382,Julia,f,2014-09-14 13:32:31.000,2014-09-14 13:32:31.000
7775858,Jonas,f,2021-11-18 23:48:06.000,2021-11-18 23:48:06.000
7780643,Susanne,f,2016-02-13 21:41:05.000,2016-02-13 21:41:05.000
7782518,Valerie,f,2017-06-30 09:13:30.000,2017-06-30 09:13:30.000
7790860,Uta,t,2017-09-04 03:33:32.000,2017-09-04 03:33:32.000
7793193,David,t,2016-01-27 18:15:35.000,2016-01-27 18:15:35.000
7799000,Sarah,f,2016-05-09 18:25:46.000,2016-05-09 18:25:46.000
7799349,Meggie,f,2016-11-26 21:14:37.000,2016-11-26 21:14:37.000
7804284,Enka,f,2013-09-09 22:32:49.000,2013-09-09 22:32:49.000
7805492,Dagmar,f,2018-10-29 03:29:07.000,2018-10-29 03:29:07.000
7806387,Rémi,f,2018-10-20 12:17:13.000,2018-10-20 12:17:13.000
7806997,Alexander,f,2018-07-21 17:55:43.000,2018-07-21 17:55:43.000
7814818,Sarah,f,2014-08-01 04:24:42.000,2014-08-01 04:24:42.000
7816001,Enrico,f,2021-11-02 13:14:37.000,2021-11-02 13:14:37.000
7818881,Tabea & Max,t,2021-03-19 11:31:57.000,2021-03-19 11:31:57.000
7818896,Jonas,t,2019-10-16 00:40:55.000,2019-10-16 00:40:55.000
7819153,Roxane,f,2021-11-01 11:30:09.000,2021-11-01 11:30:09.000
7820776,Ahmed Samir,f,2017-11-28 11:44:00.000,2017-11-28 11:44:00.000
7821233,Natalia,f,2016-06-01 02:21:08.000,2016-06-01 02:21:08.000
7822054,Karin,f,2016-07-02 04:52:14.000,2016-07-02 04:52:14.000
7824258,Stephan,f,2019-05-09 14:19:30.000,2019-05-09 14:19:30.000
7825880,Xiaofu,f,2021-10-28 15:55:33.000,2021-10-28 15:55:33.000
7836564,Rususdan,f,2020-09-10 00:03:54.000,2020-09-10 00:03:54.000
7840664,Stefanie,f,2020-01-23 19:47:28.000,2020-01-23 19:47:28.000
7843911,Jean-Francois,t,2014-09-22 14:52:30.000,2014-09-22 14:52:30.000
7846233,Dustin,f,2021-11-19 16:39:42.000,2021-11-19 16:39:42.000
7851769,Mavin,f,2018-05-24 12:15:46.000,2018-05-24 12:15:46.000
7862344,Laura,f,2021-10-25 09:03:50.000,2021-10-25 09:03:50.000
7870973,Dominique,f,2014-10-05 07:37:35.000,2014-10-05 07:37:35.000
7874854,Anna,f,2015-08-25 14:34:18.000,2015-08-25 14:34:18.000
7886166,Christian,t,2019-01-29 06:23:46.000,2019-01-29 06:23:46.000
7889655,Riccardo,f,2021-08-22 20:51:09.000,2021-08-22 20:51:09.000
7905210,Stephan,t,2014-01-25 02:00:11.000,2014-01-25 02:00:11.000
7908075,Miriam,t,2017-05-27 05:25:24.000,2017-05-27 05:25:24.000
7908994,Beatriz,f,2021-11-05 07:08:18.000,2021-11-05 07:08:18.000
7910455,Elena,f,2021-10-21 17:36:44.000,2021-10-21 17:36:44.000
7912934,Clarissa,f,2021-11-06 01:06:55.000,2021-11-06 01:06:55.000
7919827,Laura,f,2021-07-12 11:32:19.000,2021-07-12 11:32:19.000
7921212,Denise,f,2017-12-13 16:59:29.000,2017-12-13 16:59:29.000
7925731,Sue,t,2018-10-24 21:09:06.000,2018-10-24 21:09:06.000
7931616,Annagloria,f,2021-10-29 15:56:43.000,2021-10-29 15:56:43.000
7937228,Helania,f,2018-02-25 10:34:40.000,2018-02-25 10:34:40.000
7946999,Andrea,t,2015-03-03 03:45:51.000,2015-03-03 03:45:51.000
7953979,Lisa,f,2015-03-14 14:32:05.000,2015-03-14 14:32:05.000
7954755,Bathsheba,f,2020-04-09 11:16:50.000,2020-04-09 11:16:50.000
7954994,Daniele,f,2019-03-25 13:38:46.000,2019-03-25 13:38:46.000
7962082,Anna,f,2017-04-25 04:36:18.000,2017-04-25 04:36:18.000
7976555,Noemie,f,2021-11-13 23:32:48.000,2021-11-13 23:32:48.000
7976973,Jacqueline,f,2015-03-24 02:12:55.000,2015-03-24 02:12:55.000
7977414,Io,f,2021-10-22 21:55:23.000,2021-10-22 21:55:23.000
7979825,Dietmar,f,2021-10-26 16:42:47.000,2021-10-26 16:42:47.000
7982625,Claudio,f,2016-09-23 12:08:24.000,2016-09-23 12:08:24.000
7988400,Mimi,f,2017-05-30 03:22:46.000,2017-05-30 03:22:46.000
7993591,Luis,f,2015-12-06 19:53:48.000,2015-12-06 19:53:48.000
7995143,Katja,f,2015-09-07 11:10:07.000,2015-09-07 11:10:07.000
7997118,Elena,f,2016-11-07 11:09:35.000,2016-11-07 11:09:35.000
8000009,Ringo,f,2018-02-07 16:02:41.000,2018-02-07 16:02:41.000
8001305,Janis,f,2013-08-06 19:17:54.000,2013-08-06 19:17:54.000
8007604,Deniz,f,2018-09-05 18:27:23.000,2018-09-05 18:27:23.000
8024037,Kerstin,f,2014-12-20 05:23:28.000,2014-12-20 05:23:28.000
8027749,Susan,f,2015-12-27 17:46:20.000,2015-12-27 17:46:20.000
8034469,Johanna,f,2019-08-20 16:24:11.000,2019-08-20 16:24:11.000
8037004,Denise,t,2021-05-19 11:53:25.000,2021-05-19 11:53:25.000
8039463,Andres,f,2016-09-09 00:43:13.000,2016-09-09 00:43:13.000
8040197,Marlene,f,2014-08-11 11:54:44.000,2014-08-11 11:54:44.000
8041653,Amelie,f,2018-06-16 07:18:04.000,2018-06-16 07:18:04.000
8045600,Arnaud,f,2016-05-14 11:53:02.000,2016-05-14 11:53:02.000
8045818,Vera,f,2015-10-17 16:14:07.000,2015-10-17 16:14:07.000
8048514,Billie & Nina,f,2016-12-24 19:46:58.000,2016-12-24 19:46:58.000
8048976,Sonia,f,2013-12-24 07:03:21.000,2013-12-24 07:03:21.000
8064427,Frederik,f,2013-08-08 18:58:31.000,2013-08-08 18:58:31.000
8069588,Georg,f,2015-05-14 08:42:52.000,2015-05-14 08:42:52.000
8070209,Sebastien,f,2018-11-11 21:57:17.000,2018-11-11 21:57:17.000
8085151,Timo,f,2015-07-31 17:31:13.000,2015-07-31 17:31:13.000
8091821,René,f,2017-09-27 15:29:09.000,2017-09-27 15:29:09.000
8097501,Madelief,f,2021-10-22 05:56:26.000,2021-10-22 05:56:26.000
8098290,Lara,f,2020-07-19 02:25:43.000,2020-07-19 02:25:43.000
8099439,Julia,t,2015-12-31 22:48:35.000,2015-12-31 22:48:35.000
8100677,Miguel Angel,f,2015-07-01 18:25:48.000,2015-07-01 18:25:48.000
8105038,Olga,f,2018-05-30 05:09:08.000,2018-05-30 05:09:08.000
8112984,Lea,f,2017-07-28 19:41:38.000,2017-07-28 19:41:38.000
8114439,Alicia,f,2020-10-14 05:40:42.000,2020-10-14 05:40:42.000
8122393,David,t,2017-04-21 04:05:55.000,2017-04-21 04:05:55.000
8127321,Michael,f,2019-04-27 10:46:01.000,2019-04-27 10:46:01.000
8129996,Katja,f,2021-11-07 03:33:31.000,2021-11-07 03:33:31.000
8140250,Danny,f,2019-12-27 14:52:03.000,2019-12-27 14:52:03.000
8146714,Louisa,f,2016-04-06 03:36:06.000,2016-04-06 03:36:06.000
8147864,Jacqueline,f,2016-03-10 15:56:45.000,2016-03-10 15:56:45.000
8153157,Pawel,f,2017-12-25 23:54:23.000,2017-12-25 23:54:23.000
8154292,,,2015-06-02 09:36:00.000,2015-06-02 09:36:00.000
8155074,Jessica And Sam,f,2021-11-12 16:04:20.000,2021-11-12 16:04:20.000
8155409,Katarina,f,2019-12-23 12:59:11.000,2019-12-23 12:59:11.000
8157385,Tanja,f,2017-08-14 09:15:25.000,2017-08-14 09:15:25.000
8165043,Benjamin,f,2018-09-30 23:11:50.000,2018-09-30 23:11:50.000
8173569,Jens,f,2018-11-29 19:21:40.000,2018-11-29 19:21:40.000
8177571,Francesca,f,2021-10-26 07:44:25.000,2021-10-26 07:44:25.000
8179399,Isabel,f,2021-11-13 01:30:01.000,2021-11-13 01:30:01.000
8180976,David,f,2021-02-23 22:51:34.000,2021-02-23 22:51:34.000
8189258,Sebastian,f,2017-04-25 08:33:03.000,2017-04-25 08:33:03.000
8196161,Alina,f,2021-11-17 08:04:29.000,2021-11-17 08:04:29.000
8196204,Karen,t,2013-09-07 09:05:25.000,2013-09-07 09:05:25.000
8196435,El,f,2015-08-15 02:09:41.000,2015-08-15 02:09:41.000
8197337,Nicola,f,2017-06-20 03:11:38.000,2017-06-20 03:11:38.000
8200321,Elisabeth,f,2021-11-06 02:02:02.000,2021-11-06 02:02:02.000
8203099,Sabine,f,2021-05-18 23:53:21.000,2021-05-18 23:53:21.000
8205525,Thomas,t,2016-04-30 10:38:37.000,2016-04-30 10:38:37.000
8213234,Dirk,t,2020-03-01 04:45:10.000,2020-03-01 04:45:10.000
8213728,Nicole,f,2014-10-04 22:40:01.000,2014-10-04 22:40:01.000
8214476,Steven,f,2018-02-03 10:24:07.000,2018-02-03 10:24:07.000
8214640,Milou,f,2021-10-30 04:20:42.000,2021-10-30 04:20:42.000
8229269,Kevin,f,2015-06-03 12:06:58.000,2015-06-03 12:06:58.000
8239857,Diana,t,2015-05-06 22:10:02.000,2015-05-06 22:10:02.000
8248809,Birgit,f,2017-04-11 14:00:35.000,2017-04-11 14:00:35.000
8250486,Singer Hostel Berlin,f,2014-02-08 07:44:05.000,2014-02-08 07:44:05.000
8252422,Angela,f,2018-07-22 01:12:11.000,2018-07-22 01:12:11.000
8254123,Franca,f,2016-09-20 19:59:49.000,2016-09-20 19:59:49.000
8257566,Marie,f,2017-08-15 19:16:54.000,2017-08-15 19:16:54.000
8258987,Monika,f,2020-02-23 07:31:51.000,2020-02-23 07:31:51.000
8273742,Christian,t,2018-07-03 13:06:59.000,2018-07-03 13:06:59.000
8275595,Heidi,f,2021-11-08 19:23:24.000,2021-11-08 19:23:24.000
8275693,Ana Laura,f,2016-06-05 00:07:27.000,2016-06-05 00:07:27.000
8275825,Sabina,f,2013-09-25 16:28:36.000,2013-09-25 16:28:36.000
8278753,Mike,f,2017-12-15 04:31:22.000,2017-12-15 04:31:22.000
8280002,Oli,t,2017-10-01 16:44:54.000,2017-10-01 16:44:54.000
8280699,Josephine,t,2019-02-18 07:48:25.000,2019-02-18 07:48:25.000
8295711,Miriam,f,2017-07-26 16:48:26.000,2017-07-26 16:48:26.000
8297571,Pascal,f,2017-06-04 12:14:10.000,2017-06-04 12:14:10.000
8301109,Marion,f,2017-07-06 02:13:01.000,2017-07-06 02:13:01.000
8311430,Bassem,f,2021-05-14 15:43:44.000,2021-05-14 15:43:44.000
8318509,Agi,t,2017-04-02 10:10:00.000,2017-04-02 10:10:00.000
8318965,Jannis,f,2016-05-24 03:51:48.000,2016-05-24 03:51:48.000
8319473,Friederike,f,2019-06-27 04:07:40.000,2019-06-27 04:07:40.000
8320198,Guido,f,2021-10-28 06:20:12.000,2021-10-28 06:20:12.000
8322880,Annalena,t,2020-03-07 07:37:25.000,2020-03-07 07:37:25.000
8323122,Saskia,f,2016-03-01 14:42:30.000,2016-03-01 14:42:30.000
8325755,Dennis,f,2018-11-27 07:10:27.000,2018-11-27 07:10:27.000
8329189,Thomas,f,2021-11-16 04:00:24.000,2021-11-16 04:00:24.000
8331399,Nana,f,2017-06-15 15:51:54.000,2017-06-15 15:51:54.000
8334654,Jürgen,f,2014-01-02 02:19:24.000,2014-01-02 02:19:24.000
8338016,Pia,f,2019-01-23 18:49:19.000,2019-01-23 18:49:19.000
8343261,Paul,t,2018-03-18 07:08:33.000,2018-03-18 07:08:33.000
8344366,Kian,f,2015-12-26 04:41:09.000,2015-12-26 04:41:09.000
8350226,Gaja,f,2021-06-26 23:36:38.000,2021-06-26 23:36:38.000
8352102,Stefan,f,2017-05-26 16:08:43.000,2017-05-26 16:08:43.000
8358940,Maria,t,2019-03-10 05:18:55.000,2019-03-10 05:18:55.000
8359919,Oğuz,f,2017-08-24 14:00:28.000,2017-08-24 14:00:28.000
8360534,Alexander,f,2015-12-30 02:51:14.000,2015-12-30 02:51:14.000
8365926,Blanka,f,2019-06-01 21:59:01.000,2019-06-01 21:59:01.000
8375490,Franziska,f,2013-09-06 02:30:36.000,2013-09-06 02:30:36.000
8377378,Katharina,t,2018-12-11 01:47:16.000,2018-12-11 01:47:16.000
8378113,Gabriela,f,2019-12-25 00:35:12.000,2019-12-25 00:35:12.000
8380901,Oliver,f,2019-04-12 23:11:06.000,2019-04-12 23:11:06.000
8382744,Theresa,f,2019-10-01 05:55:24.000,2019-10-01 05:55:24.000
8385594,Christian,f,2017-09-14 19:35:48.000,2017-09-14 19:35:48.000
8389055,Sarah,f,2019-01-01 14:21:59.000,2019-01-01 14:21:59.000
8389840,Sorina,f,2015-07-13 18:03:34.000,2015-07-13 18:03:34.000
8406209,Mira,t,2013-09-05 14:17:16.000,2013-09-05 14:17:16.000
8407952,Nicole,f,2017-10-10 01:41:26.000,2017-10-10 01:41:26.000
8415211,Marcus,f,2018-06-21 17:03:52.000,2018-06-21 17:03:52.000
8428677,Faran,f,2017-06-16 10:52:55.000,2017-06-16 10:52:55.000
8434385,Erica,f,2021-11-02 20:24:49.000,2021-11-02 20:24:49.000
8442490,Maria,f,2020-02-05 14:24:59.000,2020-02-05 14:24:59.000
8447355,Emma,f,2021-11-12 03:56:35.000,2021-11-12 03:56:35.000
8448770,Lucas,f,2019-05-06 11:31:43.000,2019-05-06 11:31:43.000
8451915,Tina,f,2017-07-31 09:34:03.000,2017-07-31 09:34:03.000
8460213,Aliosha,f,2015-05-05 05:09:38.000,2015-05-05 05:09:38.000
8460534,Frieda,f,2013-09-14 20:51:41.000,2013-09-14 20:51:41.000
8461913,Yuval,f,2020-01-01 16:21:18.000,2020-01-01 16:21:18.000
8465331,Sophia,t,2020-11-17 22:18:01.000,2020-11-17 22:18:01.000
8465421,Katharina,f,2021-09-14 21:43:02.000,2021-09-14 21:43:02.000
8465542,Alana,f,2021-10-31 16:20:35.000,2021-10-31 16:20:35.000
8486798,Theodora,f,2016-02-12 17:50:22.000,2016-02-12 17:50:22.000
8488193,Nina,f,2014-06-04 16:50:15.000,2014-06-04 16:50:15.000
8488840,Hotel & Stadtbad Oderberger,f,2019-04-18 19:53:53.000,2019-04-18 19:53:53.000
8489094,Antje Lielich-Wolf,f,2021-09-21 22:41:54.000,2021-09-21 22:41:54.000
8491702,Inna,f,2018-08-02 02:46:01.000,2018-08-02 02:46:01.000
8491730,Shahar,t,2021-07-15 09:39:50.000,2021-07-15 09:39:50.000
8492684,Maximilian,f,2016-06-26 18:23:45.000,2016-06-26 18:23:45.000
8497150,Jini,f,2015-05-12 10:21:46.000,2015-05-12 10:21:46.000
8498849,Falk,f,2017-12-21 23:42:51.000,2017-12-21 23:42:51.000
8500576,Amirah,f,2021-02-07 16:50:45.000,2021-02-07 16:50:45.000
8505282,Nika,f,2017-10-14 21:41:51.000,2017-10-14 21:41:51.000
8505520,Axelle,t,2019-12-17 17:08:04.000,2019-12-17 17:08:04.000
8514082,Judith,f,2015-05-25 05:45:05.000,2015-05-25 05:45:05.000
8514732,Ulla,t,2014-03-02 20:14:53.000,2014-03-02 20:14:53.000
8516007,Jo,f,2016-05-04 02:45:55.000,2016-05-04 02:45:55.000
8517329,Timo,f,2021-10-31 15:21:27.000,2021-10-31 15:21:27.000
8526412,Gert,f,2013-09-27 12:58:14.000,2013-09-27 12:58:14.000
8528145,Marius,f,2015-07-31 22:55:21.000,2015-07-31 22:55:21.000
8534094,Andrey,f,2021-09-10 08:04:49.000,2021-09-10 08:04:49.000
8539150,Hanna,t,2018-08-23 11:31:20.000,2018-08-23 11:31:20.000
8542932,Cora,f,2013-12-20 04:22:14.000,2013-12-20 04:22:14.000
8546502,Dario,t,2019-09-21 23:40:20.000,2019-09-21 23:40:20.000
8549588,Melissa,f,2019-12-06 03:04:39.000,2019-12-06 03:04:39.000
8553872,Tim,f,2017-07-25 16:31:51.000,2017-07-25 16:31:51.000
8560501,Renata,f,2014-12-20 18:52:34.000,2014-12-20 18:52:34.000
8562096,Maurice,f,2017-04-24 11:41:10.000,2017-04-24 11:41:10.000
8581519,Victor & Kristina & Emilia & Lev,t,2017-09-13 03:42:08.000,2017-09-13 03:42:08.000
8583050,Philipp,t,2019-10-23 21:11:32.000,2019-10-23 21:11:32.000
8585343,Mark,f,2019-03-02 04:46:33.000,2019-03-02 04:46:33.000
8587430,Adnis,f,2021-10-31 20:21:40.000,2021-10-31 20:21:40.000
8593614,Sabine,f,2019-01-16 15:38:09.000,2019-01-16 15:38:09.000
8594828,Joel,f,2019-01-01 13:46:26.000,2019-01-01 13:46:26.000
8599516,Jamie,f,2020-02-20 02:48:49.000,2020-02-20 02:48:49.000
8601560,Alina,f,2021-11-09 04:05:40.000,2021-11-09 04:05:40.000
8605064,Francisca,f,2013-09-15 12:33:06.000,2013-09-15 12:33:06.000
8606483,Eugenio,f,2021-11-08 23:53:00.000,2021-11-08 23:53:00.000
8612607,Nora,f,2021-10-29 14:03:18.000,2021-10-29 14:03:18.000
8613508,Julian,t,2020-08-18 17:15:12.000,2020-08-18 17:15:12.000
8620339,Kay-Christian,t,2021-08-07 13:49:24.000,2021-08-07 13:49:24.000
8620491,Juli,f,2021-11-14 18:48:22.000,2021-11-14 18:48:22.000
8628147,Lani,t,2018-05-08 21:24:13.000,2018-05-08 21:24:13.000
8635649,Marc,f,2021-08-01 15:01:33.000,2021-08-01 15:01:33.000
8639592,Marie,t,2019-09-11 15:16:38.000,2019-09-11 15:16:38.000
8641935,Julia,f,2018-06-14 00:45:02.000,2018-06-14 00:45:02.000
8643213,Stefan,f,2021-09-05 08:29:52.000,2021-09-05 08:29:52.000
8646202,Stella,f,2021-07-07 13:18:25.000,2021-07-07 13:18:25.000
8646497,Max,f,2017-07-06 03:29:39.000,2017-07-06 03:29:39.000
8651009,Birte,t,2016-12-05 21:04:54.000,2016-12-05 21:04:54.000
8654306,Anna,f,2021-10-22 17:03:55.000,2021-10-22 17:03:55.000
8665940,Pia,f,2021-11-08 07:59:26.000,2021-11-08 07:59:26.000
8667567,Thore,f,2019-06-03 03:28:38.000,2019-06-03 03:28:38.000
8667892,Lene,f,2017-12-02 04:25:10.000,2017-12-02 04:25:10.000
8677280,Susanna,f,2021-11-03 13:23:04.000,2021-11-03 13:23:04.000
8677751,Ana,f,2017-09-01 00:40:45.000,2017-09-01 00:40:45.000
8684845,Jenni,f,2014-02-02 03:21:27.000,2014-02-02 03:21:27.000
8687701,Jessica,t,2018-07-15 03:14:59.000,2018-07-15 03:14:59.000
8706616,Fabian,f,2019-09-22 01:08:35.000,2019-09-22 01:08:35.000
8708562,Christina,f,2017-02-28 22:23:28.000,2017-02-28 22:23:28.000
8710651,Luise,f,2021-10-29 22:43:49.000,2021-10-29 22:43:49.000
8720912,Kerstin,f,2020-08-05 16:09:36.000,2020-08-05 16:09:36.000
8720945,Meg,f,2021-09-02 09:19:37.000,2021-09-02 09:19:37.000
8722266,Anna,t,2016-04-25 03:31:36.000,2016-04-25 03:31:36.000
8723414,Denitsa,f,2017-05-05 17:46:07.000,2017-05-05 17:46:07.000
8735453,Michael,f,2014-04-24 22:31:31.000,2014-04-24 22:31:31.000
8736196,Isabelle,f,2015-09-09 18:45:01.000,2015-09-09 18:45:01.000
8748717,Björn,f,2016-12-30 13:27:52.000,2016-12-30 13:27:52.000
8752361,Domino,f,2018-10-05 15:08:44.000,2018-10-05 15:08:44.000
8754890,Mina,f,2018-03-04 03:53:11.000,2018-03-04 03:53:11.000
8764475,Bryn,f,2021-11-10 21:57:22.000,2021-11-10 21:57:22.000
8768401,Jilli,t,2019-05-27 19:27:23.000,2019-05-27 19:27:23.000
8769041,Ralf,t,2019-05-19 17:34:20.000,2019-05-19 17:34:20.000
8772759,Anna,f,2016-06-18 12:08:16.000,2016-06-18 12:08:16.000
8772776,Sophia,f,2021-10-30 19:22:18.000,2021-10-30 19:22:18.000
8781148,Nils,f,2015-11-15 08:28:13.000,2015-11-15 08:28:13.000
8787480,Yuliya,f,2017-11-26 04:31:40.000,2017-11-26 04:31:40.000
8787641,Caroline,f,2014-01-05 01:02:56.000,2014-01-05 01:02:56.000
8790557,Max,f,2018-11-18 12:57:53.000,2018-11-18 12:57:53.000
8791314,Paul,f,2019-07-29 15:25:41.000,2019-07-29 15:25:41.000
8791967,Anna,f,2016-09-12 15:15:17.000,2016-09-12 15:15:17.000
8792354,Hailey,f,2021-08-14 06:16:29.000,2021-08-14 06:16:29.000
8792609,Christian,f,2016-04-02 23:56:16.000,2016-04-02 23:56:16.000
8792782,Julia,t,2015-04-02 14:49:04.000,2015-04-02 14:49:04.000
8793159,Matthias,f,2015-07-30 13:15:16.000,2015-07-30 13:15:16.000
8795631,Davide,f,2021-10-22 17:13:28.000,2021-10-22 17:13:28.000
8815437,Mariama,f,2019-08-18 22:39:04.000,2019-08-18 22:39:04.000
8826144,Vanessa,f,2021-06-04 19:42:04.000,2021-06-04 19:42:04.000
8826574,Sonia,t,2014-04-08 02:05:23.000,2014-04-08 02:05:23.000
8827923,Sebastian,f,2017-12-07 06:57:14.000,2017-12-07 06:57:14.000
8847528,Roxy,f,2016-03-20 22:32:36.000,2016-03-20 22:32:36.000
8851593,Nina,f,2016-11-23 03:26:41.000,2016-11-23 03:26:41.000
8851884,Julia,f,2018-11-02 12:06:32.000,2018-11-02 12:06:32.000
8863481,Heike,f,2013-12-22 04:37:16.000,2013-12-22 04:37:16.000
8864348,Maria,f,2014-03-24 17:19:30.000,2014-03-24 17:19:30.000
8865537,Roni,f,2016-12-13 16:01:23.000,2016-12-13 16:01:23.000
8868576,Marina,f,2019-02-21 06:15:54.000,2019-02-21 06:15:54.000
8873523,Jens,f,2014-02-13 17:01:58.000,2014-02-13 17:01:58.000
8878531,Svenja,f,2017-02-17 19:55:38.000,2017-02-17 19:55:38.000
8884243,Samy,f,2020-03-13 03:19:12.000,2020-03-13 03:19:12.000
8897828,Key,t,2015-08-26 19:30:35.000,2015-08-26 19:30:35.000
8898252,Pierre,f,2015-07-10 11:16:27.000,2015-07-10 11:16:27.000
8908120,Patrick,f,2021-08-29 11:22:20.000,2021-08-29 11:22:20.000
8909052,Harry,f,2015-08-08 03:52:36.000,2015-08-08 03:52:36.000
8909678,Kathrin,f,2014-10-01 09:19:05.000,2014-10-01 09:19:05.000
8912086,René,f,2016-05-31 06:07:33.000,2016-05-31 06:07:33.000
8919148,Krille,f,2017-01-11 12:25:30.000,2017-01-11 12:25:30.000
8919586,Joe,f,2019-04-30 15:29:52.000,2019-04-30 15:29:52.000
8919804,Raul,f,2019-02-13 13:09:14.000,2019-02-13 13:09:14.000
8928112,Guido,t,2018-05-04 13:11:16.000,2018-05-04 13:11:16.000
8928846,Nike,t,2015-03-06 14:08:18.000,2015-03-06 14:08:18.000
8935593,Nico,f,2021-11-01 07:37:51.000,2021-11-01 07:37:51.000
8938784,Elizaveta,f,2015-03-26 07:36:16.000,2015-03-26 07:36:16.000
8939933,Gerrit,f,2015-12-25 13:29:37.000,2015-12-25 13:29:37.000
8950293,Uwe,f,2021-07-31 10:49:34.000,2021-07-31 10:49:34.000
8950990,George,f,2021-11-17 13:30:19.000,2021-11-17 13:30:19.000
8954474,Sabine Maria,f,2017-08-25 08:50:29.000,2017-08-25 08:50:29.000
8958744,Arzu,t,2016-03-23 20:31:37.000,2016-03-23 20:31:37.000
8959153,Gabriela,f,2021-10-21 13:45:19.000,2021-10-21 13:45:19.000
8965465,Sophie,f,2018-12-05 23:30:03.000,2018-12-05 23:30:03.000
8968867,Franziska,f,2018-11-26 11:20:47.000,2018-11-26 11:20:47.000
8969459,Ma Ry,f,2018-09-27 22:23:09.000,2018-09-27 22:23:09.000
8971237,Ute,f,2019-08-27 11:08:02.000,2019-08-27 11:08:02.000
8983067,Cristina,t,2014-04-08 18:31:28.000,2014-04-08 18:31:28.000
8987718,Michael,f,2014-07-03 06:03:37.000,2014-07-03 06:03:37.000
8999346,Juan,f,2018-06-26 07:07:59.000,2018-06-26 07:07:59.000
9001431,Martin,t,2017-03-09 09:33:21.000,2017-03-09 09:33:21.000
9010536,Pablo,f,2017-07-31 12:54:56.000,2017-07-31 12:54:56.000
9023176,Josefine,f,2015-11-20 20:54:41.000,2015-11-20 20:54:41.000
9026893,Filipe,t,2015-12-23 04:07:45.000,2015-12-23 04:07:45.000
9027357,Heidrun,t,2013-10-06 22:39:53.000,2013-10-06 22:39:53.000
9028814,Diane,f,2017-09-07 15:26:02.000,2017-09-07 15:26:02.000
9032891,Isabell,f,2015-09-18 14:28:59.000,2015-09-18 14:28:59.000
9037061,Pascal,f,2019-09-24 19:53:24.000,2019-09-24 19:53:24.000
9046621,Francesca,f,2016-05-06 21:45:04.000,2016-05-06 21:45:04.000
9048695,Judith,f,2015-08-26 05:41:17.000,2015-08-26 05:41:17.000
9055803,Tanja,f,2015-09-14 13:51:47.000,2015-09-14 13:51:47.000
9063993,M,t,2019-03-19 18:39:49.000,2019-03-19 18:39:49.000
9064073,Johanna,f,2015-12-23 08:53:29.000,2015-12-23 08:53:29.000
9067875,Sophie,f,2016-01-16 01:40:27.000,2016-01-16 01:40:27.000
9071107,Luca,f,2018-12-21 23:10:23.000,2018-12-21 23:10:23.000
9075143,Amanda,f,2017-08-30 16:06:49.000,2017-08-30 16:06:49.000
9076671,Maria,f,2018-08-19 10:54:17.000,2018-08-19 10:54:17.000
9078683,Beate,f,2018-09-10 15:39:59.000,2018-09-10 15:39:59.000
9084739,Susi,f,2019-10-17 13:47:02.000,2019-10-17 13:47:02.000
9104789,Gitte,f,2015-07-12 02:57:08.000,2015-07-12 02:57:08.000
9105516,Peter,f,2014-07-30 14:26:20.000,2014-07-30 14:26:20.000
9105896,Yasemin,f,2017-08-29 14:55:56.000,2017-08-29 14:55:56.000
9110422,Anja,f,2021-11-19 11:28:12.000,2021-11-19 11:28:12.000
9131465,Keith,f,2017-06-14 19:01:51.000,2017-06-14 19:01:51.000
9133713,Doreen,f,2015-05-04 13:31:35.000,2015-05-04 13:31:35.000
9139510,Gudrun,f,2018-09-17 16:38:29.000,2018-09-17 16:38:29.000
9139634,Pamela,f,2021-11-19 00:43:34.000,2021-11-19 00:43:34.000
9141705,Janin,f,2021-11-09 23:50:33.000,2021-11-09 23:50:33.000
9146468,Stephan,f,2017-06-22 22:58:29.000,2017-06-22 22:58:29.000
9157203,Hulya,f,2019-09-06 00:05:51.000,2019-09-06 00:05:51.000
9163019,Peter,f,2018-09-13 00:18:14.000,2018-09-13 00:18:14.000
9167887,Julie,f,2019-01-17 05:42:57.000,2019-01-17 05:42:57.000
9179919,Lukas,f,2017-06-29 17:17:30.000,2017-06-29 17:17:30.000
9181227,Vanessa,f,2019-11-26 10:49:59.000,2019-11-26 10:49:59.000
9194512,Joy,t,2017-03-22 15:44:35.000,2017-03-22 15:44:35.000
9203861,Anna,t,2018-12-18 15:57:59.000,2018-12-18 15:57:59.000
9206287,Sophia,f,2017-08-17 01:57:44.000,2017-08-17 01:57:44.000
9208967,Stephan,f,2017-05-16 20:46:48.000,2017-05-16 20:46:48.000
9228021,Christian,f,2017-12-08 03:56:22.000,2017-12-08 03:56:22.000
9229099,Lore,f,2021-10-30 13:48:11.000,2021-10-30 13:48:11.000
9229803,Francesco,f,2017-09-17 11:15:19.000,2017-09-17 11:15:19.000
9235826,Monika,t,2017-08-21 14:32:55.000,2017-08-21 14:32:55.000
9249475,René,f,2015-09-18 03:51:38.000,2015-09-18 03:51:38.000
9255308,Thomas,t,2014-04-20 17:23:46.000,2014-04-20 17:23:46.000
9257996,Hobb,f,2016-06-24 08:45:59.000,2016-06-24 08:45:59.000
9260879,Elisa,f,2016-04-07 21:48:21.000,2016-04-07 21:48:21.000
9266888,Tino,f,2016-03-23 09:10:27.000,2016-03-23 09:10:27.000
9273168,Mark,f,2018-07-01 14:27:31.000,2018-07-01 14:27:31.000
9275367,Benjamin,t,2014-07-20 20:35:24.000,2014-07-20 20:35:24.000
9275627,Katharina,f,2015-05-16 06:23:41.000,2015-05-16 06:23:41.000
9283428,Dawid,f,2018-12-03 22:45:47.000,2018-12-03 22:45:47.000
9283835,Renata,f,2018-12-23 12:50:21.000,2018-12-23 12:50:21.000
9284058,Dominique,t,2017-09-16 20:30:26.000,2017-09-16 20:30:26.000
9289568,Christoph,f,2021-11-09 09:52:42.000,2021-11-09 09:52:42.000
9292129,Peter,f,2016-07-12 04:23:11.000,2016-07-12 04:23:11.000
9309595,Gidon,f,2019-05-13 08:22:24.000,2019-05-13 08:22:24.000
9312341,Christin,f,2015-07-23 23:12:49.000,2015-07-23 23:12:49.000
9312772,Niklas,f,2017-12-28 04:30:05.000,2017-12-28 04:30:05.000
9313532,Nasim,f,2017-08-04 18:56:45.000,2017-08-04 18:56:45.000
9319906,Max,f,2021-11-12 01:43:06.000,2021-11-12 01:43:06.000
9320485,Christoph,f,2018-08-27 21:36:09.000,2018-08-27 21:36:09.000
9323051,Cobi,f,2018-02-17 19:44:24.000,2018-02-17 19:44:24.000
9324455,Lukas,f,2018-08-06 18:23:33.000,2018-08-06 18:23:33.000
9324672,Michelle,f,2019-10-24 06:39:54.000,2019-10-24 06:39:54.000
9327668,Judith,f,2019-04-17 20:52:28.000,2019-04-17 20:52:28.000
9352702,Baerbel,t,2014-10-10 11:18:53.000,2014-10-10 11:18:53.000
9359074,Lev & Alex,f,2015-04-25 23:23:36.000,2015-04-25 23:23:36.000
9361218,Justin,f,2017-07-16 22:35:06.000,2017-07-16 22:35:06.000
9362212,Chingy,f,2021-06-05 18:38:10.000,2021-06-05 18:38:10.000
9368706,Alina,f,2018-05-13 19:35:31.000,2018-05-13 19:35:31.000
9370682,Sebastian,t,2013-12-27 18:14:34.000,2013-12-27 18:14:34.000
9377009,Lutz,f,2019-07-27 02:09:11.000,2019-07-27 02:09:11.000
9378961,Alejandro & Anais,t,2017-11-17 23:49:22.000,2017-11-17 23:49:22.000
9383827,Dagmar,f,2019-12-18 11:48:38.000,2019-12-18 11:48:38.000
9384479,Stefan,f,2016-02-04 03:26:43.000,2016-02-04 03:26:43.000
9402808,Gintare,f,2017-05-19 09:33:50.000,2017-05-19 09:33:50.000
9404220,Isabelle,t,2017-10-21 11:41:38.000,2017-10-21 11:41:38.000
9405223,Katrine,f,2016-08-10 04:32:50.000,2016-08-10 04:32:50.000
9413234,Kaylin,f,2017-06-28 15:11:49.000,2017-06-28 15:11:49.000
9415069,Sophie,f,2015-10-03 09:45:58.000,2015-10-03 09:45:58.000
9418733,Christina,f,2021-10-21 19:37:38.000,2021-10-21 19:37:38.000
9420184,Hannah,f,2021-08-29 14:38:51.000,2021-08-29 14:38:51.000
9422896,James,f,2021-11-13 04:49:42.000,2021-11-13 04:49:42.000
9426878,Helena,f,2017-01-11 10:35:37.000,2017-01-11 10:35:37.000
9436682,Sebastian,t,2013-10-19 21:42:02.000,2013-10-19 21:42:02.000
9440477,Frank,t,2015-02-06 15:37:31.000,2015-02-06 15:37:31.000
9443197,Luiz,f,2020-03-02 07:17:53.000,2020-03-02 07:17:53.000
9447495,Conny,t,2017-03-12 09:20:09.000,2017-03-12 09:20:09.000
9454783,Zac,f,2018-07-14 16:32:59.000,2018-07-14 16:32:59.000
9455812,Steve,f,2018-12-15 05:52:10.000,2018-12-15 05:52:10.000
9458179,Josie,f,2020-02-04 08:38:13.000,2020-02-04 08:38:13.000
9458547,Carolin,f,2015-08-03 02:43:09.000,2015-08-03 02:43:09.000
9459332,David,t,2017-12-05 18:48:45.000,2017-12-05 18:48:45.000
9471233,Justyna,f,2014-04-14 09:30:58.000,2014-04-14 09:30:58.000
9471601,Cristobal,f,2021-09-02 16:18:14.000,2021-09-02 16:18:14.000
9478237,Marlene,f,2018-02-15 23:26:48.000,2018-02-15 23:26:48.000
9480633,Nikolai,f,2018-07-30 00:53:20.000,2018-07-30 00:53:20.000
9481099,Julia,f,2018-12-07 01:33:05.000,2018-12-07 01:33:05.000
9481605,Charlotte,f,2017-08-01 08:45:08.000,2017-08-01 08:45:08.000
9485132,Dax,f,2018-04-23 22:39:53.000,2018-04-23 22:39:53.000
9485239,Angela,f,2019-05-27 06:48:29.000,2019-05-27 06:48:29.000
9490010,Alicia,f,2017-10-10 05:52:38.000,2017-10-10 05:52:38.000
9495287,Martin,f,2017-04-13 05:23:39.000,2017-04-13 05:23:39.000
9502796,Frank,f,2014-02-06 09:47:45.000,2014-02-06 09:47:45.000
9506341,Christiane,f,2015-09-23 19:19:25.000,2015-09-23 19:19:25.000
9508039,Ann Christin,t,2018-01-13 14:24:06.000,2018-01-13 14:24:06.000
9513237,Stacey,f,2015-12-28 16:48:08.000,2015-12-28 16:48:08.000
9513318,Katharina,f,2016-12-20 12:50:02.000,2016-12-20 12:50:02.000
9537303,Rémy,f,2018-11-28 09:39:43.000,2018-11-28 09:39:43.000
9539205,Frederike,t,2018-11-17 20:23:40.000,2018-11-17 20:23:40.000
9539262,Madeleine,f,2019-10-01 18:53:59.000,2019-10-01 18:53:59.000
9540636,Anne-Sophie,f,2021-07-13 01:41:08.000,2021-07-13 01:41:08.000
9548216,Frieda,f,2017-08-01 05:17:55.000,2017-08-01 05:17:55.000
9553698,Mirjam,f,2015-02-28 03:45:05.000,2015-02-28 03:45:05.000
9557481,Zuzanna,f,2015-08-26 01:21:56.000,2015-08-26 01:21:56.000
9557708,Daniel,f,2015-03-03 19:55:51.000,2015-03-03 19:55:51.000
9559031,Richard,t,2020-09-13 20:35:23.000,2020-09-13 20:35:23.000
9560030,Marieke,f,2014-04-02 14:45:15.000,2014-04-02 14:45:15.000
9569831,Maria,f,2016-07-19 16:29:04.000,2016-07-19 16:29:04.000
9570066,Tom,f,2013-12-01 15:54:30.000,2013-12-01 15:54:30.000
9576132,Anouk,t,2021-10-28 09:42:58.000,2021-10-28 09:42:58.000
9576430,Luis,f,2021-10-13 16:39:49.000,2021-10-13 16:39:49.000
9578143,Marina,f,2015-03-27 18:32:23.000,2015-03-27 18:32:23.000
9588203,Pascal,f,2020-07-28 22:33:24.000,2020-07-28 22:33:24.000
9608356,Cristina,f,2016-03-14 20:18:29.000,2016-03-14 20:18:29.000
9611782,Peter + Andreas,t,2013-12-03 01:20:54.000,2013-12-03 01:20:54.000
9619063,Anna-Laura,f,2018-10-26 11:15:24.000,2018-10-26 11:15:24.000
9625903,Anne,f,2021-11-07 02:19:13.000,2021-11-07 02:19:13.000
9630847,Valeska Martina,t,2020-12-27 23:14:05.000,2020-12-27 23:14:05.000
9637412,Aj,f,2021-11-09 16:25:22.000,2021-11-09 16:25:22.000
9641799,Miguel,f,2021-10-28 15:12:58.000,2021-10-28 15:12:58.000
9643000,Serge,f,2015-01-20 23:09:03.000,2015-01-20 23:09:03.000
9643233,Milan,f,2021-10-21 22:38:01.000,2021-10-21 22:38:01.000
9647094,Charlotte,f,2018-09-14 18:00:56.000,2018-09-14 18:00:56.000
9647789,Tilo,f,2018-09-20 02:11:47.000,2018-09-20 02:11:47.000
9660394,Gemma,f,2014-01-28 20:20:05.000,2014-01-28 20:20:05.000
9672607,Erika,f,2018-11-23 11:33:40.000,2018-11-23 11:33:40.000
9676959,Anne,f,2014-04-27 18:06:20.000,2014-04-27 18:06:20.000
9679034,Gonzalo,f,2021-11-08 22:44:01.000,2021-11-08 22:44:01.000
9681477,Franzi,t,2015-04-23 03:49:41.000,2015-04-23 03:49:41.000
9687382,Laura,f,2019-03-10 09:40:33.000,2019-03-10 09:40:33.000
9694209,Adrian,f,2013-12-25 04:53:20.000,2013-12-25 04:53:20.000
9697147,Cristina,f,2021-11-05 17:26:09.000,2021-11-05 17:26:09.000
9699051,David,f,2021-11-18 09:55:04.000,2021-11-18 09:55:04.000
9703014,Josh,f,2019-12-23 20:08:57.000,2019-12-23 20:08:57.000
9703745,Hannes,f,2021-10-23 02:18:06.000,2021-10-23 02:18:06.000
9704111,Catherine,f,2021-11-18 11:09:29.000,2021-11-18 11:09:29.000
9704251,Holger,t,2016-03-26 18:15:22.000,2016-03-26 18:15:22.000
9715630,Annette,f,2021-11-18 21:06:48.000,2021-11-18 21:06:48.000
9716773,Mari,f,2018-03-31 21:44:46.000,2018-03-31 21:44:46.000
9716910,Helena,f,2019-05-15 20:29:30.000,2019-05-15 20:29:30.000
9716983,Spencer,t,2017-05-15 01:54:56.000,2017-05-15 01:54:56.000
9717672,Olga,t,2014-03-23 16:31:59.000,2014-03-23 16:31:59.000
9720547,Claus,t,2014-04-26 07:41:56.000,2014-04-26 07:41:56.000
9721527,Siddhant,f,2018-05-13 07:01:44.000,2018-05-13 07:01:44.000
9725358,Santiago,t,2014-12-23 08:25:02.000,2014-12-23 08:25:02.000
9733781,Theo,f,2017-02-24 02:29:54.000,2017-02-24 02:29:54.000
9734552,Sara,t,2014-03-30 20:25:39.000,2014-03-30 20:25:39.000
9741799,Aleksandra,f,2016-08-21 23:50:51.000,2016-08-21 23:50:51.000
9743704,Simona,f,2013-12-30 13:40:36.000,2013-12-30 13:40:36.000
9748365,Massimo&Lucia,f,2015-03-05 05:19:50.000,2015-03-05 05:19:50.000
9751730,Antje,t,2014-01-08 11:36:34.000,2014-01-08 11:36:34.000
9764199,Cinderella,f,2020-08-30 11:28:09.000,2020-08-30 11:28:09.000
9764594,Alya,f,2021-10-31 20:03:29.000,2021-10-31 20:03:29.000
9772617,Gerda,t,2014-03-21 21:19:41.000,2014-03-21 21:19:41.000
9773623,Michael,f,2016-10-01 05:32:10.000,2016-10-01 05:32:10.000
9787426,Elias,f,2017-09-08 20:25:32.000,2017-09-08 20:25:32.000
9787640,Barbara & Hubertus,f,2014-06-30 15:43:20.000,2014-06-30 15:43:20.000
9788030,Randy,f,2021-10-28 10:02:17.000,2021-10-28 10:02:17.000
9790571,Jane,f,2017-06-30 00:16:02.000,2017-06-30 00:16:02.000
9791910,Florian,f,2018-06-30 14:16:13.000,2018-06-30 14:16:13.000
9800961,Audrey,t,2014-07-23 02:50:38.000,2014-07-23 02:50:38.000
9801976,Roberto,f,2019-07-17 10:37:27.000,2019-07-17 10:37:27.000
9803219,Nico,t,2018-08-17 12:14:45.000,2018-08-17 12:14:45.000
9814331,Sara,t,2018-06-03 13:34:01.000,2018-06-03 13:34:01.000
9814970,Sarah,f,2016-07-12 18:06:50.000,2016-07-12 18:06:50.000
9820449,Jolien,t,2017-10-02 09:21:10.000,2017-10-02 09:21:10.000
9825857,Moe,t,2014-03-07 01:10:39.000,2014-03-07 01:10:39.000
9830396,Christine,f,2015-05-02 23:42:34.000,2015-05-02 23:42:34.000
9831093,Don,f,2015-09-22 12:18:32.000,2015-09-22 12:18:32.000
9835208,Kristina,f,2020-08-26 07:44:48.000,2020-08-26 07:44:48.000
9837554,Martina,f,2018-02-17 10:48:29.000,2018-02-17 10:48:29.000
9843584,Philipp,t,2019-03-27 20:11:19.000,2019-03-27 20:11:19.000
9846895,Edi,t,2018-12-25 20:04:00.000,2018-12-25 20:04:00.000
9861565,Alec,t,2015-02-13 10:51:07.000,2015-02-13 10:51:07.000
9867523,Guiselt,f,2016-12-30 09:02:34.000,2016-12-30 09:02:34.000
9869005,Sarah,f,2020-07-11 01:00:33.000,2020-07-11 01:00:33.000
9869525,Stefanie,f,2014-07-31 11:32:16.000,2014-07-31 11:32:16.000
9870087,Veronika,f,2016-02-15 18:18:22.000,2016-02-15 18:18:22.000
9870205,Marcus,f,2021-10-25 04:32:51.000,2021-10-25 04:32:51.000
9870487,Sophia,f,2016-02-29 06:15:58.000,2016-02-29 06:15:58.000
9884688,Tomek,f,2015-07-07 12:51:17.000,2015-07-07 12:51:17.000
9884877,Wolf,f,2017-12-26 22:44:15.000,2017-12-26 22:44:15.000
9884938,Teresa,f,2014-07-20 15:00:42.000,2014-07-20 15:00:42.000
9885123,Markus&Marion,f,2014-04-28 05:04:20.000,2014-04-28 05:04:20.000
9888032,Lucy,f,2015-03-22 06:35:26.000,2015-03-22 06:35:26.000
9888768,Diana,f,2015-08-15 05:49:52.000,2015-08-15 05:49:52.000
9893007,Karoline,f,2016-08-31 15:17:38.000,2016-08-31 15:17:38.000
9894199,Benji,f,2015-07-20 04:18:15.000,2015-07-20 04:18:15.000
9898911,Achill,f,2017-08-26 12:06:42.000,2017-08-26 12:06:42.000
9901243,Jasmin,f,2019-08-04 17:29:53.000,2019-08-04 17:29:53.000
9903825,Abel,f,2016-03-18 01:27:40.000,2016-03-18 01:27:40.000
9908058,Camila,f,2017-06-22 18:54:31.000,2017-06-22 18:54:31.000
9920232,Jan,f,2019-10-23 21:13:51.000,2019-10-23 21:13:51.000
9922858,Paz,f,2016-09-23 07:40:50.000,2016-09-23 07:40:50.000
9924481,Salome,f,2015-01-02 14:52:30.000,2015-01-02 14:52:30.000
9928638,Sergio,f,2016-01-02 01:00:47.000,2016-01-02 01:00:47.000
9935230,Julianne,f,2016-03-31 12:57:08.000,2016-03-31 12:57:08.000
9936570,Guillermo,f,2021-10-23 02:50:21.000,2021-10-23 02:50:21.000
9936892,Matthias,t,2014-09-12 13:40:12.000,2014-09-12 13:40:12.000
9942948,Danielle,f,2019-06-15 14:52:59.000,2019-06-15 14:52:59.000
9958337,Marie,f,2018-03-23 12:59:31.000,2018-03-23 12:59:31.000
9963541,Balázs,f,2018-05-19 05:02:45.000,2018-05-19 05:02:45.000
9964742,Max,f,2019-09-16 07:34:24.000,2019-09-16 07:34:24.000
9964887,Ella,f,2021-11-16 08:42:20.000,2021-11-16 08:42:20.000
9972882,Diane,f,2017-09-06 09:10:07.000,2017-09-06 09:10:07.000
9980082,Palina,f,2015-10-10 16:45:27.000,2015-10-10 16:45:27.000
9983247,Sarah,f,2017-04-25 03:59:53.000,2017-04-25 03:59:53.000
9983495,Friederike Leonie,f,2016-07-01 17:40:19.000,2016-07-01 17:40:19.000
9988160,Anke,f,2016-02-28 04:19:33.000,2016-02-28 04:19:33.000
9991161,David,t,2017-06-05 03:16:01.000,2017-06-05 03:16:01.000
9994296,Felix,f,2014-12-20 17:47:24.000,2014-12-20 17:47:24.000
9997627,Lasse,f,2016-03-28 07:38:29.000,2016-03-28 07:38:29.000
10004699,Jan,f,2017-09-26 06:18:49.000,2017-09-26 06:18:49.000
10006891,Yohei,f,2013-11-14 04:03:05.000,2013-11-14 04:03:05.000
10009328,Melchior,t,2019-04-16 07:32:27.000,2019-04-16 07:32:27.000
10009936,Giovanni,f,2021-11-14 06:45:25.000,2021-11-14 06:45:25.000
10010397,Gustavo,f,2017-07-24 16:53:13.000,2017-07-24 16:53:13.000
10011705,Pete,f,2017-07-30 11:45:09.000,2017-07-30 11:45:09.000
10014852,Brant,f,2013-12-24 13:39:18.000,2013-12-24 13:39:18.000
10015191,Haiyue,f,2015-10-30 18:05:34.000,2015-10-30 18:05:34.000
10039278,Petra,f,2014-05-10 18:20:33.000,2014-05-10 18:20:33.000
10045414,Patrick,f,2015-09-03 05:50:08.000,2015-09-03 05:50:08.000
10049534,Heinrich,f,2021-10-28 09:22:23.000,2021-10-28 09:22:23.000
10051374,Purcy,f,2017-06-05 01:09:05.000,2017-06-05 01:09:05.000
10058540,Michael,f,2017-09-08 15:48:20.000,2017-09-08 15:48:20.000
10062727,Renée,f,2020-02-13 16:07:54.000,2020-02-13 16:07:54.000
10065962,Robert,f,2021-10-21 18:12:48.000,2021-10-21 18:12:48.000
10066147,Silwen,f,2013-12-16 10:17:31.000,2013-12-16 10:17:31.000
10078454,Anna,f,2015-09-08 18:26:59.000,2015-09-08 18:26:59.000
10080789,Sofia,f,2016-04-08 18:07:19.000,2016-04-08 18:07:19.000
10081132,Rebeca,f,2018-09-30 02:03:12.000,2018-09-30 02:03:12.000
10084673,Valerie,f,2018-08-19 19:32:36.000,2018-08-19 19:32:36.000
10098280,Ronja,f,2015-06-15 05:00:20.000,2015-06-15 05:00:20.000
10102095,Natasha,f,2014-04-17 00:00:27.000,2014-04-17 00:00:27.000
10107348,Lisa,f,2018-10-05 20:07:25.000,2018-10-05 20:07:25.000
10107532,Veit,f,2013-12-31 20:22:16.000,2013-12-31 20:22:16.000
10108425,Pia,t,2015-08-16 09:55:11.000,2015-08-16 09:55:11.000
10112027,Peter,f,2017-07-21 05:30:21.000,2017-07-21 05:30:21.000
10112731,Sebastian,f,2013-12-31 00:49:11.000,2013-12-31 00:49:11.000
10120437,Hung,f,2018-04-19 02:00:39.000,2018-04-19 02:00:39.000
10121005,David,f,2021-11-10 06:36:55.000,2021-11-10 06:36:55.000
10133631,Lisa,f,2014-08-09 21:46:56.000,2014-08-09 21:46:56.000
10141438,Florian,f,2013-12-27 18:52:23.000,2013-12-27 18:52:23.000
10143476,Gioia,f,2021-11-01 06:42:00.000,2021-11-01 06:42:00.000
10146191,Hans,t,2019-06-20 00:04:56.000,2019-06-20 00:04:56.000
10151688,Lisa,f,2015-11-30 04:25:03.000,2015-11-30 04:25:03.000
10155960,Marie,f,2019-10-26 01:41:40.000,2019-10-26 01:41:40.000
10168002,Milan,f,2017-10-11 12:21:36.000,2017-10-11 12:21:36.000
10169408,Carina,f,2021-11-13 14:54:56.000,2021-11-13 14:54:56.000
10172224,Silvia,f,2017-12-20 18:22:52.000,2017-12-20 18:22:52.000
10174301,Maxim,t,2014-05-21 04:49:20.000,2014-05-21 04:49:20.000
10187625,Vincent,f,2014-07-07 12:46:30.000,2014-07-07 12:46:30.000
10191421,Simone,f,2015-09-18 12:21:27.000,2015-09-18 12:21:27.000
10192401,Manuela Marie,f,2020-09-27 05:12:24.000,2020-09-27 05:12:24.000
10198755,Ita,f,2015-04-03 18:15:35.000,2015-04-03 18:15:35.000
10199681,Veronica,f,2021-10-24 09:14:24.000,2021-10-24 09:14:24.000
10203492,Naomi,f,2021-11-04 04:24:46.000,2021-11-04 04:24:46.000
10208985,Frank,t,2015-03-03 03:34:45.000,2015-03-03 03:34:45.000
10236958,Marie,f,2014-04-17 19:50:54.000,2014-04-17 19:50:54.000
10237935,Michael,f,2016-12-31 11:34:37.000,2016-12-31 11:34:37.000
10243739,Rosie,f,2021-11-12 22:46:08.000,2021-11-12 22:46:08.000
10246791,Jeanne,f,2021-10-25 00:14:37.000,2021-10-25 00:14:37.000
10247907,Moe,f,2021-09-12 18:28:44.000,2021-09-12 18:28:44.000
10249041,Deepanker,f,2021-11-08 21:58:27.000,2021-11-08 21:58:27.000
10251129,Zoe,f,2021-07-11 09:06:25.000,2021-07-11 09:06:25.000
10255108,Nici,f,2019-07-13 22:57:14.000,2019-07-13 22:57:14.000
10257128,Giuseppe,f,2017-12-22 09:41:20.000,2017-12-22 09:41:20.000
10261849,Armi,f,2015-04-23 23:10:36.000,2015-04-23 23:10:36.000
10269953,Merle,f,2015-11-01 05:33:29.000,2015-11-01 05:33:29.000
10284253,Inci,f,2021-09-17 10:45:36.000,2021-09-17 10:45:36.000
10287456,Jens,t,2014-04-08 00:00:12.000,2014-04-08 00:00:12.000
10300238,Florian,f,2019-01-19 09:54:25.000,2019-01-19 09:54:25.000
10301120,Luisa,f,2017-09-29 18:58:25.000,2017-09-29 18:58:25.000
10301662,Eva-Maria,f,2014-08-18 10:15:29.000,2014-08-18 10:15:29.000
10302924,Melanie,f,2015-07-25 20:03:58.000,2015-07-25 20:03:58.000
10307606,Gilles,f,2013-12-16 15:00:34.000,2013-12-16 15:00:34.000
10311539,Tina,f,2019-09-05 18:56:48.000,2019-09-05 18:56:48.000
10311942,Sascha,f,2018-02-25 06:23:46.000,2018-02-25 06:23:46.000
10313050,Martin,t,2013-12-23 15:54:20.000,2013-12-23 15:54:20.000
10316037,William,f,2018-06-05 14:16:51.000,2018-06-05 14:16:51.000
10316303,Sarah,f,2019-01-20 23:40:57.000,2019-01-20 23:40:57.000
10318665,Doreen,f,2016-08-28 13:29:43.000,2016-08-28 13:29:43.000
10326013,Alma,f,2018-06-19 15:04:55.000,2018-06-19 15:04:55.000
10330060,Jorge,f,2021-11-04 01:37:38.000,2021-11-04 01:37:38.000
10330524,Julia,f,2018-01-18 23:27:20.000,2018-01-18 23:27:20.000
10331479,Theresa,f,2021-11-10 15:49:32.000,2021-11-10 15:49:32.000
10340955,민주,f,2016-04-06 17:01:38.000,2016-04-06 17:01:38.000
10347564,Troy,f,2014-05-29 06:42:34.000,2014-05-29 06:42:34.000
10359560,Johanna,f,2021-11-05 04:40:52.000,2021-11-05 04:40:52.000
10364889,Insa,f,2017-06-22 16:49:22.000,2017-06-22 16:49:22.000
10367336,Kamil,f,2021-11-15 18:16:08.000,2021-11-15 18:16:08.000
10367579,Alex,f,2020-02-09 23:50:10.000,2020-02-09 23:50:10.000
10367984,Matthieu,f,2015-12-30 05:57:40.000,2015-12-30 05:57:40.000
10370396,Nina,t,2018-07-14 04:28:42.000,2018-07-14 04:28:42.000
10376390,Oliver,f,2016-02-14 22:28:46.000,2016-02-14 22:28:46.000
10376459,Amal,f,2021-11-09 14:56:47.000,2021-11-09 14:56:47.000
10377295,Kim Thy,f,2021-10-13 10:54:00.000,2021-10-13 10:54:00.000
10377656,Katarina,f,2017-08-18 08:22:59.000,2017-08-18 08:22:59.000
10378342,Carolina,f,2018-09-13 20:18:14.000,2018-09-13 20:18:14.000
10380577,Ksenia,f,2015-01-01 04:01:32.000,2015-01-01 04:01:32.000
10381815,Ariel,f,2015-04-08 00:13:55.000,2015-04-08 00:13:55.000
10391804,Laura,f,2018-06-23 11:25:35.000,2018-06-23 11:25:35.000
10392371,I.,f,2021-10-28 21:36:45.000,2021-10-28 21:36:45.000
10400858,Frederik,f,2015-12-28 10:11:05.000,2015-12-28 10:11:05.000
10401112,Maria,f,2016-12-11 07:23:23.000,2016-12-11 07:23:23.000
10402682,Dominik,f,2021-11-05 05:34:35.000,2021-11-05 05:34:35.000
10402919,Uwe,t,2014-03-05 19:08:38.000,2014-03-05 19:08:38.000
10404109,Jacopo,f,2019-06-03 20:31:43.000,2019-06-03 20:31:43.000
10416411,Michel,f,2017-06-12 00:19:43.000,2017-06-12 00:19:43.000
10423523,Tobias,f,2014-08-21 09:43:28.000,2014-08-21 09:43:28.000
10427437,Laura,f,2015-12-19 07:23:08.000,2015-12-19 07:23:08.000
10427490,Nikolaus,f,2021-06-29 10:42:36.000,2021-06-29 10:42:36.000
10441693,Chris,f,2018-07-21 12:29:00.000,2018-07-21 12:29:00.000
10444830,Nadia,f,2016-08-17 22:35:18.000,2016-08-17 22:35:18.000
10449338,Beth,f,2015-11-19 13:03:45.000,2015-11-19 13:03:45.000
10454123,Eva,f,2014-05-14 21:27:31.000,2014-05-14 21:27:31.000
10466136,Michael,f,2016-11-17 04:43:57.000,2016-11-17 04:43:57.000
10466662,Luisa,f,2016-03-04 15:53:36.000,2016-03-04 15:53:36.000
10480898,Marieke,f,2019-10-02 06:44:44.000,2019-10-02 06:44:44.000
10481058,Federico,f,2015-02-27 05:03:09.000,2015-02-27 05:03:09.000
10481406,The Vintage Corner In Kreuzkölln,f,2014-06-09 04:09:06.000,2014-06-09 04:09:06.000
10488723,Chandan Kumar,f,2021-11-03 02:03:03.000,2021-11-03 02:03:03.000
10489231,Janna,t,2013-12-17 20:52:25.000,2013-12-17 20:52:25.000
10489381,La,f,2019-08-02 03:05:37.000,2019-08-02 03:05:37.000
10491490,Laura,f,2020-02-19 06:58:28.000,2020-02-19 06:58:28.000
10494820,Inga,f,2013-12-07 00:51:43.000,2013-12-07 00:51:43.000
10500249,Stefanie,f,2021-06-03 03:56:48.000,2021-06-03 03:56:48.000
10504281,Elisabeth,f,2021-08-21 20:25:05.000,2021-08-21 20:25:05.000
10505160,Enrique,t,2017-07-31 21:24:29.000,2017-07-31 21:24:29.000
10505537,Dan,t,2016-03-30 19:05:26.000,2016-03-30 19:05:26.000
10506886,Inga,t,2013-12-22 04:21:33.000,2013-12-22 04:21:33.000
10508528,Simon,f,2016-04-02 17:16:37.000,2016-04-02 17:16:37.000
10511262,Natalia,f,2021-10-23 07:42:50.000,2021-10-23 07:42:50.000
10521317,Anastasia,f,2019-09-27 20:04:39.000,2019-09-27 20:04:39.000
10525203,Floreal,f,2014-07-08 23:15:59.000,2014-07-08 23:15:59.000
10531014,Max,f,2015-11-20 00:53:17.000,2015-11-20 00:53:17.000
10537681,Heike,t,2013-12-31 16:51:22.000,2013-12-31 16:51:22.000
10542019,Cathrin,t,2014-02-23 11:29:50.000,2014-02-23 11:29:50.000
10546045,Alexander,f,2021-10-28 11:48:58.000,2021-10-28 11:48:58.000
10548938,Ansgar,f,2016-05-03 00:03:11.000,2016-05-03 00:03:11.000
10549554,Claudia,f,2021-10-30 08:57:07.000,2021-10-30 08:57:07.000
10559214,Aris & Ari,f,2016-08-20 04:59:52.000,2016-08-20 04:59:52.000
10559337,Maria,f,2021-11-15 08:54:22.000,2021-11-15 08:54:22.000
10561338,Matthias,f,2017-01-08 03:27:29.000,2017-01-08 03:27:29.000
10565944,Max,f,2018-07-30 09:59:53.000,2018-07-30 09:59:53.000
10567068,Cindy,f,2019-10-09 18:43:40.000,2019-10-09 18:43:40.000
10567978,Nina,f,2021-07-26 10:33:36.000,2021-07-26 10:33:36.000
10570450,Cathérine,f,2021-11-12 15:06:36.000,2021-11-12 15:06:36.000
10579507,Claudius,f,2017-08-01 12:52:29.000,2017-08-01 12:52:29.000
10586780,Tobias,f,2015-11-28 09:02:59.000,2015-11-28 09:02:59.000
10588246,Jacob,f,2018-07-09 20:11:02.000,2018-07-09 20:11:02.000
10589997,Ana,f,2019-07-26 02:57:47.000,2019-07-26 02:57:47.000
10599958,Johannes,f,2014-08-21 02:56:12.000,2014-08-21 02:56:12.000
10604367,Helmuth,f,2020-07-19 23:29:07.000,2020-07-19 23:29:07.000
10605402,Franziska,f,2021-07-26 00:33:27.000,2021-07-26 00:33:27.000
10613744,Philipp,f,2018-02-01 15:57:12.000,2018-02-01 15:57:12.000
10614190,Barbara,t,2015-05-12 05:57:36.000,2015-05-12 05:57:36.000
10617873,Andrew,f,2014-12-26 02:50:59.000,2014-12-26 02:50:59.000
10620372,Miriam,f,2020-03-08 12:10:28.000,2020-03-08 12:10:28.000
10629733,David,f,2015-04-21 02:26:47.000,2015-04-21 02:26:47.000
10629836,Kamal,f,2021-10-31 22:14:31.000,2021-10-31 22:14:31.000
10638858,Kaio,f,2015-11-01 19:43:56.000,2015-11-01 19:43:56.000
10642440,Nicolas,f,2018-08-24 07:43:28.000,2018-08-24 07:43:28.000
10659611,Jan,f,2021-10-29 23:30:56.000,2021-10-29 23:30:56.000
10659693,Irene,f,2021-10-21 18:05:57.000,2021-10-21 18:05:57.000
10661152,Paul,f,2020-08-07 04:59:55.000,2020-08-07 04:59:55.000
10663590,Alice,f,2018-08-15 16:07:30.000,2018-08-15 16:07:30.000
10667620,Martina,f,2014-04-11 07:31:36.000,2014-04-11 07:31:36.000
10668563,"Petra, Melanie & Ariane",t,2016-05-28 21:41:37.000,2016-05-28 21:41:37.000
10668966,Matthias,f,2016-07-24 15:31:24.000,2016-07-24 15:31:24.000
10669110,Fabio,t,2014-01-01 04:35:22.000,2014-01-01 04:35:22.000
10672554,Nino,f,2021-07-03 10:25:38.000,2021-07-03 10:25:38.000
10681555,Alexander,f,2014-04-20 17:41:20.000,2014-04-20 17:41:20.000
10683916,Giulia,f,2018-03-31 04:40:01.000,2018-03-31 04:40:01.000
10690131,Oliver,t,2017-01-01 14:55:51.000,2017-01-01 14:55:51.000
10692949,Suites & More,t,2013-12-18 19:26:04.000,2013-12-18 19:26:04.000
10696403,Frank,t,2014-01-01 10:48:05.000,2014-01-01 10:48:05.000
10697413,Tanin,f,2021-11-17 16:27:41.000,2021-11-17 16:27:41.000
10698763,Helene,f,2014-04-16 04:35:29.000,2014-04-16 04:35:29.000
10709982,Nelli,f,2021-11-01 13:56:56.000,2021-11-01 13:56:56.000
10714794,Rico,f,2021-11-13 17:41:59.000,2021-11-13 17:41:59.000
10719036,Nanae,f,2020-09-28 05:32:57.000,2020-09-28 05:32:57.000
10728531,Marian,f,2019-07-21 03:09:53.000,2019-07-21 03:09:53.000
10743331,Simone,f,2014-07-23 18:39:44.000,2014-07-23 18:39:44.000
10745614,Alexandar,f,2018-06-03 13:45:27.000,2018-06-03 13:45:27.000
10750960,Cabanas,t,2020-08-15 12:35:07.000,2020-08-15 12:35:07.000
10764937,Yangdi,f,2016-12-26 19:12:13.000,2016-12-26 19:12:13.000
10765531,Caro,f,2021-11-14 05:17:35.000,2021-11-14 05:17:35.000
10771082,Sabrina,f,2021-10-31 04:42:53.000,2021-10-31 04:42:53.000
10773581,Julius,f,2021-10-29 23:36:24.000,2021-10-29 23:36:24.000
10775125,Amundra,f,2021-11-13 14:20:00.000,2021-11-13 14:20:00.000
10775963,Mario,f,2019-07-15 22:18:20.000,2019-07-15 22:18:20.000
10780623,Stefan,f,2016-09-14 00:14:05.000,2016-09-14 00:14:05.000
10783994,Ventsy,f,2017-09-07 04:34:15.000,2017-09-07 04:34:15.000
10789276,Timo,f,2014-12-30 18:24:50.000,2014-12-30 18:24:50.000
10790770,Robert,t,2015-02-11 10:50:13.000,2015-02-11 10:50:13.000
10792311,Iri,f,2021-10-30 02:25:48.000,2021-10-30 02:25:48.000
10799347,Stani,f,2021-11-04 00:01:12.000,2021-11-04 00:01:12.000
10802317,Elena,f,2017-01-03 11:39:51.000,2017-01-03 11:39:51.000
10803993,Hendrik A.,f,2021-11-09 04:38:54.000,2021-11-09 04:38:54.000
10808802,Lorenzo,f,2014-08-16 22:58:25.000,2014-08-16 22:58:25.000
10810717,Natacha,f,2015-03-22 14:32:33.000,2015-03-22 14:32:33.000
10817284,Евгения,f,2021-07-03 20:49:41.000,2021-07-03 20:49:41.000
10819194,Roxana,f,2021-08-04 20:24:56.000,2021-08-04 20:24:56.000
10830211,Ron,f,2017-08-02 23:13:33.000,2017-08-02 23:13:33.000
10834707,Tobias,f,2019-02-22 02:50:41.000,2019-02-22 02:50:41.000
10835978,Ana,f,2021-11-05 04:22:45.000,2021-11-05 04:22:45.000
10840349,Marcel,f,2014-01-23 07:27:46.000,2014-01-23 07:27:46.000
10848452,Sally,f,2015-04-30 02:00:38.000,2015-04-30 02:00:38.000
10851701,Lars,f,2013-12-22 22:10:45.000,2013-12-22 22:10:45.000
10862200,Ronja,f,2017-10-24 06:53:58.000,2017-10-24 06:53:58.000
10864101,Giuseppe,f,2020-02-02 09:34:41.000,2020-02-02 09:34:41.000
10867269,Resat,f,2021-11-18 12:04:53.000,2021-11-18 12:04:53.000
10869066,Fathi,f,2014-08-06 23:06:42.000,2014-08-06 23:06:42.000
10870523,Madlen,f,2020-08-01 19:12:26.000,2020-08-01 19:12:26.000
10874379,Jikal,f,2018-02-23 10:42:11.000,2018-02-23 10:42:11.000
10882438,Sascha,f,2015-12-03 13:09:34.000,2015-12-03 13:09:34.000
10882737,Amin,f,2021-11-02 18:00:32.000,2021-11-02 18:00:32.000
10884942,Isabell,f,2014-03-20 17:32:17.000,2014-03-20 17:32:17.000
10896150,Astrid,f,2021-05-14 22:54:16.000,2021-05-14 22:54:16.000
10906055,Felix,f,2021-08-11 17:01:58.000,2021-08-11 17:01:58.000
10907348,Deshun,f,2018-03-01 00:10:23.000,2018-03-01 00:10:23.000
10909573,Dee & Lee,t,2017-01-02 19:45:33.000,2017-01-02 19:45:33.000
10912496,Swithin,f,2020-03-15 00:13:47.000,2020-03-15 00:13:47.000
10914556,Yaroslav,f,2016-12-25 14:17:52.000,2016-12-25 14:17:52.000
10926343,Andrei,f,2014-12-28 07:13:25.000,2014-12-28 07:13:25.000
10957673,Brian,f,2018-12-23 16:23:54.000,2018-12-23 16:23:54.000
10958182,Titus,f,2021-11-03 16:03:05.000,2021-11-03 16:03:05.000
10962834,Katharina,f,2015-04-18 00:16:43.000,2015-04-18 00:16:43.000
10964483,Matthias,f,2021-10-25 18:46:47.000,2021-10-25 18:46:47.000
10966876,Christian,f,2021-11-05 15:27:51.000,2021-11-05 15:27:51.000
10982427,Sarah,f,2015-12-22 21:48:56.000,2015-12-22 21:48:56.000
10986253,Oliver,t,2014-05-27 00:12:37.000,2014-05-27 00:12:37.000
10989998,Paul,f,2015-05-01 21:21:06.000,2015-05-01 21:21:06.000
10998475,Jérôme,f,2015-12-31 22:39:07.000,2015-12-31 22:39:07.000
10999908,Elli,f,2020-07-08 21:53:17.000,2020-07-08 21:53:17.000
11008974,Claudia,f,2014-07-09 10:18:19.000,2014-07-09 10:18:19.000
11009595,Torsten,f,2021-11-02 14:53:14.000,2021-11-02 14:53:14.000
11010672,Julian,f,2018-03-25 05:18:15.000,2018-03-25 05:18:15.000
11014884,Yiwei,f,2019-10-18 00:36:27.000,2019-10-18 00:36:27.000
11020264,Eva,t,2017-07-11 02:45:18.000,2017-07-11 02:45:18.000
11036645,Corinna,f,2015-12-23 18:51:54.000,2015-12-23 18:51:54.000
11045853,Liana,f,2021-11-12 02:21:11.000,2021-11-12 02:21:11.000
11057537,Clara,f,2018-08-28 07:07:34.000,2018-08-28 07:07:34.000
11058197,Ann,t,2014-04-07 16:05:07.000,2014-04-07 16:05:07.000
11059620,Desiree,f,2017-05-07 02:38:35.000,2017-05-07 02:38:35.000
11066413,Leonie,f,2018-04-18 13:12:45.000,2018-04-18 13:12:45.000
11074351,Janine,f,2019-10-16 07:05:12.000,2019-10-16 07:05:12.000
11085438,Sarah-Elisabeth,f,2021-10-31 16:37:07.000,2021-10-31 16:37:07.000
11092437,Maximilian,f,2018-05-05 13:57:43.000,2018-05-05 13:57:43.000
11097216,Hagen,f,2016-03-24 12:04:52.000,2016-03-24 12:04:52.000
11115767,Julia,f,2015-10-09 19:39:28.000,2015-10-09 19:39:28.000
11126428,Farah,f,2021-11-19 15:43:56.000,2021-11-19 15:43:56.000
11143577,Hannah,f,2021-10-31 03:00:39.000,2021-10-31 03:00:39.000
11145304,Gabor,f,2021-11-02 18:30:41.000,2021-11-02 18:30:41.000
11147684,Antonia,f,2019-01-24 11:30:20.000,2019-01-24 11:30:20.000
11163136,Manou & Jo,t,2014-09-20 01:47:12.000,2014-09-20 01:47:12.000
11176587,Frank,t,2014-04-20 23:36:27.000,2014-04-20 23:36:27.000
11180297,Prochor,f,2016-02-11 22:18:46.000,2016-02-11 22:18:46.000
11199373,Lukas,t,2019-08-26 18:22:14.000,2019-08-26 18:22:14.000
11209321,Jan,f,2018-10-10 01:52:51.000,2018-10-10 01:52:51.000
11227533,Francesco,t,2020-01-31 07:21:11.000,2020-01-31 07:21:11.000
11231678,Veronika,f,2018-02-27 06:57:14.000,2018-02-27 06:57:14.000
11236928,Saskia,f,2021-07-01 02:53:28.000,2021-07-01 02:53:28.000
11253167,Ralph,t,2020-08-14 14:50:15.000,2020-08-14 14:50:15.000
11253172,Corinna,f,2018-01-30 16:23:16.000,2018-01-30 16:23:16.000
11254315,Theresa,t,2019-08-15 23:55:19.000,2019-08-15 23:55:19.000
11260783,Katja,f,2014-08-01 14:38:33.000,2014-08-01 14:38:33.000
11264329,Janina,f,2021-10-25 23:50:41.000,2021-10-25 23:50:41.000
11267972,Tim,f,2019-09-19 00:00:40.000,2019-09-19 00:00:40.000
11273966,Francisco,f,2019-07-05 05:43:50.000,2019-07-05 05:43:50.000
11283053,Hyungjoong,f,2020-02-12 00:28:16.000,2020-02-12 00:28:16.000
11284717,Kathrin,t,2019-12-17 14:55:40.000,2019-12-17 14:55:40.000
11286710,Edu,f,2018-12-15 22:31:27.000,2018-12-15 22:31:27.000
11287216,John,f,2021-11-04 13:40:02.000,2021-11-04 13:40:02.000
11290044,Max,f,2019-05-10 10:11:09.000,2019-05-10 10:11:09.000
11297475,Nicola,f,2015-10-14 12:15:21.000,2015-10-14 12:15:21.000
11300324,Jumana,f,2014-08-01 00:42:28.000,2014-08-01 00:42:28.000
11315646,Lena,t,2015-04-16 18:08:21.000,2015-04-16 18:08:21.000
11323773,Ivan,f,2017-06-18 21:39:03.000,2017-06-18 21:39:03.000
11324018,Johannes,f,2021-10-30 12:08:21.000,2021-10-30 12:08:21.000
11324576,Andy,f,2018-09-20 08:36:07.000,2018-09-20 08:36:07.000
11326823,George,f,2014-03-14 07:49:23.000,2014-03-14 07:49:23.000
11331584,Alexandra,f,2017-08-14 15:50:41.000,2017-08-14 15:50:41.000
11333583,Julius,f,2018-04-21 19:50:12.000,2018-04-21 19:50:12.000
11351492,Hanna,f,2017-08-02 10:20:13.000,2017-08-02 10:20:13.000
11359492,Andrea,f,2019-08-22 09:19:10.000,2019-08-22 09:19:10.000
11359772,Benjamin,f,2016-08-09 11:50:15.000,2016-08-09 11:50:15.000
11367258,Magdalena,f,2021-11-03 15:59:33.000,2021-11-03 15:59:33.000
11371631,Beatriz,f,2021-11-10 04:34:33.000,2021-11-10 04:34:33.000
11382633,Franz,f,2015-08-08 12:57:27.000,2015-08-08 12:57:27.000
11384681,Sonja,f,2017-08-18 19:06:23.000,2017-08-18 19:06:23.000
11386078,Victor,f,2016-08-10 05:57:19.000,2016-08-10 05:57:19.000
11398824,Yasmine,f,2021-11-12 01:52:37.000,2021-11-12 01:52:37.000
11415703,Lingyun,t,2015-12-12 11:47:42.000,2015-12-12 11:47:42.000
11418916,Nile,f,2021-11-19 23:19:27.000,2021-11-19 23:19:27.000
11424377,Susie,f,2019-02-27 03:03:35.000,2019-02-27 03:03:35.000
11441940,Katharina,f,2016-03-28 16:45:45.000,2016-03-28 16:45:45.000
11448565,Hera,f,2015-09-08 15:36:26.000,2015-09-08 15:36:26.000
11459975,Oliver & Anja,f,2021-11-19 18:33:41.000,2021-11-19 18:33:41.000
11463860,Melia,f,2021-09-13 00:35:23.000,2021-09-13 00:35:23.000
11471194,Matt,t,2014-07-30 04:19:21.000,2014-07-30 04:19:21.000
11471743,Nikolas,t,2017-01-30 18:13:03.000,2017-01-30 18:13:03.000
11476464,Luana,f,2021-08-05 16:29:21.000,2021-08-05 16:29:21.000
11476507,Uwe,f,2021-10-23 04:48:48.000,2021-10-23 04:48:48.000
11482966,Vivienne,t,2017-07-15 01:19:27.000,2017-07-15 01:19:27.000
11484990,Christina,f,2015-08-10 01:33:45.000,2015-08-10 01:33:45.000
11498013,Johanna,f,2019-03-04 15:12:50.000,2019-03-04 15:12:50.000
11503633,Artem,f,2021-11-10 06:03:15.000,2021-11-10 06:03:15.000
11505526,Serhat,t,2017-07-10 20:51:31.000,2017-07-10 20:51:31.000
11512922,Michael,t,2016-05-18 02:40:58.000,2016-05-18 02:40:58.000
11516475,Maria,f,2015-06-01 13:20:06.000,2015-06-01 13:20:06.000
11516981,Aitana,f,2018-05-02 20:46:13.000,2018-05-02 20:46:13.000
11541923,Anna,f,2015-09-14 05:39:53.000,2015-09-14 05:39:53.000
11570228,Marie-Annick,f,2021-11-11 21:59:35.000,2021-11-11 21:59:35.000
11574165,Dörte,f,2014-02-07 10:19:31.000,2014-02-07 10:19:31.000
11591962,Marcelo,f,2014-08-22 07:47:13.000,2014-08-22 07:47:13.000
11595327,D.,f,2017-11-14 22:15:02.000,2017-11-14 22:15:02.000
11595997,Ebba,f,2019-11-24 08:06:26.000,2019-11-24 08:06:26.000
11597128,Verena,f,2014-03-13 12:19:01.000,2014-03-13 12:19:01.000
11597807,Lina,f,2016-07-22 08:41:43.000,2016-07-22 08:41:43.000
11605830,Cecilia,f,2019-05-03 22:26:58.000,2019-05-03 22:26:58.000
11616640,Rosa,f,2014-07-31 14:02:07.000,2014-07-31 14:02:07.000
11618629,Bettina,f,2019-07-22 07:00:37.000,2019-07-22 07:00:37.000
11622691,Daniel,f,2017-07-12 01:01:40.000,2017-07-12 01:01:40.000
11623898,Alexander,f,2019-12-22 10:04:09.000,2019-12-22 10:04:09.000
11645832,Lise,f,2015-10-07 02:48:08.000,2015-10-07 02:48:08.000
11646893,Christian,f,2018-01-27 00:59:30.000,2018-01-27 00:59:30.000
11649536,Monica,f,2014-08-20 00:55:58.000,2014-08-20 00:55:58.000
11653003,Haroun,f,2015-08-19 21:41:17.000,2015-08-19 21:41:17.000
11659043,Michelle,f,2021-11-01 10:22:06.000,2021-11-01 10:22:06.000
11662035,Maxim,f,2021-11-16 13:47:49.000,2021-11-16 13:47:49.000
11666861,Jovana,f,2015-12-27 00:53:44.000,2015-12-27 00:53:44.000
11674720,Johannes,f,2021-11-02 23:08:09.000,2021-11-02 23:08:09.000
11678628,Mio,t,2017-04-12 04:33:02.000,2017-04-12 04:33:02.000
11683687,Danny,f,2017-07-24 18:30:53.000,2017-07-24 18:30:53.000
11701433,Katharina,t,2014-04-25 07:23:10.000,2014-04-25 07:23:10.000
11702805,Ghislain,f,2018-07-23 06:44:43.000,2018-07-23 06:44:43.000
11716605,Adelina,f,2021-11-16 10:10:55.000,2021-11-16 10:10:55.000
11717323,Christina,f,2015-08-07 17:35:46.000,2015-08-07 17:35:46.000
11721386,Thais,f,2021-11-05 03:16:01.000,2021-11-05 03:16:01.000
11723994,Christian,f,2015-07-22 11:32:50.000,2015-07-22 11:32:50.000
11725933,Lawrence,f,2015-05-27 12:47:18.000,2015-05-27 12:47:18.000
11726509,Philip,f,2021-11-17 21:52:26.000,2021-11-17 21:52:26.000
11736601,Najda,t,2018-04-28 01:20:51.000,2018-04-28 01:20:51.000
11747840,Natascha,t,2018-07-04 15:54:18.000,2018-07-04 15:54:18.000
11751149,Timur,f,2019-10-08 08:00:52.000,2019-10-08 08:00:52.000
11751441,Corinna,f,2018-07-11 21:53:58.000,2018-07-11 21:53:58.000
11763608,Marie,f,2014-12-30 04:26:24.000,2014-12-30 04:26:24.000
11763735,Runa,t,2015-10-25 14:46:44.000,2015-10-25 14:46:44.000
11774953,Sarah,t,2020-05-02 21:36:48.000,2020-05-02 21:36:48.000
11779956,Maaïe,f,2018-08-10 06:51:35.000,2018-08-10 06:51:35.000
11780431,Debbie,f,2015-08-13 23:21:49.000,2015-08-13 23:21:49.000
11788627,Gunnar,f,2017-12-21 01:45:36.000,2017-12-21 01:45:36.000
11789937,Valérie,t,2018-03-15 18:10:43.000,2018-03-15 18:10:43.000
11793338,Jonas,f,2020-09-06 09:24:47.000,2020-09-06 09:24:47.000
11804788,Olaf,t,2017-07-30 20:06:16.000,2017-07-30 20:06:16.000
11805050,Lea,f,2021-11-15 18:52:37.000,2021-11-15 18:52:37.000
11806912,DomYori,f,2016-08-01 23:09:28.000,2016-08-01 23:09:28.000
11831729,Sascha,f,2020-08-23 08:21:04.000,2020-08-23 08:21:04.000
11834974,S,f,2015-08-20 21:52:42.000,2015-08-20 21:52:42.000
11836614,Luise,f,2014-04-29 06:30:05.000,2014-04-29 06:30:05.000
11841571,Mike,f,2021-10-26 04:45:14.000,2021-10-26 04:45:14.000
11841801,Carolin Maya Inka,f,2014-03-03 03:33:10.000,2014-03-03 03:33:10.000
11844012,Mira,f,2015-10-06 00:35:47.000,2015-10-06 00:35:47.000
11847136,Mischa,f,2017-10-07 03:24:43.000,2017-10-07 03:24:43.000
11859322,Mandy,f,2018-02-08 00:25:30.000,2018-02-08 00:25:30.000
11859915,Maria,f,2021-10-25 14:21:08.000,2021-10-25 14:21:08.000
11861680,Uli,f,2021-11-04 21:30:09.000,2021-11-04 21:30:09.000
11869005,Ekhart,f,2014-06-02 16:49:10.000,2014-06-02 16:49:10.000
11871206,Ersan,f,2019-07-11 08:22:11.000,2019-07-11 08:22:11.000
11878522,Tina,f,2017-10-25 03:11:05.000,2017-10-25 03:11:05.000
11878984,Melina,f,2019-05-03 18:55:44.000,2019-05-03 18:55:44.000
11890432,Flipo,f,2019-05-03 17:08:58.000,2019-05-03 17:08:58.000
11896065,,,2014-02-23 03:36:58.000,2014-02-23 03:36:58.000
11896083,Christina,f,2021-11-18 07:53:31.000,2021-11-18 07:53:31.000
11899380,Silvia,t,2014-02-03 11:34:10.000,2014-02-03 11:34:10.000
11901571,Ingo,t,2016-04-22 04:53:47.000,2016-04-22 04:53:47.000
11904303,Severin,f,2015-09-17 01:47:44.000,2015-09-17 01:47:44.000
11905068,Hannah,f,2021-10-21 00:53:40.000,2021-10-21 00:53:40.000
11905185,Dalia,f,2021-11-10 04:46:47.000,2021-11-10 04:46:47.000
11922417,Lin,f,2017-05-21 19:24:02.000,2017-05-21 19:24:02.000
11928160,Felipe,t,2020-03-02 20:04:30.000,2020-03-02 20:04:30.000
11936923,Marvin,f,2018-12-30 05:54:17.000,2018-12-30 05:54:17.000
11937513,Veronica,f,2018-03-01 21:39:16.000,2018-03-01 21:39:16.000
11945559,Lieselotte,f,2014-06-18 16:22:31.000,2014-06-18 16:22:31.000
11958289,Silke,f,2014-10-15 12:53:40.000,2014-10-15 12:53:40.000
11960136,Claudia,f,2021-10-28 19:59:12.000,2021-10-28 19:59:12.000
11963556,Max,f,2019-09-06 16:37:24.000,2019-09-06 16:37:24.000
11970402,Hanna,f,2017-06-29 18:34:02.000,2017-06-29 18:34:02.000
11973365,Katrin,t,2014-06-07 11:17:06.000,2014-06-07 11:17:06.000
11989903,Melanie,f,2015-08-03 01:12:09.000,2015-08-03 01:12:09.000
11999631,Gabriel,f,2021-08-01 14:02:41.000,2021-08-01 14:02:41.000
12018635,Bettina,f,2019-01-03 12:24:13.000,2019-01-03 12:24:13.000
12020341,Laura,f,2019-07-17 22:32:06.000,2019-07-17 22:32:06.000
12024962,Virginia,t,2017-12-26 22:41:09.000,2017-12-26 22:41:09.000
12028457,Nik,f,2018-03-05 11:54:03.000,2018-03-05 11:54:03.000
12046288,Anita,f,2021-11-15 12:14:35.000,2021-11-15 12:14:35.000
12049292,Philipp,f,2019-07-29 08:41:09.000,2019-07-29 08:41:09.000
12068149,Julia,t,2018-07-07 20:43:18.000,2018-07-07 20:43:18.000
12077750,Marco,t,2021-04-21 21:43:05.000,2021-04-21 21:43:05.000
12087094,Daniel,f,2021-01-01 12:44:31.000,2021-01-01 12:44:31.000
12090369,Eva,f,2019-11-15 10:19:30.000,2019-11-15 10:19:30.000
12107758,Hannah,f,2014-08-18 01:02:53.000,2014-08-18 01:02:53.000
12111609,Sascha,f,2014-02-20 04:06:58.000,2014-02-20 04:06:58.000
12115180,Vincent,f,2019-10-28 00:36:55.000,2019-10-28 00:36:55.000
12117484,Jonathan,f,2018-09-26 20:05:26.000,2018-09-26 20:05:26.000
12119215,Nic,f,2015-03-17 04:52:19.000,2015-03-17 04:52:19.000
12123867,Lisa,f,2017-11-25 22:47:26.000,2017-11-25 22:47:26.000
12124404,Kathrin,f,2018-05-15 09:56:39.000,2018-05-15 09:56:39.000
12125669,Nindya,f,2019-12-17 18:16:21.000,2019-12-17 18:16:21.000
12138198,Lion,f,2021-11-09 01:31:41.000,2021-11-09 01:31:41.000
12138510,Sascha,f,2021-11-13 05:53:12.000,2021-11-13 05:53:12.000
12138874,Alvaro,f,2014-09-17 06:17:06.000,2014-09-17 06:17:06.000
12139054,Bill,f,2019-03-04 10:32:37.000,2019-03-04 10:32:37.000
12139265,Tom,f,2016-01-30 17:56:47.000,2016-01-30 17:56:47.000
12143828,Elena,f,2018-05-19 03:18:32.000,2018-05-19 03:18:32.000
12148705,Philipp,f,2018-12-30 04:18:25.000,2018-12-30 04:18:25.000
12149952,Donja,t,2015-06-02 18:04:59.000,2015-06-02 18:04:59.000
12154423,Xiaoqin,t,2016-01-13 03:31:30.000,2016-01-13 03:31:30.000
12157127,Maarten S.W.,t,2018-12-13 14:27:52.000,2018-12-13 14:27:52.000
12159598,Patrick,f,2021-11-11 15:11:27.000,2021-11-11 15:11:27.000
12163724,Sebastian,f,2014-09-04 01:28:15.000,2014-09-04 01:28:15.000
12175798,David,f,2020-09-16 04:25:55.000,2020-09-16 04:25:55.000
12182375,Tania,f,2018-10-24 04:51:03.000,2018-10-24 04:51:03.000
12185530,Hanna,f,2019-04-25 01:34:40.000,2019-04-25 01:34:40.000
12186354,Clara,f,2019-04-07 20:14:32.000,2019-04-07 20:14:32.000
12193032,Ami,f,2018-08-26 18:16:42.000,2018-08-26 18:16:42.000
12200221,Bärbel,f,2016-04-29 18:57:50.000,2016-04-29 18:57:50.000
12218490,Reema,f,2021-11-05 03:49:29.000,2021-11-05 03:49:29.000
12234103,Verda,t,2014-03-21 02:32:04.000,2014-03-21 02:32:04.000
12237056,Laura,f,2018-07-10 21:24:05.000,2018-07-10 21:24:05.000
12251125,Adrian + Uli + Leeloo,f,2014-05-25 09:26:37.000,2014-05-25 09:26:37.000
12260309,Antu,f,2016-04-14 07:12:58.000,2016-04-14 07:12:58.000
12280321,Judith,f,2020-07-14 21:43:56.000,2020-07-14 21:43:56.000
12283996,Anton,f,2021-04-11 01:39:01.000,2021-04-11 01:39:01.000
12285777,Anette,f,2014-07-28 15:43:46.000,2014-07-28 15:43:46.000
12288303,Lucio,t,2018-09-21 18:17:02.000,2018-09-21 18:17:02.000
12288380,Kathrin,f,2021-11-03 11:52:25.000,2021-11-03 11:52:25.000
12293343,Maximilian,t,2020-07-01 14:08:06.000,2020-07-01 14:08:06.000
12296983,Sabine,t,2016-04-29 12:31:47.000,2016-04-29 12:31:47.000
12297070,Paula,f,2017-09-26 04:16:18.000,2017-09-26 04:16:18.000
12298014,Gilad,f,2014-12-30 01:16:11.000,2014-12-30 01:16:11.000
12301968,Hans,f,2014-03-13 11:04:28.000,2014-03-13 11:04:28.000
12314400,Aviad,f,2021-10-27 03:02:24.000,2021-10-27 03:02:24.000
12314928,Olivia,f,2021-08-11 20:51:11.000,2021-08-11 20:51:11.000
12320125,Till,f,2020-10-16 18:32:30.000,2020-10-16 18:32:30.000
12327546,Michéle,f,2015-12-19 18:57:04.000,2015-12-19 18:57:04.000
12330081,Sascha,f,2021-11-08 11:45:46.000,2021-11-08 11:45:46.000
12330113,Andreas,f,2020-08-17 12:51:48.000,2020-08-17 12:51:48.000
12333976,Eric Mai,f,2020-03-01 21:56:52.000,2020-03-01 21:56:52.000
12338724,Adriano,f,2018-12-12 14:45:20.000,2018-12-12 14:45:20.000
12343791,Sascha,f,2015-12-26 13:46:09.000,2015-12-26 13:46:09.000
12351621,Nanuk,f,2016-07-22 20:19:54.000,2016-07-22 20:19:54.000
12353593,Vanessa,f,2021-11-02 07:57:56.000,2021-11-02 07:57:56.000
12359221,Angelina & Susann,f,2014-03-10 22:51:35.000,2014-03-10 22:51:35.000
12360153,Mahmoud,t,2018-07-22 11:27:53.000,2018-07-22 11:27:53.000
12362846,Rosbeh,f,2021-11-15 18:51:57.000,2021-11-15 18:51:57.000
12364672,Gabor,f,2021-11-14 05:33:01.000,2021-11-14 05:33:01.000
12367270,S.,t,2014-05-10 23:35:09.000,2014-05-10 23:35:09.000
12376926,Clara,f,2017-08-10 11:51:02.000,2017-08-10 11:51:02.000
12377060,Raffaela,f,2018-11-27 05:14:18.000,2018-11-27 05:14:18.000
12377808,Bianca,t,2014-04-25 15:59:12.000,2014-04-25 15:59:12.000
12380842,Moritz,f,2016-11-08 06:40:08.000,2016-11-08 06:40:08.000
12382511,Ben,f,2014-03-15 03:11:38.000,2014-03-15 03:11:38.000
12385532,Chiara,t,2014-07-01 22:21:26.000,2014-07-01 22:21:26.000
12387913,Bertrand,f,2021-11-17 12:08:46.000,2021-11-17 12:08:46.000
12398236,Kai,f,2015-07-17 18:15:22.000,2015-07-17 18:15:22.000
12400526,Daniel,f,2019-01-07 04:56:37.000,2019-01-07 04:56:37.000
12407787,Maria,f,2021-11-11 07:56:19.000,2021-11-11 07:56:19.000
12408256,Laura,f,2014-11-16 16:42:09.000,2014-11-16 16:42:09.000
12410590,Ksenia,f,2016-05-09 08:51:00.000,2016-05-09 08:51:00.000
12411747,Felix,f,2021-11-09 14:54:29.000,2021-11-09 14:54:29.000
12414589,Anna,f,2018-08-03 22:29:28.000,2018-08-03 22:29:28.000
12414813,Philipp,f,2017-04-09 02:37:08.000,2017-04-09 02:37:08.000
12420568,Sarah,f,2015-09-08 06:04:40.000,2015-09-08 06:04:40.000
12422709,Hildegard,t,2016-10-14 23:16:30.000,2016-10-14 23:16:30.000
12428505,Bruno,f,2015-11-02 09:22:55.000,2015-11-02 09:22:55.000
12438581,Jasper,f,2015-09-23 23:10:02.000,2015-09-23 23:10:02.000
12440436,Carolin,f,2014-08-09 23:40:31.000,2014-08-09 23:40:31.000
12446917,Ele,f,2020-02-18 08:27:51.000,2020-02-18 08:27:51.000
12453242,Edouard,f,2018-11-27 04:17:13.000,2018-11-27 04:17:13.000
12463024,Marius,f,2018-04-08 18:08:21.000,2018-04-08 18:08:21.000
12469994,Alessia,f,2021-11-17 18:57:22.000,2021-11-17 18:57:22.000
12503130,Florian,t,2018-02-10 16:33:00.000,2018-02-10 16:33:00.000
12506313,Angelika,f,2018-02-22 03:28:58.000,2018-02-22 03:28:58.000
12507750,Lena,f,2015-08-27 17:02:22.000,2015-08-27 17:02:22.000
12510463,Jacob,f,2021-11-13 20:57:38.000,2021-11-13 20:57:38.000
12527436,Bjørn,f,2018-07-12 02:13:53.000,2018-07-12 02:13:53.000
12533087,Liz,f,2014-12-24 15:46:46.000,2014-12-24 15:46:46.000
12533433,Marlene,f,2018-09-20 20:32:50.000,2018-09-20 20:32:50.000
12533725,Arne,f,2019-06-09 15:17:04.000,2019-06-09 15:17:04.000
12551914,Huyen Trang,f,2021-07-09 19:23:49.000,2021-07-09 19:23:49.000
12559165,Thomas,f,2015-06-16 13:10:59.000,2015-06-16 13:10:59.000
12567171,Luca,f,2019-09-25 04:07:03.000,2019-09-25 04:07:03.000
12568617,Luisa,f,2017-07-30 12:00:16.000,2017-07-30 12:00:16.000
12569223,Felix,f,2014-04-24 14:45:49.000,2014-04-24 14:45:49.000
12592134,Laura,f,2019-10-26 21:02:40.000,2019-10-26 21:02:40.000
12592662,Madeleine,f,2017-07-29 04:29:44.000,2017-07-29 04:29:44.000
12595552,Stella & Josef,f,2015-08-01 04:46:07.000,2015-08-01 04:46:07.000
12598814,David,f,2019-05-11 18:38:52.000,2019-05-11 18:38:52.000
12602554,Hermann,f,2014-08-17 16:57:26.000,2014-08-17 16:57:26.000
12611754,Matthias,f,2018-04-07 07:42:53.000,2018-04-07 07:42:53.000
12613738,Roman,f,2020-09-24 21:17:21.000,2020-09-24 21:17:21.000
12613867,Aurélie,f,2017-10-12 06:15:54.000,2017-10-12 06:15:54.000
12629321,Alexandra,f,2021-10-26 20:10:26.000,2021-10-26 20:10:26.000
12639475,Ischrak,f,2016-08-05 14:30:00.000,2016-08-05 14:30:00.000
12643175,Marisol,t,2018-06-16 02:19:17.000,2018-06-16 02:19:17.000
12645840,Sophie,f,2016-02-02 23:41:21.000,2016-02-02 23:41:21.000
12646731,Rita,f,2021-07-23 22:35:03.000,2021-07-23 22:35:03.000
12659779,Lisa Valerie,t,2016-08-20 17:05:28.000,2016-08-20 17:05:28.000
12662516,Yasemin,f,2015-07-10 21:08:15.000,2015-07-10 21:08:15.000
12665693,Thomas,f,2021-09-04 05:08:51.000,2021-09-04 05:08:51.000
12666186,Allison,f,2018-11-07 02:09:16.000,2018-11-07 02:09:16.000
12671652,Aglaja,t,2014-07-29 07:05:11.000,2014-07-29 07:05:11.000
12675735,Esther,f,2015-09-26 13:01:47.000,2015-09-26 13:01:47.000
12680591,Hannah Katharina,f,2021-11-10 22:15:18.000,2021-11-10 22:15:18.000
12686405,Nicolas,f,2021-11-09 03:17:05.000,2021-11-09 03:17:05.000
12687436,Isabel,f,2016-08-05 17:21:50.000,2016-08-05 17:21:50.000
12690712,Nina,f,2015-09-16 11:55:48.000,2015-09-16 11:55:48.000
12694377,Antonio,t,2014-08-31 21:17:40.000,2014-08-31 21:17:40.000
12695420,Stefan,f,2017-08-15 05:02:42.000,2017-08-15 05:02:42.000
12716840,Sebastian,t,2014-04-15 05:27:50.000,2014-04-15 05:27:50.000
12717917,Johanna,f,2017-03-14 17:21:27.000,2017-03-14 17:21:27.000
12738122,Stefan,f,2019-11-29 14:37:08.000,2019-11-29 14:37:08.000
12751503,Flora,t,2021-06-16 11:22:26.000,2021-06-16 11:22:26.000
12755545,Renate,t,2015-09-13 20:49:59.000,2015-09-13 20:49:59.000
12757920,Karim,f,2021-11-19 15:05:26.000,2021-11-19 15:05:26.000
12758589,David,f,2018-12-24 16:10:17.000,2018-12-24 16:10:17.000
12770743,Signe,f,2016-03-11 07:39:51.000,2016-03-11 07:39:51.000
12781649,Dagmar,f,2014-06-10 10:17:47.000,2014-06-10 10:17:47.000
12786085,Lydia,f,2021-11-16 22:55:09.000,2021-11-16 22:55:09.000
12788459,Marek,f,2020-02-20 14:57:39.000,2020-02-20 14:57:39.000
12791162,Charlott,f,2015-11-26 19:17:11.000,2015-11-26 19:17:11.000
12800691,Anna,f,2015-03-31 22:05:22.000,2015-03-31 22:05:22.000
12804092,Laura,f,2016-09-01 08:19:44.000,2016-09-01 08:19:44.000
12805783,Irene,f,2016-05-05 13:31:45.000,2016-05-05 13:31:45.000
12817037,Livia,f,2019-11-15 15:39:28.000,2019-11-15 15:39:28.000
12817769,Liza,f,2016-12-27 21:35:50.000,2016-12-27 21:35:50.000
12818037,Jonathan,f,2015-06-08 11:38:29.000,2015-06-08 11:38:29.000
12825084,Thomas,f,2015-02-24 07:39:52.000,2015-02-24 07:39:52.000
12831548,Martin,t,2018-11-01 11:10:56.000,2018-11-01 11:10:56.000
12832282,Heidi,t,2014-07-08 23:09:11.000,2014-07-08 23:09:11.000
12833057,Claudia,f,2017-10-18 09:18:09.000,2017-10-18 09:18:09.000
12837129,Stella,f,2017-06-14 21:05:54.000,2017-06-14 21:05:54.000
12837915,Rosa,f,2014-10-11 23:35:11.000,2014-10-11 23:35:11.000
12850840,John,f,2019-04-02 11:48:03.000,2019-04-02 11:48:03.000
12859341,Franziska,f,2017-11-05 09:01:21.000,2017-11-05 09:01:21.000
12859574,Ella,f,2017-07-13 16:48:38.000,2017-07-13 16:48:38.000
12862406,Maria,f,2020-08-04 22:33:42.000,2020-08-04 22:33:42.000
12864492,Enkeleda,f,2020-01-28 19:21:28.000,2020-01-28 19:21:28.000
12872761,Juliane,f,2019-04-19 14:55:45.000,2019-04-19 14:55:45.000
12895544,Alexandra,f,2021-11-18 17:38:16.000,2021-11-18 17:38:16.000
12898189,Indri,t,2019-09-08 04:09:11.000,2019-09-08 04:09:11.000
12902084,Neni Sophie,f,2019-06-21 15:55:10.000,2019-06-21 15:55:10.000
12902188,Cem,f,2019-08-08 20:58:13.000,2019-08-08 20:58:13.000
12906416,Charlotte,f,2021-11-18 20:35:27.000,2021-11-18 20:35:27.000
12917471,Torsten,t,2021-11-11 21:42:39.000,2021-11-11 21:42:39.000
12924619,Luca,f,2021-11-01 21:50:21.000,2021-11-01 21:50:21.000
12927688,Julius,f,2015-08-16 04:18:03.000,2015-08-16 04:18:03.000
12928499,Nico,f,2017-08-04 02:22:15.000,2017-08-04 02:22:15.000
12950365,Lydia,t,2019-01-08 04:36:15.000,2019-01-08 04:36:15.000
12957719,Luap,f,2021-10-27 17:25:44.000,2021-10-27 17:25:44.000
12957830,Maria,f,2017-12-20 23:02:12.000,2017-12-20 23:02:12.000
12960435,Peter,f,2019-10-08 05:54:36.000,2019-10-08 05:54:36.000
12962618,Regina,t,2014-08-16 19:48:16.000,2014-08-16 19:48:16.000
12976307,E,f,2014-10-04 20:21:22.000,2014-10-04 20:21:22.000
12977519,Amanda-Li,f,2018-06-16 04:24:59.000,2018-06-16 04:24:59.000
12979806,Caren,f,2015-12-23 10:56:00.000,2015-12-23 10:56:00.000
12980866,Kerem,t,2021-08-24 10:09:38.000,2021-08-24 10:09:38.000
12982062,Ekaterina,f,2014-07-30 01:00:35.000,2014-07-30 01:00:35.000
12985714,Yan Jun,f,2019-01-10 14:33:55.000,2019-01-10 14:33:55.000
12988463,Tina,f,2020-10-17 00:48:57.000,2020-10-17 00:48:57.000
12993934,Daniel,f,2021-10-24 06:20:52.000,2021-10-24 06:20:52.000
13005761,Nina,f,2017-12-06 01:24:33.000,2017-12-06 01:24:33.000
13014437,Hannah,f,2020-08-01 15:18:35.000,2020-08-01 15:18:35.000
13021071,Carlos,f,2020-01-31 16:45:27.000,2020-01-31 16:45:27.000
13026303,Shalies,f,2018-09-17 19:34:57.000,2018-09-17 19:34:57.000
13030969,Melis,f,2021-08-12 18:33:49.000,2021-08-12 18:33:49.000
13035901,Jay,f,2014-04-13 00:46:30.000,2014-04-13 00:46:30.000
13036089,Piet,f,2018-05-27 12:57:00.000,2018-05-27 12:57:00.000
13036940,Julius,f,2014-05-31 21:56:59.000,2014-05-31 21:56:59.000
13037327,Marco,f,2021-10-23 18:19:53.000,2021-10-23 18:19:53.000
13048676,Joachim,f,2021-10-21 17:58:28.000,2021-10-21 17:58:28.000
13052169,Constance,f,2014-08-03 19:52:29.000,2014-08-03 19:52:29.000
13052351,Judith,f,2014-03-25 22:33:32.000,2014-03-25 22:33:32.000
13054581,Lisa,f,2019-04-02 23:43:54.000,2019-04-02 23:43:54.000
13055420,Nicolas,f,2021-11-15 22:30:11.000,2021-11-15 22:30:11.000
13072011,Mads,f,2017-06-01 06:06:31.000,2017-06-01 06:06:31.000
13084306,Lotte,f,2019-07-24 22:36:51.000,2019-07-24 22:36:51.000
13095060,Alexandra,f,2019-06-15 17:19:34.000,2019-06-15 17:19:34.000
13100553,Benjamin,f,2019-12-22 11:45:47.000,2019-12-22 11:45:47.000
13105766,Jenny,f,2021-10-24 05:20:02.000,2021-10-24 05:20:02.000
13117028,Mareke,f,2019-06-21 23:05:53.000,2019-06-21 23:05:53.000
13121889,Yana,f,2019-11-18 17:42:40.000,2019-11-18 17:42:40.000
13122577,Burkhard,f,2017-02-23 01:55:51.000,2017-02-23 01:55:51.000
13122693,Claudia,f,2016-06-17 13:46:56.000,2016-06-17 13:46:56.000
13129744,Maike,f,2017-09-13 06:08:27.000,2017-09-13 06:08:27.000
13131221,Natalie,f,2021-11-09 18:48:58.000,2021-11-09 18:48:58.000
13143591,Natalie,f,2014-04-13 01:57:32.000,2014-04-13 01:57:32.000
13151125,Madeleine,f,2017-01-28 07:32:43.000,2017-01-28 07:32:43.000
13155778,Jo & Fran,t,2016-11-26 15:52:09.000,2016-11-26 15:52:09.000
13167369,ThiKimNhu,f,2019-01-29 12:24:18.000,2019-01-29 12:24:18.000
13174855,Barbara,t,2014-06-12 15:28:40.000,2014-06-12 15:28:40.000
13175394,Johanna,f,2014-08-28 10:30:20.000,2014-08-28 10:30:20.000
13180026,Rui,f,2021-10-31 16:48:09.000,2021-10-31 16:48:09.000
13181498,Vivien,f,2014-10-20 05:34:47.000,2014-10-20 05:34:47.000
13189423,Mai,f,2017-10-17 06:15:39.000,2017-10-17 06:15:39.000
13214583,Angèle,f,2018-09-19 23:38:38.000,2018-09-19 23:38:38.000
13217875,Molly,f,2019-01-22 06:01:00.000,2019-01-22 06:01:00.000
13220307,Betty,t,2014-09-18 07:48:02.000,2014-09-18 07:48:02.000
13222267,Mareen,f,2017-08-07 15:55:30.000,2017-08-07 15:55:30.000
13237279,Marion,f,2021-06-06 13:39:13.000,2021-06-06 13:39:13.000
13239053,Nils,f,2017-06-14 02:52:11.000,2017-06-14 02:52:11.000
13247054,Simon,t,2017-11-16 04:48:11.000,2017-11-16 04:48:11.000
13251579,Diana,f,2019-11-25 21:02:03.000,2019-11-25 21:02:03.000
13254396,Matthias,f,2017-08-27 20:40:00.000,2017-08-27 20:40:00.000
13262164,Mike,f,2021-10-31 22:03:03.000,2021-10-31 22:03:03.000
13262495,Lejla,f,2014-04-12 16:30:44.000,2014-04-12 16:30:44.000
13270099,Moritz,f,2015-08-08 03:26:36.000,2015-08-08 03:26:36.000
13270626,Jill,f,2019-03-06 00:26:14.000,2019-03-06 00:26:14.000
13284476,Jan,f,2015-01-28 09:53:02.000,2015-01-28 09:53:02.000
13288655,Sandra,f,2017-08-28 22:04:35.000,2017-08-28 22:04:35.000
13294160,Max,f,2015-07-29 19:18:53.000,2015-07-29 19:18:53.000
13303826,Maor,f,2018-10-13 19:21:48.000,2018-10-13 19:21:48.000
13308024,Matthias,t,2019-09-25 10:06:26.000,2019-09-25 10:06:26.000
13315290,Flora,t,2015-07-22 07:48:16.000,2015-07-22 07:48:16.000
13335830,Paul,f,2019-12-13 19:28:09.000,2019-12-13 19:28:09.000
13349246,Annette,t,2016-05-19 22:26:44.000,2016-05-19 22:26:44.000
13362338,Nedat,f,2021-10-24 10:01:45.000,2021-10-24 10:01:45.000
13368457,Johanna,f,2019-06-11 17:57:02.000,2019-06-11 17:57:02.000
13369500,Gabriel,t,2014-04-22 11:43:37.000,2014-04-22 11:43:37.000
13371930,Mirko,f,2015-11-23 17:59:43.000,2015-11-23 17:59:43.000
13383290,Eva,f,2021-07-18 22:32:13.000,2021-07-18 22:32:13.000
13391261,Marten,f,2017-10-20 12:55:42.000,2017-10-20 12:55:42.000
13396720,Julia,t,2014-12-23 14:04:17.000,2014-12-23 14:04:17.000
13404637,Clara,f,2016-08-16 08:46:46.000,2016-08-16 08:46:46.000
13417592,Roxane,f,2015-11-15 23:11:49.000,2015-11-15 23:11:49.000
13428787,Magda,f,2021-07-19 16:54:45.000,2021-07-19 16:54:45.000
13432989,Inga,f,2016-12-31 02:39:56.000,2016-12-31 02:39:56.000
13435326,Hanoch,t,2014-04-18 03:20:00.000,2014-04-18 03:20:00.000
13443952,Christiane,f,2017-11-24 08:19:56.000,2017-11-24 08:19:56.000
13445553,Bettina,f,2021-11-14 04:53:01.000,2021-11-14 04:53:01.000
13446077,Levin,f,2019-02-26 22:59:26.000,2019-02-26 22:59:26.000
13452519,Stefanie,f,2015-09-24 04:52:19.000,2015-09-24 04:52:19.000
13478659,Dorothée,f,2017-09-06 08:15:04.000,2017-09-06 08:15:04.000
13481681,Ekaterina,f,2018-05-22 21:26:47.000,2018-05-22 21:26:47.000
13486881,Milda,f,2017-12-20 07:51:52.000,2017-12-20 07:51:52.000
13491648,Christian,f,2021-10-28 13:33:59.000,2021-10-28 13:33:59.000
13494841,Shawn,f,2017-03-19 22:54:22.000,2017-03-19 22:54:22.000
13497257,Marius,f,2015-02-28 19:53:20.000,2015-02-28 19:53:20.000
13497890,Nadia,f,2021-11-15 12:33:00.000,2021-11-15 12:33:00.000
13498367,Veit,f,2015-06-08 07:00:16.000,2015-06-08 07:00:16.000
13509407,Simon,t,2021-10-30 02:24:43.000,2021-10-30 02:24:43.000
13518548,Leo,f,2021-10-30 21:07:46.000,2021-10-30 21:07:46.000
13520302,Célia,f,2019-09-13 07:01:53.000,2019-09-13 07:01:53.000
13523070,Louisa,f,2021-10-27 16:26:40.000,2021-10-27 16:26:40.000
13536531,Benedetta,f,2017-05-29 16:08:45.000,2017-05-29 16:08:45.000
13540992,Adm,f,2017-08-11 18:01:13.000,2017-08-11 18:01:13.000
13541171,Paulina,f,2016-03-16 07:10:12.000,2016-03-16 07:10:12.000
13550436,Cecilia,f,2015-09-02 21:33:44.000,2015-09-02 21:33:44.000
13552623,Malek,f,2014-06-08 10:54:11.000,2014-06-08 10:54:11.000
13553524,Lea,f,2017-03-06 16:06:58.000,2017-03-06 16:06:58.000
13555007,Halis,t,2014-05-03 17:27:28.000,2014-05-03 17:27:28.000
13555565,Karina,f,2019-12-25 02:40:10.000,2019-12-25 02:40:10.000
13561214,Qbe,f,2016-04-29 12:11:49.000,2016-04-29 12:11:49.000
13577242,,,2015-09-25 23:00:47.000,2015-09-25 23:00:47.000
13587997,Nicola,t,2015-06-09 03:26:50.000,2015-06-09 03:26:50.000
13591469,Sarah & Francesco,f,2018-04-27 09:49:42.000,2018-04-27 09:49:42.000
13592667,Anja,f,2019-03-25 14:51:46.000,2019-03-25 14:51:46.000
13592772,Kadambari,f,2021-10-26 18:03:08.000,2021-10-26 18:03:08.000
13599612,Michael,f,2016-10-13 18:17:16.000,2016-10-13 18:17:16.000
13599628,Gina,f,2014-05-23 20:05:08.000,2014-05-23 20:05:08.000
13603270,Ivo,t,2014-04-27 07:01:32.000,2014-04-27 07:01:32.000
13606617,Görkem,f,2021-06-01 18:11:34.000,2021-06-01 18:11:34.000
13608036,Dikla,f,2021-10-24 09:43:45.000,2021-10-24 09:43:45.000
13615015,Alexander,f,2021-11-06 03:35:53.000,2021-11-06 03:35:53.000
13627224,Patrick,f,2017-03-05 17:06:53.000,2017-03-05 17:06:53.000
13628202,Oskar,f,2018-06-22 16:05:10.000,2018-06-22 16:05:10.000
13628724,Hubert,t,2014-05-05 12:31:44.000,2014-05-05 12:31:44.000
13631332,Fabian,t,2016-10-31 08:08:54.000,2016-10-31 08:08:54.000
13632665,Sophie,t,2017-02-23 03:11:15.000,2017-02-23 03:11:15.000
13645795,Niklas,f,2015-10-11 21:04:01.000,2015-10-11 21:04:01.000
13653192,Tiare,f,2015-11-22 22:08:43.000,2015-11-22 22:08:43.000
13660126,Pierre,f,2021-10-26 19:56:54.000,2021-10-26 19:56:54.000
13673535,Hauke,f,2017-06-06 20:39:37.000,2017-06-06 20:39:37.000
13688174,Daniel,t,2014-04-29 01:50:48.000,2014-04-29 01:50:48.000
13710517,Usha,f,2021-03-24 19:30:31.000,2021-03-24 19:30:31.000
13715600,Rita,f,2014-05-02 07:04:46.000,2014-05-02 07:04:46.000
13725483,Kostja,f,2015-08-19 17:33:12.000,2015-08-19 17:33:12.000
13738577,Raluca,f,2018-10-01 17:45:01.000,2018-10-01 17:45:01.000
13740946,Jonathan,f,2015-07-13 11:06:18.000,2015-07-13 11:06:18.000
13741595,Nina,f,2016-11-05 19:45:49.000,2016-11-05 19:45:49.000
13743082,Aurelia,f,2019-03-25 13:42:28.000,2019-03-25 13:42:28.000
13743529,Chris,f,2014-05-10 18:59:15.000,2014-05-10 18:59:15.000
13744805,Alexander,f,2014-07-24 22:42:48.000,2014-07-24 22:42:48.000
13762129,Sebastian,f,2021-10-30 01:17:30.000,2021-10-30 01:17:30.000
13769624,Kerstin,t,2014-06-17 07:45:50.000,2014-06-17 07:45:50.000
13774173,Mareile,f,2021-08-06 14:07:20.000,2021-08-06 14:07:20.000
13776840,Erik,f,2016-03-09 19:15:22.000,2016-03-09 19:15:22.000
13779063,Tata,f,2018-03-31 14:02:50.000,2018-03-31 14:02:50.000
13780087,Julie,f,2014-05-01 21:46:49.000,2014-05-01 21:46:49.000
13783177,Elisabeth,f,2014-10-07 02:50:58.000,2014-10-07 02:50:58.000
13802829,Ree,f,2016-08-25 16:24:25.000,2016-08-25 16:24:25.000
13803673,Marc,f,2016-09-09 06:51:17.000,2016-09-09 06:51:17.000
13803886,Maya,f,2019-12-20 11:38:09.000,2019-12-20 11:38:09.000
13804431,Maria Und Fausto,f,2017-04-17 01:43:40.000,2017-04-17 01:43:40.000
13815609,Jose Luis,f,2015-11-09 14:23:23.000,2015-11-09 14:23:23.000
13823064,Jule & John,f,2018-04-04 23:01:04.000,2018-04-04 23:01:04.000
13825223,Daniel,f,2017-10-01 06:32:13.000,2017-10-01 06:32:13.000
13857773,Elsa,f,2014-05-03 08:58:25.000,2014-05-03 08:58:25.000
13868464,Bünyamin,f,2015-09-13 10:10:31.000,2015-09-13 10:10:31.000
13879359,JinRan,f,2018-09-06 00:46:31.000,2018-09-06 00:46:31.000
13881091,Stanislau,f,2016-08-06 07:28:18.000,2016-08-06 07:28:18.000
13881181,Alina,f,2021-10-22 09:11:42.000,2021-10-22 09:11:42.000
13888955,Dmitry,f,2019-04-24 14:32:22.000,2019-04-24 14:32:22.000
13900425,Katja,f,2015-05-03 21:51:13.000,2015-05-03 21:51:13.000
13911315,Anni,t,2014-04-17 21:36:46.000,2014-04-17 21:36:46.000
13912387,Jonas,f,2017-07-04 02:54:57.000,2017-07-04 02:54:57.000
13913604,Björn,f,2015-04-27 04:10:20.000,2015-04-27 04:10:20.000
13914268,Jörg,f,2019-06-27 16:07:59.000,2019-06-27 16:07:59.000
13917406,Jean-Michel & Katerine,f,2016-12-16 15:15:06.000,2016-12-16 15:15:06.000
13919587,Manol,f,2015-01-02 07:19:18.000,2015-01-02 07:19:18.000
13927650,Malte,f,2017-06-05 13:52:41.000,2017-06-05 13:52:41.000
13943533,Nikolai,f,2021-11-04 15:42:51.000,2021-11-04 15:42:51.000
13949498,Jochim,t,2017-05-13 19:39:49.000,2017-05-13 19:39:49.000
13955962,Jana,f,2017-07-22 11:02:55.000,2017-07-22 11:02:55.000
13957823,Robert,f,2017-08-20 20:59:13.000,2017-08-20 20:59:13.000
13961102,Peik,f,2019-04-08 16:44:07.000,2019-04-08 16:44:07.000
13966272,Emanuel,f,2015-07-02 07:35:41.000,2015-07-02 07:35:41.000
13987784,Laura,f,2016-01-21 16:14:27.000,2016-01-21 16:14:27.000
13991211,Kat,f,2017-11-24 12:00:38.000,2017-11-24 12:00:38.000
13993393,Felix,f,2016-07-30 05:53:43.000,2016-07-30 05:53:43.000
14004487,Gesa,f,2014-07-31 06:35:06.000,2014-07-31 06:35:06.000
14012917,Michael,f,2021-11-18 02:37:48.000,2021-11-18 02:37:48.000
14017584,Roberta,f,2015-07-11 09:26:30.000,2015-07-11 09:26:30.000
14023479,Anna,f,2021-11-04 10:37:18.000,2021-11-04 10:37:18.000
14031385,Valeria,f,2014-05-07 09:38:50.000,2014-05-07 09:38:50.000
14035246,Charlotte,f,2015-08-15 17:24:13.000,2015-08-15 17:24:13.000
14045746,Renate,t,2014-07-26 23:46:15.000,2014-07-26 23:46:15.000
14050577,Clemens,f,2018-08-12 23:46:47.000,2018-08-12 23:46:47.000
14051944,Peggy,f,2015-12-21 07:25:03.000,2015-12-21 07:25:03.000
14067933,Mathilde,f,2015-12-30 15:09:35.000,2015-12-30 15:09:35.000
14073025,Heidrun,f,2018-12-03 05:03:07.000,2018-12-03 05:03:07.000
14073882,Igor,f,2018-10-04 04:56:50.000,2018-10-04 04:56:50.000
14085383,Mandana,f,2019-07-07 20:06:30.000,2019-07-07 20:06:30.000
14089209,Lena,f,2021-08-02 21:45:15.000,2021-08-02 21:45:15.000
14092604,Autumn,f,2017-02-20 04:15:34.000,2017-02-20 04:15:34.000
14107272,Bob,f,2021-10-24 12:58:52.000,2021-10-24 12:58:52.000
14113494,Luisa,f,2015-07-27 05:09:18.000,2015-07-27 05:09:18.000
14117635,Sören,f,2016-06-16 05:09:37.000,2016-06-16 05:09:37.000
14121803,Magda,f,2020-06-25 11:27:44.000,2020-06-25 11:27:44.000
14133079,Dilek,f,2021-03-24 09:21:11.000,2021-03-24 09:21:11.000
14135140,Farah,f,2021-05-01 04:25:46.000,2021-05-01 04:25:46.000
14145972,Sanna,f,2021-10-23 19:40:06.000,2021-10-23 19:40:06.000
14159498,Ivos,t,2018-01-14 02:07:43.000,2018-01-14 02:07:43.000
14170326,Cyrill,f,2019-05-18 12:27:14.000,2019-05-18 12:27:14.000
14177960,Andrea,t,2017-04-02 23:30:27.000,2017-04-02 23:30:27.000
14180440,Irene,f,2017-06-04 06:21:45.000,2017-06-04 06:21:45.000
14195199,Mariam,f,2018-08-06 14:21:57.000,2018-08-06 14:21:57.000
14196096,Olimpia,f,2015-02-28 18:39:32.000,2015-02-28 18:39:32.000
14197566,Andrea,f,2018-07-19 10:14:27.000,2018-07-19 10:14:27.000
14197802,Bernd,f,2020-10-04 18:00:05.000,2020-10-04 18:00:05.000
14198674,Marianne,f,2014-06-02 13:56:49.000,2014-06-02 13:56:49.000
14204577,Chrissie,f,2015-04-04 14:31:35.000,2015-04-04 14:31:35.000
14214168,Nicole,f,2017-07-15 16:54:19.000,2017-07-15 16:54:19.000
14217553,Simon,t,2018-03-26 21:37:12.000,2018-03-26 21:37:12.000
14217896,Anya,f,2019-06-28 09:49:10.000,2019-06-28 09:49:10.000
14220804,Jonas,f,2015-07-07 21:12:40.000,2015-07-07 21:12:40.000
14222309,William,f,2017-02-03 08:46:58.000,2017-02-03 08:46:58.000
14223722,Julien,f,2020-09-21 02:06:26.000,2020-09-21 02:06:26.000
14228507,Lisa,f,2014-05-25 14:02:48.000,2014-05-25 14:02:48.000
14232996,Ding,t,2015-09-23 03:25:22.000,2015-09-23 03:25:22.000
14241430,Laura,f,2017-05-02 17:12:57.000,2017-05-02 17:12:57.000
14256924,Isabel,f,2018-07-20 04:17:47.000,2018-07-20 04:17:47.000
14260967,Linda,f,2018-10-26 02:19:01.000,2018-10-26 02:19:01.000
14261109,Rebecca,t,2016-09-01 14:23:51.000,2016-09-01 14:23:51.000
14262973,Riccardo,f,2014-05-27 08:01:19.000,2014-05-27 08:01:19.000
14276801,Nadja,t,2020-02-05 08:09:44.000,2020-02-05 08:09:44.000
14277314,Sophie,f,2018-05-03 13:50:39.000,2018-05-03 13:50:39.000
14280205,Malte,f,2015-06-12 21:29:15.000,2015-06-12 21:29:15.000
14313670,Matthias + Semmy,t,2016-08-31 11:33:04.000,2016-08-31 11:33:04.000
14321288,Bav,f,2015-07-27 11:20:04.000,2015-07-27 11:20:04.000
14326565,Selma,f,2018-05-22 20:00:31.000,2018-05-22 20:00:31.000
14329937,Nina,f,2015-03-27 08:09:11.000,2015-03-27 08:09:11.000
14334393,Virginia,f,2021-10-26 01:33:41.000,2021-10-26 01:33:41.000
14348964,Julian,f,2016-03-13 23:02:18.000,2016-03-13 23:02:18.000
14353408,Volker,f,2021-07-10 11:31:16.000,2021-07-10 11:31:16.000
14358563,Stefano,t,2015-08-09 07:07:15.000,2015-08-09 07:07:15.000
14358836,Rebecca,f,2015-07-12 21:08:36.000,2015-07-12 21:08:36.000
14365250,Andrea,t,2014-04-26 21:55:45.000,2014-04-26 21:55:45.000
14374734,Marta,f,2020-07-09 13:18:54.000,2020-07-09 13:18:54.000
14378119,Norbert,f,2014-06-16 22:57:24.000,2014-06-16 22:57:24.000
14378450,Kamen,f,2016-08-12 23:24:46.000,2016-08-12 23:24:46.000
14378713,Sara,f,2015-08-31 20:18:25.000,2015-08-31 20:18:25.000
14393396,Edoardo G. L.,f,2017-09-03 18:13:22.000,2017-09-03 18:13:22.000
14396502,Grace,f,2021-10-26 22:30:31.000,2021-10-26 22:30:31.000
14396856,Jannik,f,2019-09-20 19:17:44.000,2019-09-20 19:17:44.000
14401197,Nora & Erhardt,f,2017-11-03 14:38:53.000,2017-11-03 14:38:53.000
14405869,Julie,f,2021-11-15 11:00:57.000,2021-11-15 11:00:57.000
14427855,Javier,f,2014-04-19 22:47:29.000,2014-04-19 22:47:29.000
14428265,Lennart,f,2016-05-09 09:16:19.000,2016-05-09 09:16:19.000
14439231,Christian,t,2016-07-15 15:26:12.000,2016-07-15 15:26:12.000
14446539,Carina,f,2015-09-02 03:22:36.000,2015-09-02 03:22:36.000
14474248,Simone,t,2014-10-05 09:25:42.000,2014-10-05 09:25:42.000
14477814,Guadalupe,f,2014-12-25 23:22:32.000,2014-12-25 23:22:32.000
14477936,Anica,t,2018-12-20 09:35:55.000,2018-12-20 09:35:55.000
14495640,Viola,f,2017-04-03 23:57:26.000,2017-04-03 23:57:26.000
14496460,Nailya,f,2014-11-27 12:58:01.000,2014-11-27 12:58:01.000
14502285,Kim,f,2015-07-09 00:28:28.000,2015-07-09 00:28:28.000
14506646,Ingo,t,2019-10-26 08:42:30.000,2019-10-26 08:42:30.000
14507115,Lukas,f,2016-10-10 00:41:54.000,2016-10-10 00:41:54.000
14514996,Skander,f,2019-11-30 00:46:37.000,2019-11-30 00:46:37.000
14515311,Natalia,f,2017-11-27 09:17:04.000,2017-11-27 09:17:04.000
14536019,Naagma,f,2017-12-30 01:06:18.000,2017-12-30 01:06:18.000
14539033,Fabian,f,2019-09-15 02:54:00.000,2019-09-15 02:54:00.000
14544826,Clara,f,2018-08-29 23:25:28.000,2018-08-29 23:25:28.000
14545791,Gabriele,f,2014-06-04 08:13:35.000,2014-06-04 08:13:35.000
14569714,René,t,2017-05-26 02:02:56.000,2017-05-26 02:02:56.000
14576607,Maria,f,2017-03-11 03:42:43.000,2017-03-11 03:42:43.000
14585353,Ary,f,2016-01-04 21:57:37.000,2016-01-04 21:57:37.000
14602909,Paul,f,2020-08-04 13:59:50.000,2020-08-04 13:59:50.000
14611346,Meike,f,2021-10-23 09:40:07.000,2021-10-23 09:40:07.000
14620490,Gabriel,f,2018-03-24 12:24:33.000,2018-03-24 12:24:33.000
14623546,Jean Luc,f,2014-04-27 16:16:55.000,2014-04-27 16:16:55.000
14624334,Avner,f,2021-03-23 07:01:48.000,2021-03-23 07:01:48.000
14628862,Fabian,f,2019-06-10 17:18:15.000,2019-06-10 17:18:15.000
14637588,Noemi,f,2021-10-22 14:18:08.000,2021-10-22 14:18:08.000
14664708,Nico,f,2019-06-22 03:36:23.000,2019-06-22 03:36:23.000
14679360,Rahel,f,2021-11-04 07:07:03.000,2021-11-04 07:07:03.000
14680085,Dare,f,2021-11-04 13:14:38.000,2021-11-04 13:14:38.000
14687907,Reggie,f,2021-11-05 14:30:33.000,2021-11-05 14:30:33.000
14693512,Barbara,f,2017-08-25 10:10:53.000,2017-08-25 10:10:53.000
14701980,Johann,t,2016-11-17 05:46:56.000,2016-11-17 05:46:56.000
14706103,Petra/ Diter,t,2018-11-27 23:33:59.000,2018-11-27 23:33:59.000
14706206,Angelika,f,2017-05-23 14:18:17.000,2017-05-23 14:18:17.000
14706678,Carenina,f,2015-04-26 14:10:37.000,2015-04-26 14:10:37.000
14708213,Tullia,f,2020-07-20 04:52:05.000,2020-07-20 04:52:05.000
14709761,Sim,f,2017-07-02 13:55:30.000,2017-07-02 13:55:30.000
14731455,Mohamed,f,2019-09-03 09:44:34.000,2019-09-03 09:44:34.000
14733613,Sway,f,2015-12-16 17:07:05.000,2015-12-16 17:07:05.000
14737994,Justine,t,2016-09-08 00:21:30.000,2016-09-08 00:21:30.000
14745055,Ben,f,2021-07-20 15:15:35.000,2021-07-20 15:15:35.000
14746021,Christopher,f,2014-11-28 03:17:04.000,2014-11-28 03:17:04.000
14746635,Joshua,f,2019-06-13 23:52:36.000,2019-06-13 23:52:36.000
14747106,Conny,f,2021-10-26 15:21:53.000,2021-10-26 15:21:53.000
14752173,Daniel,f,2019-02-04 15:27:39.000,2019-02-04 15:27:39.000
14763416,Anna,f,2020-08-19 17:14:39.000,2020-08-19 17:14:39.000
14778045,Katsiaryna,f,2016-07-18 17:38:29.000,2016-07-18 17:38:29.000
14778925,Olivia,f,2021-11-04 04:56:20.000,2021-11-04 04:56:20.000
14784492,Claudi,f,2016-09-05 02:15:57.000,2016-09-05 02:15:57.000
14798453,Paula,f,2018-02-23 10:48:31.000,2018-02-23 10:48:31.000
14799124,Annet,f,2018-06-21 22:05:20.000,2018-06-21 22:05:20.000
14819479,Elli,f,2020-07-15 21:21:55.000,2020-07-15 21:21:55.000
14850533,Lisa,f,2021-09-18 05:45:13.000,2021-09-18 05:45:13.000
14851218,Tugce,f,2017-08-03 10:54:58.000,2017-08-03 10:54:58.000
14862080,Lin,f,2014-12-13 01:20:21.000,2014-12-13 01:20:21.000
14864107,Arne,f,2021-11-06 03:50:20.000,2021-11-06 03:50:20.000
14875750,David,f,2017-02-28 03:18:26.000,2017-02-28 03:18:26.000
14880099,Ana Maria Irina,f,2015-12-19 12:18:03.000,2015-12-19 12:18:03.000
14882027,Madhuri,f,2021-11-18 03:31:29.000,2021-11-18 03:31:29.000
14883027,Marie,f,2021-10-21 22:24:45.000,2021-10-21 22:24:45.000
14883680,Sylvain,f,2021-09-05 06:35:37.000,2021-09-05 06:35:37.000
14892838,Sabine,f,2015-07-02 20:57:17.000,2015-07-02 20:57:17.000
14917695,Peter,f,2021-11-16 14:27:15.000,2021-11-16 14:27:15.000
14918295,P. Ola,f,2014-09-11 23:54:15.000,2014-09-11 23:54:15.000
14932229,Julia,t,2020-10-11 23:25:51.000,2020-10-11 23:25:51.000
14959174,Moritz,f,2019-11-13 11:41:58.000,2019-11-13 11:41:58.000
14971005,Martin,f,2014-06-03 10:20:10.000,2014-06-03 10:20:10.000
14992299,Verena,f,2021-11-03 00:18:21.000,2021-11-03 00:18:21.000
14996711,Duc,f,2019-03-28 23:49:37.000,2019-03-28 23:49:37.000
15005811,Annabelle,f,2021-11-16 21:07:24.000,2021-11-16 21:07:24.000
15008839,Kalle,t,2018-12-18 05:55:08.000,2018-12-18 05:55:08.000
15032404,Knuth,f,2014-08-06 21:59:13.000,2014-08-06 21:59:13.000
15034140,Vladi,f,2014-05-03 15:50:34.000,2014-05-03 15:50:34.000
15034437,Ly Dieu,f,2015-12-20 23:10:44.000,2015-12-20 23:10:44.000
15044374,Felina,f,2019-02-10 18:53:51.000,2019-02-10 18:53:51.000
15045838,Ingo,f,2014-05-21 01:57:53.000,2014-05-21 01:57:53.000
15082057,Sonja,f,2019-03-17 22:00:33.000,2019-03-17 22:00:33.000
15083615,Simone,f,2021-10-30 21:06:01.000,2021-10-30 21:06:01.000
15089977,Maria Beatriz,t,2017-08-30 03:39:24.000,2017-08-30 03:39:24.000
15094798,Jan,f,2014-06-10 17:47:31.000,2014-06-10 17:47:31.000
15101083,Rachel,f,2018-12-29 18:34:44.000,2018-12-29 18:34:44.000
15107543,Angela,f,2018-08-03 13:51:59.000,2018-08-03 13:51:59.000
15111586,Saskia,f,2016-02-27 16:17:20.000,2016-02-27 16:17:20.000
15116552,Eric Nicolas,f,2016-02-07 05:34:25.000,2016-02-07 05:34:25.000
15117540,Christoph,f,2018-08-21 04:18:31.000,2018-08-21 04:18:31.000
15122488,Susanne,f,2018-08-12 23:24:47.000,2018-08-12 23:24:47.000
15131628,Maximiliane,f,2018-10-15 06:08:06.000,2018-10-15 06:08:06.000
15132751,Angela,t,2015-07-26 03:46:37.000,2015-07-26 03:46:37.000
15138918,Lisa,f,2017-04-04 05:32:38.000,2017-04-04 05:32:38.000
15145288,Agnes,t,2018-10-26 09:06:03.000,2018-10-26 09:06:03.000
15154421,Maren,f,2019-11-19 18:48:06.000,2019-11-19 18:48:06.000
15160550,Armin,f,2018-08-29 00:51:41.000,2018-08-29 00:51:41.000
15171488,Sergey,f,2021-11-03 10:36:43.000,2021-11-03 10:36:43.000
15175035,Niklas,f,2017-04-27 14:17:02.000,2017-04-27 14:17:02.000
15194048,Rosa,f,2021-10-24 05:22:20.000,2021-10-24 05:22:20.000
15205379,Manh Tu,f,2021-05-28 06:19:02.000,2021-05-28 06:19:02.000
15213063,Johannes,f,2016-08-11 17:35:18.000,2016-08-11 17:35:18.000
15217798,Francisco,t,2016-07-24 17:21:10.000,2016-07-24 17:21:10.000
15230804,Oliver,f,2016-06-29 05:39:16.000,2016-06-29 05:39:16.000
15231996,Anett,f,2014-09-06 03:53:07.000,2014-09-06 03:53:07.000
15232980,Robyn,f,2017-04-02 22:08:25.000,2017-04-02 22:08:25.000
15249060,Lydia,f,2015-04-09 15:44:07.000,2015-04-09 15:44:07.000
15249629,Peter,t,2019-03-29 00:27:10.000,2019-03-29 00:27:10.000
15259204,Augusto,f,2020-01-07 00:00:27.000,2020-01-07 00:00:27.000
15259457,Nathaniel,f,2021-10-31 13:06:40.000,2021-10-31 13:06:40.000
15272715,Igor,f,2021-11-12 01:32:24.000,2021-11-12 01:32:24.000
15291071,Hannah,f,2021-02-07 07:45:01.000,2021-02-07 07:45:01.000
15300959,Harry,f,2018-12-28 14:07:29.000,2018-12-28 14:07:29.000
15301576,Milena,f,2021-11-08 11:31:47.000,2021-11-08 11:31:47.000
15310725,Kalina,f,2020-02-06 06:47:41.000,2020-02-06 06:47:41.000
15341612,Sylvia Viola,f,2016-02-08 13:54:34.000,2016-02-08 13:54:34.000
15346460,Stefan,f,2020-06-09 14:24:49.000,2020-06-09 14:24:49.000
15348314,John,f,2014-10-01 02:49:12.000,2014-10-01 02:49:12.000
15359026,Christina,f,2015-07-20 14:02:56.000,2015-07-20 14:02:56.000
15363219,Lisa,f,2014-05-12 21:32:46.000,2014-05-12 21:32:46.000
15364916,Sravan,f,2021-11-08 10:55:32.000,2021-11-08 10:55:32.000
15366176,Christian,f,2021-10-23 23:51:59.000,2021-10-23 23:51:59.000
15369784,Laura,f,2015-05-18 12:47:28.000,2015-05-18 12:47:28.000
15388970,Sabrina,f,2019-05-11 19:51:38.000,2019-05-11 19:51:38.000
15404421,Liliya,f,2021-10-23 13:03:38.000,2021-10-23 13:03:38.000
15409491,Charlotte,f,2019-07-13 10:48:28.000,2019-07-13 10:48:28.000
15415749,Catrin,f,2021-11-04 00:14:03.000,2021-11-04 00:14:03.000
15418632,Christine,t,2015-01-02 15:21:54.000,2015-01-02 15:21:54.000
15428277,Sebastian,t,2014-05-25 04:06:41.000,2014-05-25 04:06:41.000
15433876,Laura,t,2016-09-11 10:51:28.000,2016-09-11 10:51:28.000
15436178,Carmen,f,2017-03-12 17:09:57.000,2017-03-12 17:09:57.000
15442470,Melanie,f,2019-08-30 23:20:25.000,2019-08-30 23:20:25.000
15456585,Kristian,f,2021-11-12 00:42:16.000,2021-11-12 00:42:16.000
15462817,Souad,f,2015-09-29 06:07:35.000,2015-09-29 06:07:35.000
15469015,Adele,t,2021-02-20 22:33:23.000,2021-02-20 22:33:23.000
15473962,Lukas,f,2018-11-14 20:54:20.000,2018-11-14 20:54:20.000
15482406,Eva-Lotte,f,2015-02-12 01:00:18.000,2015-02-12 01:00:18.000
15490912,Sonia,f,2020-03-02 02:36:47.000,2020-03-02 02:36:47.000
15504628,Choucri,f,2019-12-28 23:25:19.000,2019-12-28 23:25:19.000
15506870,Berlin,f,2017-05-27 08:17:03.000,2017-05-27 08:17:03.000
15507365,Claudia,t,2021-07-28 02:29:44.000,2021-07-28 02:29:44.000
15510261,Collins,f,2017-08-26 15:41:40.000,2017-08-26 15:41:40.000
15514880,Jesse,f,2021-11-09 21:05:06.000,2021-11-09 21:05:06.000
15516062,Julia,f,2016-12-20 07:42:50.000,2016-12-20 07:42:50.000
15537950,Katharina,f,2015-05-07 22:53:31.000,2015-05-07 22:53:31.000
15547994,Fabian,f,2020-01-18 07:12:26.000,2020-01-18 07:12:26.000
15551060,Kunle,f,2015-12-19 18:42:06.000,2015-12-19 18:42:06.000
15568241,Nicolas,f,2019-06-18 19:22:38.000,2019-06-18 19:22:38.000
15570002,Fabio,f,2021-06-08 12:43:25.000,2021-06-08 12:43:25.000
15573787,Lisa,f,2016-12-28 14:03:34.000,2016-12-28 14:03:34.000
15579740,Jacinta,f,2019-02-21 05:04:47.000,2019-02-21 05:04:47.000
15606243,Vivian,f,2015-09-03 22:46:36.000,2015-09-03 22:46:36.000
15625588,Luzie,f,2014-05-10 22:51:06.000,2014-05-10 22:51:06.000
15627092,Marcel,f,2016-05-05 20:25:01.000,2016-05-05 20:25:01.000
15629732,Wiebke,f,2014-08-11 16:22:23.000,2014-08-11 16:22:23.000
15638249,Jana,f,2016-04-20 14:45:31.000,2016-04-20 14:45:31.000
15660646,Yasmina,f,2019-08-13 08:28:42.000,2019-08-13 08:28:42.000
15672514,Igor,f,2018-07-27 01:29:18.000,2018-07-27 01:29:18.000
15681033,Robert,f,2021-11-08 01:21:43.000,2021-11-08 01:21:43.000
15686693,Sergio,f,2015-11-15 16:44:33.000,2015-11-15 16:44:33.000
15702640,Martin,f,2021-10-27 16:54:08.000,2021-10-27 16:54:08.000
15705613,Robin,f,2021-06-30 03:48:08.000,2021-06-30 03:48:08.000
15708564,Kai,f,2017-07-19 15:45:05.000,2017-07-19 15:45:05.000
15724355,Christopher,f,2017-05-17 14:35:04.000,2017-05-17 14:35:04.000
15728494,Alexa,f,2019-07-13 09:53:24.000,2019-07-13 09:53:24.000
15728531,Berta,t,2014-06-21 18:40:01.000,2014-06-21 18:40:01.000
15730959,Jul,f,2016-08-04 03:51:41.000,2016-08-04 03:51:41.000
15732053,Manuela,f,2014-08-23 11:42:35.000,2014-08-23 11:42:35.000
15749490,Anni,f,2020-01-24 19:37:15.000,2020-01-24 19:37:15.000
15753705,Artur,f,2021-11-13 08:11:18.000,2021-11-13 08:11:18.000
15756543,Joana,f,2015-09-16 05:51:51.000,2015-09-16 05:51:51.000
15778598,Tereśa,f,2017-07-17 22:27:48.000,2017-07-17 22:27:48.000
15781514,Philipp,f,2014-08-19 21:27:57.000,2014-08-19 21:27:57.000
15791056,Dagmar,t,2020-11-29 01:17:42.000,2020-11-29 01:17:42.000
15802059,Paul,t,2015-07-25 02:42:20.000,2015-07-25 02:42:20.000
15806698,Andreas,f,2014-05-28 07:52:35.000,2014-05-28 07:52:35.000
15821557,Enno,f,2019-07-28 01:51:41.000,2019-07-28 01:51:41.000
15826792,Natalia,f,2019-05-10 00:07:49.000,2019-05-10 00:07:49.000
15828530,Maria,f,2016-12-20 11:50:42.000,2016-12-20 11:50:42.000
15841013,Olga,f,2019-10-25 12:17:58.000,2019-10-25 12:17:58.000
15841765,Steffi,f,2019-09-05 04:18:34.000,2019-09-05 04:18:34.000
15842311,Paul,f,2021-08-31 18:58:37.000,2021-08-31 18:58:37.000
15847695,Saskia,f,2017-05-25 15:01:58.000,2017-05-25 15:01:58.000
15850420,David,f,2016-10-10 13:50:18.000,2016-10-10 13:50:18.000
15855118,Stinne Maria,f,2021-11-16 08:45:53.000,2021-11-16 08:45:53.000
15856959,Eslam,f,2021-11-03 14:24:33.000,2021-11-03 14:24:33.000
15857907,Linda,f,2015-06-07 14:05:12.000,2015-06-07 14:05:12.000
15867007,Ia,f,2021-07-14 10:53:14.000,2021-07-14 10:53:14.000
15868601,Delphine,f,2018-07-05 01:27:48.000,2018-07-05 01:27:48.000
15885094,Tobi,f,2014-05-29 13:13:55.000,2014-05-29 13:13:55.000
15893066,Thomas,f,2018-05-28 22:08:22.000,2018-05-28 22:08:22.000
15895656,Adan,f,2017-04-15 15:22:30.000,2017-04-15 15:22:30.000
15896555,Sam,f,2017-07-27 18:41:40.000,2017-07-27 18:41:40.000
15901015,Laura,f,2016-05-10 11:02:18.000,2016-05-10 11:02:18.000
15914720,Jenny,f,2017-11-29 12:30:54.000,2017-11-29 12:30:54.000
15917612,Johannes,f,2017-07-28 22:40:06.000,2017-07-28 22:40:06.000
15919349,Yoni,f,2021-11-05 02:03:06.000,2021-11-05 02:03:06.000
15920914,Felix,f,2019-06-30 19:33:18.000,2019-06-30 19:33:18.000
15927712,Dimitri,f,2017-02-18 15:42:06.000,2017-02-18 15:42:06.000
15930149,Dagmar,f,2014-07-09 02:20:49.000,2014-07-09 02:20:49.000
15936565,Julia& Sergiej,f,2018-09-24 08:17:26.000,2018-09-24 08:17:26.000
15974323,Stefan,f,2017-04-04 13:56:45.000,2017-04-04 13:56:45.000
15993621,Margarete,f,2016-07-31 08:50:40.000,2016-07-31 08:50:40.000
15994970,Christian,f,2014-06-11 04:04:30.000,2014-06-11 04:04:30.000
15997566,Nicola,f,2015-02-03 12:13:31.000,2015-02-03 12:13:31.000
15999237,Wolf,f,2014-06-14 15:36:29.000,2014-06-14 15:36:29.000
16003008,Bernd,f,2016-11-29 11:58:19.000,2016-11-29 11:58:19.000
16008109,Franziska,f,2014-08-10 11:05:55.000,2014-08-10 11:05:55.000
16011290,Ulrich,f,2018-10-15 00:02:36.000,2018-10-15 00:02:36.000
16016568,Lena,f,2018-09-21 17:23:10.000,2018-09-21 17:23:10.000
16029676,Cinzia,f,2017-10-28 03:09:59.000,2017-10-28 03:09:59.000
16033428,Ben,f,2015-01-01 07:43:42.000,2015-01-01 07:43:42.000
16037362,Sarah,f,2021-10-28 10:46:09.000,2021-10-28 10:46:09.000
16055629,Alexandra,f,2017-06-07 21:58:32.000,2017-06-07 21:58:32.000
16079116,Chris,f,2014-12-15 14:39:21.000,2014-12-15 14:39:21.000
16081671,Ira,f,2017-07-31 14:08:08.000,2017-07-31 14:08:08.000
16093749,Kalle,f,2016-12-26 13:13:30.000,2016-12-26 13:13:30.000
16096955,Thomas,f,2018-08-20 21:11:32.000,2018-08-20 21:11:32.000
16101198,Ivan,f,2015-08-22 06:48:03.000,2015-08-22 06:48:03.000
16102517,Yrerkl,f,2014-08-06 09:16:43.000,2014-08-06 09:16:43.000
16109448,Janne,f,2019-11-17 13:12:16.000,2019-11-17 13:12:16.000
16114747,Jessica,f,2019-02-17 20:45:05.000,2019-02-17 20:45:05.000
16117859,Cornelius,f,2016-03-04 15:57:51.000,2016-03-04 15:57:51.000
16122709,Jannyn,f,2014-07-24 22:12:09.000,2014-07-24 22:12:09.000
16135990,Rahel,f,2015-05-05 03:36:37.000,2015-05-05 03:36:37.000
16137795,Peggy,f,2014-10-10 11:57:59.000,2014-10-10 11:57:59.000
16144668,Jane,f,2020-02-24 21:04:17.000,2020-02-24 21:04:17.000
16154922,Mariana,f,2017-12-08 18:19:56.000,2017-12-08 18:19:56.000
16164765,Elisabeth,f,2021-11-02 20:06:43.000,2021-11-02 20:06:43.000
16167807,Tommaso,f,2017-07-09 14:19:43.000,2017-07-09 14:19:43.000
16171641,Stella Marisa,t,2021-07-20 18:32:39.000,2021-07-20 18:32:39.000
16174535,Henriette,f,2020-08-04 07:40:30.000,2020-08-04 07:40:30.000
16188012,Matthias,f,2016-09-18 07:28:43.000,2016-09-18 07:28:43.000
16189128,Diana,f,2016-07-22 22:36:03.000,2016-07-22 22:36:03.000
16202765,Kathrin,f,2018-06-27 02:07:28.000,2018-06-27 02:07:28.000
16208374,Caroline,f,2017-06-23 06:55:30.000,2017-06-23 06:55:30.000
16208646,Christian,f,2020-05-23 00:41:55.000,2020-05-23 00:41:55.000
16213956,Ulla-Maija,f,2021-10-29 21:14:29.000,2021-10-29 21:14:29.000
16215073,Nina,t,2018-07-26 09:53:37.000,2018-07-26 09:53:37.000
16217383,Maria,f,2016-05-20 06:03:31.000,2016-05-20 06:03:31.000
16227824,Markus,f,2014-06-02 23:22:52.000,2014-06-02 23:22:52.000
16228053,Marcello,f,2021-11-10 19:07:14.000,2021-11-10 19:07:14.000
16246367,Hanni,f,2014-06-25 15:22:54.000,2014-06-25 15:22:54.000
16250769,Nicolas,f,2021-11-14 10:36:47.000,2021-11-14 10:36:47.000
16269940,Josephine,f,2017-03-30 20:58:36.000,2017-03-30 20:58:36.000
16271978,Sahar,f,2019-09-21 10:34:08.000,2019-09-21 10:34:08.000
16273210,Isadhora,f,2021-10-22 06:01:28.000,2021-10-22 06:01:28.000
16279672,Shadi,f,2014-08-03 04:19:18.000,2014-08-03 04:19:18.000
16280732,Mike,f,2019-04-12 10:04:19.000,2019-04-12 10:04:19.000
16281822,Basak,f,2018-09-07 10:36:57.000,2018-09-07 10:36:57.000
16288216,Alex,f,2021-11-16 02:09:47.000,2021-11-16 02:09:47.000
16292914,Ilona,f,2021-11-12 19:07:44.000,2021-11-12 19:07:44.000
16295444,Christian,f,2020-07-11 12:16:51.000,2020-07-11 12:16:51.000
16301908,Alexander,f,2018-08-14 06:43:06.000,2018-08-14 06:43:06.000
16320372,Susanne,t,2016-09-03 23:11:16.000,2016-09-03 23:11:16.000
16322956,Lennart,f,2015-10-15 19:52:29.000,2015-10-15 19:52:29.000
16327348,Ines,f,2014-07-01 04:37:36.000,2014-07-01 04:37:36.000
16329086,Timm,f,2014-07-30 14:48:56.000,2014-07-30 14:48:56.000
16330920,Johannes,f,2015-12-18 01:29:04.000,2015-12-18 01:29:04.000
16332399,Micha,f,2021-08-09 22:26:36.000,2021-08-09 22:26:36.000
16346337,Olivia,f,2019-09-18 09:43:22.000,2019-09-18 09:43:22.000
16346561,Leo,f,2021-10-31 23:54:46.000,2021-10-31 23:54:46.000
16361412,Janina,f,2018-08-21 18:31:41.000,2018-08-21 18:31:41.000
16364190,Julia,f,2016-10-27 00:41:13.000,2016-10-27 00:41:13.000
16373595,Lisa,f,2015-11-08 06:09:51.000,2015-11-08 06:09:51.000
16373999,Juju,f,2014-05-28 11:31:05.000,2014-05-28 11:31:05.000
16374310,Josa,f,2017-09-11 02:40:05.000,2017-09-11 02:40:05.000
16380310,Sabeth,f,2017-11-20 19:47:44.000,2017-11-20 19:47:44.000
16380329,Sarah,f,2021-10-27 15:28:48.000,2021-10-27 15:28:48.000
16380522,Alina,f,2019-07-27 16:28:32.000,2019-07-27 16:28:32.000
16383933,Kevin,f,2021-10-30 15:13:24.000,2021-10-30 15:13:24.000
16395669,Stephan,f,2015-07-27 06:34:33.000,2015-07-27 06:34:33.000
16410152,Fırat,f,2021-11-16 20:56:38.000,2021-11-16 20:56:38.000
16412009,Lisa,f,2016-02-10 09:24:22.000,2016-02-10 09:24:22.000
16416782,Corinna,f,2017-08-05 09:20:39.000,2017-08-05 09:20:39.000
16423299,Sarah,f,2017-08-03 13:06:42.000,2017-08-03 13:06:42.000
16427188,Aggi,f,2014-05-26 17:37:00.000,2014-05-26 17:37:00.000
16437442,Laura,f,2015-07-28 04:32:57.000,2015-07-28 04:32:57.000
16450807,Alex,f,2015-09-28 20:27:02.000,2015-09-28 20:27:02.000
16451186,Clarissa,f,2016-08-25 14:02:35.000,2016-08-25 14:02:35.000
16452363,Susanne,f,2019-07-01 18:19:01.000,2019-07-01 18:19:01.000
16472366,Jannik,f,2017-06-06 09:09:26.000,2017-06-06 09:09:26.000
16472922,Sandra,t,2019-07-01 14:30:39.000,2019-07-01 14:30:39.000
16481607,Luis,t,2020-08-01 11:56:28.000,2020-08-01 11:56:28.000
16489906,Ryan,f,2014-10-03 09:51:36.000,2014-10-03 09:51:36.000
16496827,Stas,f,2021-11-02 15:04:39.000,2021-11-02 15:04:39.000
16501673,Mareike,f,2016-04-17 12:34:47.000,2016-04-17 12:34:47.000
16504676,Karen,f,2018-07-17 19:18:49.000,2018-07-17 19:18:49.000
16514578,Michael,t,2019-04-13 02:03:45.000,2019-04-13 02:03:45.000
16519220,Riccardo,f,2018-04-12 11:49:47.000,2018-04-12 11:49:47.000
16526913,Falko,f,2016-03-14 20:04:34.000,2016-03-14 20:04:34.000
16556825,Shelley,f,2018-03-23 22:43:17.000,2018-03-23 22:43:17.000
16594174,Anika,f,2021-11-11 21:47:54.000,2021-11-11 21:47:54.000
16598510,Ade,f,2021-04-27 18:24:57.000,2021-04-27 18:24:57.000
16603309,Sabrina,f,2015-08-11 09:10:15.000,2015-08-11 09:10:15.000
16614328,Maria,f,2021-11-13 21:13:34.000,2021-11-13 21:13:34.000
16630523,Daniel,t,2021-03-07 21:56:00.000,2021-03-07 21:56:00.000
16630735,Hanna,f,2016-08-17 14:30:04.000,2016-08-17 14:30:04.000
16650885,Friederike,f,2021-11-02 17:31:21.000,2021-11-02 17:31:21.000
16657244,Maya,f,2016-06-16 21:03:50.000,2016-06-16 21:03:50.000
16657917,Vanessa,f,2021-11-17 22:47:46.000,2021-11-17 22:47:46.000
16661180,Jenny,f,2016-07-29 02:10:47.000,2016-07-29 02:10:47.000
16664238,Katja,f,2014-07-16 14:09:19.000,2014-07-16 14:09:19.000
16681697,Kenny,f,2019-11-23 05:03:26.000,2019-11-23 05:03:26.000
16690825,Tilmann,f,2021-10-29 00:20:34.000,2021-10-29 00:20:34.000
16698564,Lena,f,2020-08-08 19:30:07.000,2020-08-08 19:30:07.000
16698845,Kristin,f,2016-04-23 08:51:11.000,2016-04-23 08:51:11.000
16701479,Alex,f,2018-02-19 08:25:29.000,2018-02-19 08:25:29.000
16702596,Sonja,f,2015-01-31 19:48:44.000,2015-01-31 19:48:44.000
16712308,Moritz,f,2016-04-13 00:55:05.000,2016-04-13 00:55:05.000
16715351,Fema,f,2014-06-17 02:15:35.000,2014-06-17 02:15:35.000
16730719,Joana,f,2019-12-26 16:06:05.000,2019-12-26 16:06:05.000
16735987,Gisela,t,2014-06-25 17:52:05.000,2014-06-25 17:52:05.000
16735998,Paola,f,2014-08-04 16:26:38.000,2014-08-04 16:26:38.000
16747978,Roberto,f,2019-04-11 16:05:37.000,2019-04-11 16:05:37.000
16753469,Mona,f,2015-09-16 07:44:34.000,2015-09-16 07:44:34.000
16769493,Donna,f,2014-07-29 05:48:25.000,2014-07-29 05:48:25.000
16771380,Melissa,f,2015-07-19 00:38:58.000,2015-07-19 00:38:58.000
16771511,Che,f,2019-08-17 09:01:42.000,2019-08-17 09:01:42.000
16772365,Leo,f,2015-06-21 18:09:17.000,2015-06-21 18:09:17.000
16775003,Sarah,f,2014-06-23 14:25:12.000,2014-06-23 14:25:12.000
16775158,Talya,f,2014-08-11 21:39:26.000,2014-08-11 21:39:26.000
16779224,Florian,f,2018-05-07 17:46:59.000,2018-05-07 17:46:59.000
16787645,Ruth,f,2015-05-28 22:57:06.000,2015-05-28 22:57:06.000
16798259,Oliver,f,2014-06-23 20:30:12.000,2014-06-23 20:30:12.000
16803915,Oliver,f,2017-08-29 16:04:23.000,2017-08-29 16:04:23.000
16804471,Ricky,f,2018-11-13 14:09:13.000,2018-11-13 14:09:13.000
16806217,Mike,f,2021-02-18 19:33:18.000,2021-02-18 19:33:18.000
16811832,Christoph,t,2014-08-18 10:19:59.000,2014-08-18 10:19:59.000
16817286,Danijela,f,2017-07-28 17:18:05.000,2017-07-28 17:18:05.000
16817592,Tina,f,2016-05-13 12:01:03.000,2016-05-13 12:01:03.000
16822443,Svenja,f,2018-07-23 18:48:25.000,2018-07-23 18:48:25.000
16825237,Maike,f,2021-11-14 02:25:35.000,2021-11-14 02:25:35.000
16826761,Pia,f,2021-07-29 01:28:21.000,2021-07-29 01:28:21.000
16838097,Jonas,f,2014-07-13 10:51:44.000,2014-07-13 10:51:44.000
16847831,Charlotte,f,2015-05-05 21:46:04.000,2015-05-05 21:46:04.000
16847935,Marcus,f,2018-09-24 22:37:35.000,2018-09-24 22:37:35.000
16851396,Kai,f,2021-11-02 18:18:47.000,2021-11-02 18:18:47.000
16876647,David,f,2021-11-16 15:39:57.000,2021-11-16 15:39:57.000
16888300,Hannah,f,2014-06-27 12:34:23.000,2014-06-27 12:34:23.000
16890203,Harm,t,2014-07-30 05:35:37.000,2014-07-30 05:35:37.000
16894316,Paul,f,2017-09-24 13:42:06.000,2017-09-24 13:42:06.000
16898740,Pel,f,2015-05-01 09:19:17.000,2015-05-01 09:19:17.000
16899416,Edith,t,2020-05-23 15:52:13.000,2020-05-23 15:52:13.000
16907520,Bea,f,2017-09-18 02:06:25.000,2017-09-18 02:06:25.000
16913288,Philipp,t,2017-07-07 03:25:42.000,2017-07-07 03:25:42.000
16914022,Marta,t,2018-08-19 02:11:20.000,2018-08-19 02:11:20.000
16920760,Jim,f,2019-09-23 15:34:40.000,2019-09-23 15:34:40.000
16934464,Erik,t,2015-03-26 13:04:01.000,2015-03-26 13:04:01.000
16944415,Sofia,f,2014-06-21 17:08:53.000,2014-06-21 17:08:53.000
16949444,Catherine,f,2018-04-24 13:16:06.000,2018-04-24 13:16:06.000
16955099,Jamie,f,2017-07-22 11:22:48.000,2017-07-22 11:22:48.000
16980665,Axel,f,2014-07-04 23:51:38.000,2014-07-04 23:51:38.000
16985784,Eberhard,t,2015-10-09 03:35:13.000,2015-10-09 03:35:13.000
16988241,Michaela,f,2021-11-04 10:12:02.000,2021-11-04 10:12:02.000
16989663,Theresa,f,2015-02-20 10:42:09.000,2015-02-20 10:42:09.000
16994329,Viktoria,f,2021-10-22 02:29:08.000,2021-10-22 02:29:08.000
17004360,Margarita,t,2019-09-02 08:01:45.000,2019-09-02 08:01:45.000
17021170,Basak,t,2017-05-22 09:01:50.000,2017-05-22 09:01:50.000
17029506,Katrin,t,2017-11-24 10:08:35.000,2017-11-24 10:08:35.000
17036855,Catharina,f,2021-11-17 11:16:44.000,2021-11-17 11:16:44.000
17045858,Sebastian,f,2017-07-29 15:35:04.000,2017-07-29 15:35:04.000
17064402,Katrin,f,2017-07-20 04:04:48.000,2017-07-20 04:04:48.000
17070776,,,2014-08-28 21:08:14.000,2014-08-28 21:08:14.000
17111571,Myriam,f,2017-07-07 07:32:54.000,2017-07-07 07:32:54.000
17133550,Francesca,f,2014-12-22 06:37:41.000,2014-12-22 06:37:41.000
17135777,Daniel,f,2018-07-01 03:16:49.000,2018-07-01 03:16:49.000
17137120,Natalie,f,2016-08-21 23:34:23.000,2016-08-21 23:34:23.000
17139260,Anna Berit,t,2015-11-01 01:00:22.000,2015-11-01 01:00:22.000
17141231,Nasia,f,2021-11-09 04:52:53.000,2021-11-09 04:52:53.000
17141692,Stefanie,f,2014-07-15 20:49:20.000,2014-07-15 20:49:20.000
17142279,Milena,f,2017-11-09 20:21:11.000,2017-11-09 20:21:11.000
17146071,Jacob,f,2015-01-19 18:14:19.000,2015-01-19 18:14:19.000
17150424,Kamil,f,2018-05-15 10:29:59.000,2018-05-15 10:29:59.000
17151105,Jan,f,2021-11-06 22:42:43.000,2021-11-06 22:42:43.000
17152791,Eili,t,2019-02-01 07:52:19.000,2019-02-01 07:52:19.000
17158093,Kathi,f,2015-07-20 18:03:53.000,2015-07-20 18:03:53.000
17158712,Christoph,f,2019-10-15 07:05:43.000,2019-10-15 07:05:43.000
17160562,Alissa,f,2016-08-06 10:12:47.000,2016-08-06 10:12:47.000
17180424,Luisa,f,2021-07-13 15:40:04.000,2021-07-13 15:40:04.000
17180855,Be,f,2021-10-30 12:00:39.000,2021-10-30 12:00:39.000
17186581,Lisa,t,2021-10-21 14:18:08.000,2021-10-21 14:18:08.000
17188342,Nina,f,2019-07-24 10:45:13.000,2019-07-24 10:45:13.000
17189352,Münür,f,2014-09-17 18:34:49.000,2014-09-17 18:34:49.000
17191028,Capucine,f,2021-11-06 18:15:40.000,2021-11-06 18:15:40.000
17200335,Sigurður Stefán,f,2017-12-22 08:51:32.000,2017-12-22 08:51:32.000
17204519,Suzan,f,2021-11-17 09:03:33.000,2021-11-17 09:03:33.000
17210803,Susanne,f,2015-10-08 21:13:52.000,2015-10-08 21:13:52.000
17212144,Line Grue,f,2018-11-02 15:40:44.000,2018-11-02 15:40:44.000
17216268,Lucia,f,2021-08-31 10:12:25.000,2021-08-31 10:12:25.000
17235252,Katharina,f,2017-08-14 15:10:06.000,2017-08-14 15:10:06.000
17235284,Corinna,f,2021-11-08 21:48:18.000,2021-11-08 21:48:18.000
17236499,Nadja,f,2014-09-01 22:04:25.000,2014-09-01 22:04:25.000
17238564,Natali & Djalil,f,2014-07-04 20:26:22.000,2014-07-04 20:26:22.000
17245594,Sophia,f,2015-09-15 21:00:00.000,2015-09-15 21:00:00.000
17246277,Mellie,f,2019-05-12 02:26:41.000,2019-05-12 02:26:41.000
17281021,Cornelia,t,2019-06-03 23:21:57.000,2019-06-03 23:21:57.000
17287817,Ricardo,f,2021-11-03 12:53:19.000,2021-11-03 12:53:19.000
17291604,Kerstin,f,2014-07-23 14:59:43.000,2014-07-23 14:59:43.000
17294522,Paul,f,2018-06-03 06:28:36.000,2018-06-03 06:28:36.000
17301086,Anna,f,2018-05-10 04:51:50.000,2018-05-10 04:51:50.000
17301268,Heinz,f,2015-05-12 02:04:19.000,2015-05-12 02:04:19.000
17316628,Tomos,f,2015-06-07 02:35:30.000,2015-06-07 02:35:30.000
17326710,Sebastian,f,2014-07-11 00:36:29.000,2014-07-11 00:36:29.000
17327162,Juan,f,2015-05-07 10:34:44.000,2015-05-07 10:34:44.000
17329516,Ngoc Anh,f,2016-02-14 15:42:04.000,2016-02-14 15:42:04.000
17334516,Moritz,f,2021-11-10 05:00:49.000,2021-11-10 05:00:49.000
17335726,Margot,t,2017-12-22 03:23:19.000,2017-12-22 03:23:19.000
17340959,Quique,f,2021-10-29 23:18:38.000,2021-10-29 23:18:38.000
17353533,Ruth,f,2021-07-27 16:22:09.000,2021-07-27 16:22:09.000
17355631,Conny,f,2019-04-30 12:05:03.000,2019-04-30 12:05:03.000
17377153,Florian,f,2014-08-19 11:32:09.000,2014-08-19 11:32:09.000
17390437,Markus,f,2016-09-07 21:36:51.000,2016-09-07 21:36:51.000
17392374,Florian,f,2019-02-25 12:46:23.000,2019-02-25 12:46:23.000
17416199,Claudio,f,2018-08-10 17:38:31.000,2018-08-10 17:38:31.000
17416287,Benjamin,f,2014-07-17 22:15:10.000,2014-07-17 22:15:10.000
17421842,Daniel,f,2021-11-03 23:35:50.000,2021-11-03 23:35:50.000
17434221,Bernhard,f,2018-09-06 18:04:18.000,2018-09-06 18:04:18.000
17443440,Claudia,t,2019-05-07 07:44:03.000,2019-05-07 07:44:03.000
17460284,Silvia,f,2017-09-04 09:52:22.000,2017-09-04 09:52:22.000
17461583,Nathalie,t,2021-06-04 07:07:49.000,2021-06-04 07:07:49.000
17464606,Quang,f,2021-10-24 14:39:53.000,2021-10-24 14:39:53.000
17465614,Antonios,t,2017-07-23 22:17:44.000,2017-07-23 22:17:44.000
17485306,Sabrina,f,2015-08-11 18:20:00.000,2015-08-11 18:20:00.000
17486974,Julia,f,2019-02-10 00:04:58.000,2019-02-10 00:04:58.000
17497574,John,f,2017-05-30 02:22:14.000,2017-05-30 02:22:14.000
17500296,Christof,t,2015-04-23 08:25:29.000,2015-04-23 08:25:29.000
17507038,Kezia,f,2017-12-29 21:31:44.000,2017-12-29 21:31:44.000
17510449,Caecilia,f,2019-02-17 12:06:49.000,2019-02-17 12:06:49.000
17510848,Nuran,f,2021-10-28 10:44:33.000,2021-10-28 10:44:33.000
17512440,Carlotta,f,2017-09-11 01:25:43.000,2017-09-11 01:25:43.000
17530959,Andrea,f,2021-07-04 07:00:19.000,2021-07-04 07:00:19.000
17538910,Ruta,f,2018-06-13 14:31:30.000,2018-06-13 14:31:30.000
17547263,Nils,f,2019-01-18 01:14:45.000,2019-01-18 01:14:45.000
17552469,Ulrike,t,2015-07-16 20:14:14.000,2015-07-16 20:14:14.000
17584848,Saskia Maria,f,2020-09-17 16:30:11.000,2020-09-17 16:30:11.000
17585092,Lebron,f,2015-08-24 11:24:03.000,2015-08-24 11:24:03.000
17585649,Philipp,f,2014-07-11 01:21:36.000,2014-07-11 01:21:36.000
17591087,Arne,f,2016-03-05 17:53:34.000,2016-03-05 17:53:34.000
17592094,Ani,f,2021-11-04 07:53:24.000,2021-11-04 07:53:24.000
17598745,Jürgen,t,2016-06-21 13:16:39.000,2016-06-21 13:16:39.000
17598824,Edoardo,f,2021-11-12 16:55:42.000,2021-11-12 16:55:42.000
17606822,Janis,f,2014-10-14 07:59:47.000,2014-10-14 07:59:47.000
17624480,Benjamin,f,2019-12-01 18:47:10.000,2019-12-01 18:47:10.000
17631118,Julien,f,2019-03-09 23:17:42.000,2019-03-09 23:17:42.000
17637967,Luka,f,2016-08-16 17:10:38.000,2016-08-16 17:10:38.000
17646109,Fouad,f,2014-07-23 22:49:47.000,2014-07-23 22:49:47.000
17664754,Claudia,t,2016-07-26 00:32:05.000,2016-07-26 00:32:05.000
17665033,Olga,f,2020-07-25 04:48:26.000,2020-07-25 04:48:26.000
17670857,Sabine,t,2014-07-06 20:26:42.000,2014-07-06 20:26:42.000
17672106,Rocio,f,2018-12-25 19:04:22.000,2018-12-25 19:04:22.000
17677975,Christof,t,2020-02-04 08:34:47.000,2020-02-04 08:34:47.000
17681942,Massimo,t,2019-08-19 23:19:25.000,2019-08-19 23:19:25.000
17682045,Samia,f,2018-04-30 19:09:01.000,2018-04-30 19:09:01.000
17682107,Jo Ann,f,2016-10-31 01:21:50.000,2016-10-31 01:21:50.000
17684520,Saskia,f,2018-11-29 11:15:34.000,2018-11-29 11:15:34.000
17685327,Léonard,f,2017-07-27 10:40:36.000,2017-07-27 10:40:36.000
17697820,Eve,f,2014-07-29 07:42:44.000,2014-07-29 07:42:44.000
17698129,Nikolaus,f,2015-07-23 19:32:38.000,2015-07-23 19:32:38.000
17698566,Karolina,f,2017-03-08 18:09:50.000,2017-03-08 18:09:50.000
17699482,Laura,t,2017-06-13 06:48:30.000,2017-06-13 06:48:30.000
17700112,Leo,f,2014-08-30 00:11:59.000,2014-08-30 00:11:59.000
17702404,Jelena,f,2017-05-18 17:16:06.000,2017-05-18 17:16:06.000
17709810,Kathrin,t,2015-12-15 14:59:51.000,2015-12-15 14:59:51.000
17718454,Alkistis,f,2018-12-30 19:18:52.000,2018-12-30 19:18:52.000
17721997,Federica,f,2015-08-08 13:30:29.000,2015-08-08 13:30:29.000
17725291,Lotte,f,2015-08-02 22:05:09.000,2015-08-02 22:05:09.000
17725981,Steffi,f,2021-11-09 19:34:36.000,2021-11-09 19:34:36.000
17734320,Kai,f,2019-09-26 12:42:17.000,2019-09-26 12:42:17.000
17749407,Caroline,f,2017-07-30 19:06:21.000,2017-07-30 19:06:21.000
17751608,Kathrin,f,2014-08-06 10:04:31.000,2014-08-06 10:04:31.000
17753734,Maria,f,2016-08-21 19:07:25.000,2016-08-21 19:07:25.000
17765075,Kristina,f,2018-09-12 04:13:49.000,2018-09-12 04:13:49.000
17770355,Janika,f,2015-07-28 16:12:33.000,2015-07-28 16:12:33.000
17790434,Anni,f,2017-06-23 17:42:26.000,2017-06-23 17:42:26.000
17801617,Samir,t,2017-07-19 02:04:56.000,2017-07-19 02:04:56.000
17802224,Andy,f,2018-03-31 16:54:51.000,2018-03-31 16:54:51.000
17805595,Jan Benjamin,f,2016-03-24 17:35:20.000,2016-03-24 17:35:20.000
17807206,Fiona,f,2021-11-17 03:46:36.000,2021-11-17 03:46:36.000
17827855,Willi,f,2018-05-13 22:10:52.000,2018-05-13 22:10:52.000
17837116,Muriel,f,2016-01-01 16:16:33.000,2016-01-01 16:16:33.000
17853709,Dan,f,2014-08-28 12:36:15.000,2014-08-28 12:36:15.000
17861662,Maika,f,2021-10-31 04:59:47.000,2021-10-31 04:59:47.000
17863336,Christian,f,2014-07-14 08:43:47.000,2014-07-14 08:43:47.000
17863971,Charlotte,f,2015-06-22 05:57:10.000,2015-06-22 05:57:10.000
17879397,Hakim,f,2016-12-18 19:33:22.000,2016-12-18 19:33:22.000
17901854,Alex Remzi,f,2021-08-17 21:48:22.000,2021-08-17 21:48:22.000
17901978,Julia,f,2021-11-09 21:05:25.000,2021-11-09 21:05:25.000
17902575,Valerie,f,2021-11-02 00:34:13.000,2021-11-02 00:34:13.000
17904285,Seren,f,2021-11-12 03:02:04.000,2021-11-12 03:02:04.000
17907143,Damien,f,2018-09-27 16:09:06.000,2018-09-27 16:09:06.000
17914840,Charles,f,2020-01-10 11:05:54.000,2020-01-10 11:05:54.000
17926736,Sofia,f,2017-08-26 07:07:28.000,2017-08-26 07:07:28.000
17929316,Georgia,f,2021-10-25 03:42:48.000,2021-10-25 03:42:48.000
17948204,Rosa Maria,f,2016-05-03 00:57:28.000,2016-05-03 00:57:28.000
17952252,Matze,f,2014-07-16 04:44:53.000,2014-07-16 04:44:53.000
17952659,Campbell,f,2015-12-27 23:07:37.000,2015-12-27 23:07:37.000
17952846,Eveline,t,2019-01-09 17:56:09.000,2019-01-09 17:56:09.000
17962302,Hannah,f,2018-03-28 02:02:19.000,2018-03-28 02:02:19.000
17965582,Giulia,f,2019-01-12 06:08:49.000,2019-01-12 06:08:49.000
17974926,Melanie,f,2021-09-18 09:00:31.000,2021-09-18 09:00:31.000
17979576,Daniel,f,2015-03-26 21:35:43.000,2015-03-26 21:35:43.000
17988339,Kjartan,f,2016-06-18 23:02:37.000,2016-06-18 23:02:37.000
17990356,Lola,f,2018-06-11 23:54:07.000,2018-06-11 23:54:07.000
17993476,Alex,f,2019-07-29 17:17:23.000,2019-07-29 17:17:23.000
17995172,Marie,t,2014-09-27 03:17:49.000,2014-09-27 03:17:49.000
17997010,Elena,f,2017-02-26 09:05:38.000,2017-02-26 09:05:38.000
18003202,Ralph,t,2016-04-13 14:27:13.000,2016-04-13 14:27:13.000
18003576,Roberto,f,2021-08-13 12:16:44.000,2021-08-13 12:16:44.000
18004895,Michaela,f,2014-07-27 17:10:12.000,2014-07-27 17:10:12.000
18028880,Miri,f,2021-11-15 00:10:41.000,2021-11-15 00:10:41.000
18029235,Niccolo,f,2015-12-23 23:58:59.000,2015-12-23 23:58:59.000
18034246,Markus,f,2014-07-12 13:35:52.000,2014-07-12 13:35:52.000
18036493,Julia,f,2016-05-03 07:03:37.000,2016-05-03 07:03:37.000
18036944,Tiffanie,f,2019-10-27 09:13:34.000,2019-10-27 09:13:34.000
18045830,Cristina,t,2017-06-29 07:22:08.000,2017-06-29 07:22:08.000
18046938,Nicoletta,f,2015-11-04 02:21:52.000,2015-11-04 02:21:52.000
18073653,Vicky,f,2017-07-23 03:46:36.000,2017-07-23 03:46:36.000
18073878,Janine,f,2018-01-22 06:09:39.000,2018-01-22 06:09:39.000
18084560,Folke,f,2021-11-18 08:38:27.000,2021-11-18 08:38:27.000
18095847,Eva,f,2021-06-08 00:17:11.000,2021-06-08 00:17:11.000
18104346,Carra,f,2017-08-30 13:18:41.000,2017-08-30 13:18:41.000
18109264,Robin,f,2017-08-21 21:45:28.000,2017-08-21 21:45:28.000
18123772,Anni,f,2017-03-09 00:22:04.000,2017-03-09 00:22:04.000
18124387,Caroline,f,2015-04-01 22:59:00.000,2015-04-01 22:59:00.000
18131886,Olivia,f,2015-10-02 13:22:55.000,2015-10-02 13:22:55.000
18132313,Ira Fiona,f,2018-03-28 00:55:05.000,2018-03-28 00:55:05.000
18137582,Lydia,f,2021-11-13 10:10:36.000,2021-11-13 10:10:36.000
18137976,Ines,f,2021-11-17 04:44:07.000,2021-11-17 04:44:07.000
18149350,Anna,f,2018-03-30 06:49:56.000,2018-03-30 06:49:56.000
18156575,Sarah,f,2016-06-01 16:41:04.000,2016-06-01 16:41:04.000
18158340,Christine,f,2016-05-07 15:20:20.000,2016-05-07 15:20:20.000
18177117,Petra Und Otto,f,2014-08-01 04:54:32.000,2014-08-01 04:54:32.000
18181974,Birgit,t,2018-11-06 04:31:38.000,2018-11-06 04:31:38.000
18183098,Andre Marcel,f,2015-11-15 20:21:44.000,2015-11-15 20:21:44.000
18183491,Patrick,f,2019-08-09 00:13:47.000,2019-08-09 00:13:47.000
18183506,Hans-Heinrich,f,2021-10-27 07:56:42.000,2021-10-27 07:56:42.000
18184224,Florian,f,2020-07-08 14:43:54.000,2020-07-08 14:43:54.000
18190544,Paula,f,2018-06-05 14:36:04.000,2018-06-05 14:36:04.000
18190953,Sara,f,2021-11-14 03:48:29.000,2021-11-14 03:48:29.000
18194568,Anja,f,2021-10-26 22:09:09.000,2021-10-26 22:09:09.000
18194821,Vivien,f,2016-02-28 12:18:58.000,2016-02-28 12:18:58.000
18194967,Tita,f,2014-08-30 13:13:04.000,2014-08-30 13:13:04.000
18198728,Sabine,f,2015-03-30 04:08:58.000,2015-03-30 04:08:58.000
18209068,Eva,f,2014-08-01 08:09:21.000,2014-08-01 08:09:21.000
18238569,Max,f,2021-11-19 10:23:22.000,2021-11-19 10:23:22.000
18239210,Charlotte,f,2017-06-03 09:20:03.000,2017-06-03 09:20:03.000
18241865,Rafaela,f,2021-11-18 08:28:47.000,2021-11-18 08:28:47.000
18259195,Saskia,f,2021-08-22 15:06:06.000,2021-08-22 15:06:06.000
18266350,Jane,f,2016-10-01 14:10:34.000,2016-10-01 14:10:34.000
18267013,Sigurd,f,2014-12-29 22:49:11.000,2014-12-29 22:49:11.000
18275808,Daniel,f,2016-08-12 12:21:14.000,2016-08-12 12:21:14.000
18277032,Michael,f,2014-08-13 13:06:39.000,2014-08-13 13:06:39.000
18278034,Daniella,f,2015-11-30 10:04:36.000,2015-11-30 10:04:36.000
18303975,Laura,f,2016-08-12 10:09:14.000,2016-08-12 10:09:14.000
18314951,Camille,f,2021-11-16 13:15:38.000,2021-11-16 13:15:38.000
18317451,Natalie,t,2018-09-02 18:37:59.000,2018-09-02 18:37:59.000
18319713,Dominik,f,2017-05-29 10:50:38.000,2017-05-29 10:50:38.000
18326018,Denise,f,2014-08-11 00:10:50.000,2014-08-11 00:10:50.000
18342260,Franziska,f,2014-12-20 07:54:49.000,2014-12-20 07:54:49.000
18343728,Warren,t,2021-07-29 06:23:37.000,2021-07-29 06:23:37.000
18350241,Lisa,f,2021-10-30 14:12:49.000,2021-10-30 14:12:49.000
18350458,Marcos,f,2019-11-02 00:01:54.000,2019-11-02 00:01:54.000
18350677,Gianna,f,2019-06-26 09:32:04.000,2019-06-26 09:32:04.000
18371382,Leo,f,2019-11-27 20:20:08.000,2019-11-27 20:20:08.000
18374508,Abie,f,2016-04-07 22:58:40.000,2016-04-07 22:58:40.000
18377854,TiLi,f,2014-08-02 09:56:28.000,2014-08-02 09:56:28.000
18380880,Albane,f,2015-09-06 04:08:44.000,2015-09-06 04:08:44.000
18384885,Assaf,f,2021-11-14 15:42:15.000,2021-11-14 15:42:15.000
18386009,Mohannad,f,2016-09-07 12:59:39.000,2016-09-07 12:59:39.000
18393624,Florian,f,2017-03-13 22:08:41.000,2017-03-13 22:08:41.000
18400678,Nina,f,2021-10-26 09:11:52.000,2021-10-26 09:11:52.000
18415404,Mai,f,2018-08-30 22:10:50.000,2018-08-30 22:10:50.000
18440173,Lisa Maria,f,2020-09-25 05:35:11.000,2020-09-25 05:35:11.000
18449166,Norbert,f,2021-11-01 20:46:50.000,2021-11-01 20:46:50.000
18450657,Klaudia,f,2018-06-18 05:57:52.000,2018-06-18 05:57:52.000
18454600,Daniela,t,2020-08-06 02:20:15.000,2020-08-06 02:20:15.000
18456475,Frances,f,2021-10-23 06:05:59.000,2021-10-23 06:05:59.000
18457343,Clemens,f,2015-11-17 21:26:45.000,2015-11-17 21:26:45.000
18457550,Alexander,f,2018-07-12 20:34:13.000,2018-07-12 20:34:13.000
18460895,Katrin,f,2015-08-30 20:56:22.000,2015-08-30 20:56:22.000
18461857,Viktoria,f,2016-05-17 15:35:35.000,2016-05-17 15:35:35.000
18463959,Uli,t,2014-12-21 08:11:54.000,2014-12-21 08:11:54.000
18476347,Till,f,2017-11-12 12:46:11.000,2017-11-12 12:46:11.000
18480994,Simon,f,2021-10-30 06:34:35.000,2021-10-30 06:34:35.000
18483802,Kiki,f,2021-11-15 14:23:39.000,2021-11-15 14:23:39.000
18485423,Aline,f,2020-07-14 04:31:24.000,2020-07-14 04:31:24.000
18489024,Jan,t,2015-08-23 02:00:38.000,2015-08-23 02:00:38.000
18536941,Marlen,f,2020-08-16 04:08:51.000,2020-08-16 04:08:51.000
18539225,Jordane,f,2014-08-03 20:08:57.000,2014-08-03 20:08:57.000
18540104,Luna,t,2020-02-22 10:19:39.000,2020-02-22 10:19:39.000
18543785,Bruce,f,2015-12-30 14:09:02.000,2015-12-30 14:09:02.000
18547398,Stefanie,f,2014-08-05 10:22:41.000,2014-08-05 10:22:41.000
18561453,Frank,f,2018-10-20 06:31:14.000,2018-10-20 06:31:14.000
18568965,Jacob,f,2018-02-22 00:39:41.000,2018-02-22 00:39:41.000
18569702,Damien,f,2019-07-25 09:54:47.000,2019-07-25 09:54:47.000
18572824,Inge,t,2015-02-11 11:43:28.000,2015-02-11 11:43:28.000
18574801,Raphael,f,2016-05-12 12:08:28.000,2016-05-12 12:08:28.000
18575315,Irmtraut,f,2016-08-20 18:14:15.000,2016-08-20 18:14:15.000
18579931,Ionel,f,2021-11-06 11:52:20.000,2021-11-06 11:52:20.000
18591946,Holger,f,2019-09-29 13:11:20.000,2019-09-29 13:11:20.000
18600977,Niklas,f,2016-06-26 06:51:26.000,2016-06-26 06:51:26.000
18614712,Judith,f,2021-11-06 11:27:38.000,2021-11-06 11:27:38.000
18615910,Antonio,f,2015-07-19 01:00:41.000,2015-07-19 01:00:41.000
18618088,Sedef,f,2018-07-17 20:59:49.000,2018-07-17 20:59:49.000
18636655,Vlad,f,2018-04-27 20:48:14.000,2018-04-27 20:48:14.000
18639447,Juli,f,2016-08-21 21:32:36.000,2016-08-21 21:32:36.000
18641126,Tobias,f,2021-11-08 20:44:08.000,2021-11-08 20:44:08.000
18647552,Clemens,f,2021-10-31 09:46:36.000,2021-10-31 09:46:36.000
18649531,Ron,f,2014-09-23 20:59:28.000,2014-09-23 20:59:28.000
18653220,Ido,f,2021-10-23 06:19:04.000,2021-10-23 06:19:04.000
18657804,Krist,t,2017-03-06 17:42:45.000,2017-03-06 17:42:45.000
18657924,Cansu,f,2021-09-21 19:40:00.000,2021-09-21 19:40:00.000
18672701,Tina,f,2015-10-29 09:30:07.000,2015-10-29 09:30:07.000
18673662,Philipp,f,2015-08-18 15:37:42.000,2015-08-18 15:37:42.000
18677185,Anne,f,2017-06-01 17:16:26.000,2017-06-01 17:16:26.000
18678819,Magdalena,t,2017-02-05 03:23:40.000,2017-02-05 03:23:40.000
18700789,Lena,f,2014-07-29 13:08:15.000,2014-07-29 13:08:15.000
18721832,Quanquan,t,2021-07-26 03:05:30.000,2021-07-26 03:05:30.000
18723728,Shabnam,f,2017-08-27 07:12:46.000,2017-08-27 07:12:46.000
18740832,Katarzyna,t,2017-07-01 13:30:24.000,2017-07-01 13:30:24.000
18748484,Nga,f,2017-04-22 00:08:21.000,2017-04-22 00:08:21.000
18749019,Rémi Martin,f,2016-06-17 13:49:23.000,2016-06-17 13:49:23.000
18751198,Kaios,f,2021-10-30 15:18:29.000,2021-10-30 15:18:29.000
18769867,Davide,f,2018-08-01 06:07:35.000,2018-08-01 06:07:35.000
18790851,Katharina,f,2014-07-30 05:32:40.000,2014-07-30 05:32:40.000
18797335,Jason,f,2021-11-12 06:19:32.000,2021-11-12 06:19:32.000
18806886,Alexander,f,2021-10-27 18:15:18.000,2021-10-27 18:15:18.000
18816704,Hanah,f,2018-05-23 18:35:14.000,2018-05-23 18:35:14.000
18830428,Resi,f,2015-08-12 10:38:16.000,2015-08-12 10:38:16.000
18832548,Raphael,f,2018-12-29 03:50:16.000,2018-12-29 03:50:16.000
18855893,Johannes,f,2018-03-28 05:11:28.000,2018-03-28 05:11:28.000
18864362,Michelle,f,2014-08-01 04:49:02.000,2014-08-01 04:49:02.000
18865584,Heiko-Thandeka,f,2014-12-10 15:25:53.000,2014-12-10 15:25:53.000
18865761,Andreas,f,2016-12-16 07:23:13.000,2016-12-16 07:23:13.000
18867174,30beiNass,t,2014-08-05 20:02:32.000,2014-08-05 20:02:32.000
18868048,Malek,f,2015-12-04 10:53:28.000,2015-12-04 10:53:28.000
18882237,Alan,f,2017-07-15 05:24:00.000,2017-07-15 05:24:00.000
18902239,Anne-Franziska,f,2019-10-25 08:38:37.000,2019-10-25 08:38:37.000
18906856,Sascha,t,2018-12-15 06:42:17.000,2018-12-15 06:42:17.000
18912679,Nadin,f,2021-11-01 05:11:31.000,2021-11-01 05:11:31.000
18913540,Hans,f,2018-09-05 06:25:36.000,2018-09-05 06:25:36.000
18936068,Julia,f,2021-10-27 10:02:49.000,2021-10-27 10:02:49.000
18951814,Jenifer,f,2019-01-01 20:56:22.000,2019-01-01 20:56:22.000
18952840,Martin,f,2014-07-27 15:45:57.000,2014-07-27 15:45:57.000
18959405,Anne,f,2015-12-13 11:27:20.000,2015-12-13 11:27:20.000
18969970,Sonja,f,2017-04-06 09:04:28.000,2017-04-06 09:04:28.000
18980209,Olivier,f,2014-09-06 23:18:04.000,2014-09-06 23:18:04.000
18981851,Yvonne,f,2014-08-31 05:18:58.000,2014-08-31 05:18:58.000
18990515,Sarah & Caspar,f,2018-06-26 20:42:36.000,2018-06-26 20:42:36.000
18993413,Sophia,f,2015-07-01 12:34:55.000,2015-07-01 12:34:55.000
18993780,Lilia,f,2021-06-09 22:19:56.000,2021-06-09 22:19:56.000
19013388,James,f,2018-12-26 02:01:03.000,2018-12-26 02:01:03.000
19019871,Val,f,2021-11-02 22:24:24.000,2021-11-02 22:24:24.000
19028702,Yalda,f,2019-02-13 11:18:01.000,2019-02-13 11:18:01.000
19030945,Malin,f,2015-08-05 07:09:17.000,2015-08-05 07:09:17.000
19035475,Thilo,t,2014-08-13 20:18:37.000,2014-08-13 20:18:37.000
19036272,Gesa,f,2014-07-26 02:00:30.000,2014-07-26 02:00:30.000
19036532,Magda,f,2015-06-11 13:15:31.000,2015-06-11 13:15:31.000
19037047,Andy,f,2015-10-09 13:14:54.000,2015-10-09 13:14:54.000
19044451,Julia,f,2015-05-25 17:18:50.000,2015-05-25 17:18:50.000
19045345,Chez,f,2019-11-21 12:49:55.000,2019-11-21 12:49:55.000
19053894,Jonas,f,2017-01-24 18:17:39.000,2017-01-24 18:17:39.000
19056175,Victoria,f,2014-12-27 04:49:16.000,2014-12-27 04:49:16.000
19056851,Chloé,f,2015-08-17 03:39:09.000,2015-08-17 03:39:09.000
19058013,Sarah,f,2019-02-11 01:33:22.000,2019-02-11 01:33:22.000
19062220,Emily,f,2021-11-02 21:09:45.000,2021-11-02 21:09:45.000
19062786,Michelle,f,2015-11-04 14:48:23.000,2015-11-04 14:48:23.000
19065139,Lucas,f,2017-10-24 08:46:27.000,2017-10-24 08:46:27.000
19080417,Vanessa,f,2021-10-28 07:19:22.000,2021-10-28 07:19:22.000
19081146,Steve,f,2018-01-22 10:42:10.000,2018-01-22 10:42:10.000
19091012,Marianna,f,2015-12-26 12:50:10.000,2015-12-26 12:50:10.000
19099027,Shem,f,2015-12-21 19:16:52.000,2015-12-21 19:16:52.000
19102345,Agnieszka,f,2018-08-21 05:26:17.000,2018-08-21 05:26:17.000
19106338,Kinga Eva,f,2015-05-25 14:04:12.000,2015-05-25 14:04:12.000
19113318,Agathe,f,2016-09-05 20:14:57.000,2016-09-05 20:14:57.000
19121940,Maxi Luisa,f,2021-09-24 17:56:06.000,2021-09-24 17:56:06.000
19132204,Marcel,f,2014-07-27 14:55:39.000,2014-07-27 14:55:39.000
19135815,Alexandre,f,2015-12-26 22:06:53.000,2015-12-26 22:06:53.000
19139154,Pedro,f,2019-06-10 22:59:45.000,2019-06-10 22:59:45.000
19145993,Fritjof,f,2021-10-30 23:16:21.000,2021-10-30 23:16:21.000
19153767,Jana,f,2014-07-24 06:05:21.000,2014-07-24 06:05:21.000
19155359,Niklas,f,2019-11-03 04:49:05.000,2019-11-03 04:49:05.000
19163864,Kathi,f,2017-04-22 19:12:46.000,2017-04-22 19:12:46.000
19166453,André,f,2017-05-30 19:07:13.000,2017-05-30 19:07:13.000
19167756,Kathlyn,f,2021-10-28 04:01:22.000,2021-10-28 04:01:22.000
19172940,Emily,f,2021-11-04 15:05:10.000,2021-11-04 15:05:10.000
19175117,Cayan,f,2014-07-27 21:44:43.000,2014-07-27 21:44:43.000
19181084,Laura,f,2021-08-04 06:38:58.000,2021-08-04 06:38:58.000
19190074,Lara,f,2016-02-15 12:14:27.000,2016-02-15 12:14:27.000
19193581,Guido,f,2021-11-12 14:18:34.000,2021-11-12 14:18:34.000
19202571,Cetus,f,2018-02-12 13:22:32.000,2018-02-12 13:22:32.000
19208570,Heike,f,2015-05-12 19:55:25.000,2015-05-12 19:55:25.000
19213001,Ana,f,2020-10-22 01:23:52.000,2020-10-22 01:23:52.000
19217405,Marc,t,2017-04-04 10:09:41.000,2017-04-04 10:09:41.000
19220411,Fareed,f,2019-07-15 08:21:40.000,2019-07-15 08:21:40.000
19247109,Hannah,f,2019-07-22 19:17:24.000,2019-07-22 19:17:24.000
19255545,Isabelle,f,2021-11-08 11:52:51.000,2021-11-08 11:52:51.000
19263147,Julieta,f,2015-12-04 02:08:54.000,2015-12-04 02:08:54.000
19281206,Soe,f,2021-10-28 12:47:32.000,2021-10-28 12:47:32.000
19295022,Gudrun,t,2016-12-15 16:16:35.000,2016-12-15 16:16:35.000
19297176,Danny,f,2021-11-19 07:33:13.000,2021-11-19 07:33:13.000
19303940,Silja,f,2019-03-17 09:10:05.000,2019-03-17 09:10:05.000
19320858,Julia,f,2015-09-22 12:45:33.000,2015-09-22 12:45:33.000
19325724,Laura-Lee,f,2021-11-07 04:04:57.000,2021-11-07 04:04:57.000
19325947,Angelika,f,2017-12-23 14:26:17.000,2017-12-23 14:26:17.000
19336587,Ayu,f,2021-11-19 10:50:12.000,2021-11-19 10:50:12.000
19338650,Jerome,f,2018-02-25 21:19:28.000,2018-02-25 21:19:28.000
19342974,Meike,f,2015-06-24 09:21:07.000,2015-06-24 09:21:07.000
19344446,Katharina,f,2021-11-13 07:58:31.000,2021-11-13 07:58:31.000
19346492,Sandro,t,2020-08-29 05:43:19.000,2020-08-29 05:43:19.000
19347591,Tarini,f,2014-08-28 13:55:39.000,2014-08-28 13:55:39.000
19362010,Jai,f,2021-11-16 15:18:02.000,2021-11-16 15:18:02.000
19374682,Léa & Eldad,f,2018-06-22 16:09:48.000,2018-06-22 16:09:48.000
19385058,Linn,f,2017-08-11 07:09:07.000,2017-08-11 07:09:07.000
19390608,Annemarie,f,2018-06-04 04:46:55.000,2018-06-04 04:46:55.000
19390913,Philipp,f,2016-04-02 04:16:12.000,2016-04-02 04:16:12.000
19394037,Hannah,f,2014-08-25 01:37:46.000,2014-08-25 01:37:46.000
19396963,Burak,f,2019-09-10 10:41:32.000,2019-09-10 10:41:32.000
19425657,Demi,f,2014-10-10 05:44:06.000,2014-10-10 05:44:06.000
19429292,Maxence,f,2017-12-24 15:37:46.000,2017-12-24 15:37:46.000
19431485,Emilia,f,2017-02-11 18:13:04.000,2017-02-11 18:13:04.000
19445864,Joachim,f,2014-08-11 23:47:43.000,2014-08-11 23:47:43.000
19448002,Daniel,t,2019-06-17 12:45:41.000,2019-06-17 12:45:41.000
19469766,Lars,f,2017-06-26 14:15:16.000,2017-06-26 14:15:16.000
19482579,Libor,t,2018-06-26 17:09:56.000,2018-06-26 17:09:56.000
19488687,Anton,f,2015-10-28 17:19:58.000,2015-10-28 17:19:58.000
19493808,Hannah,f,2015-09-04 15:13:16.000,2015-09-04 15:13:16.000
19495685,Ludwig,f,2021-09-13 14:28:46.000,2021-09-13 14:28:46.000
19498962,Nina,f,2016-01-07 14:57:47.000,2016-01-07 14:57:47.000
19502457,Bastian,f,2015-05-13 00:10:24.000,2015-05-13 00:10:24.000
19502982,Hanna Und Anna,f,2015-07-15 20:43:49.000,2015-07-15 20:43:49.000
19520480,Klemens,f,2017-09-19 12:52:08.000,2017-09-19 12:52:08.000
19520560,Ivan,f,2021-11-18 15:10:56.000,2021-11-18 15:10:56.000
19521362,Anna,f,2020-10-05 05:32:40.000,2020-10-05 05:32:40.000
19527112,Jens,t,2018-07-09 12:55:54.000,2018-07-09 12:55:54.000
19548509,Sven,t,2017-10-03 14:58:32.000,2017-10-03 14:58:32.000
19550415,Paula,f,2016-05-01 19:52:59.000,2016-05-01 19:52:59.000
19550738,Edith,f,2014-08-13 06:59:37.000,2014-08-13 06:59:37.000
19553398,Elisabeth,f,2017-03-22 09:20:43.000,2017-03-22 09:20:43.000
19553425,Delia,f,2015-12-17 03:28:44.000,2015-12-17 03:28:44.000
19553768,Özgür,f,2021-03-23 00:19:32.000,2021-03-23 00:19:32.000
19567680,Martin,f,2016-11-29 00:15:09.000,2016-11-29 00:15:09.000
19570048,Anna-Mareike,f,2021-11-11 08:22:09.000,2021-11-11 08:22:09.000
19583710,Søren,f,2019-09-07 09:33:29.000,2019-09-07 09:33:29.000
19587349,Kathi,f,2021-04-26 19:59:32.000,2021-04-26 19:59:32.000
19587639,Lila,f,2021-11-18 10:16:10.000,2021-11-18 10:16:10.000
19592354,Jacopo,f,2014-09-13 07:43:42.000,2014-09-13 07:43:42.000
19610820,Alberto,t,2014-08-07 10:18:34.000,2014-08-07 10:18:34.000
19614775,Emre,f,2021-11-19 16:49:41.000,2021-11-19 16:49:41.000
19616016,Geraint,f,2021-07-10 05:52:11.000,2021-07-10 05:52:11.000
19620778,Eliaser,f,2014-08-17 05:44:26.000,2014-08-17 05:44:26.000
19621552,Alec,t,2018-05-08 20:31:34.000,2018-05-08 20:31:34.000
19621812,Hermann,f,2018-07-03 22:03:36.000,2018-07-03 22:03:36.000
19624805,Marco,f,2021-10-27 08:51:49.000,2021-10-27 08:51:49.000
19626142,Michaela,f,2021-11-12 02:42:50.000,2021-11-12 02:42:50.000
19627594,Philip,f,2018-03-30 10:09:18.000,2018-03-30 10:09:18.000
19632891,Hermann,f,2017-09-12 21:16:50.000,2017-09-12 21:16:50.000
19640594,C.,f,2019-10-27 22:08:56.000,2019-10-27 22:08:56.000
19645006,Jessica,t,2021-05-27 22:02:22.000,2021-05-27 22:02:22.000
19671065,Lara,f,2021-10-23 17:21:15.000,2021-10-23 17:21:15.000
19672291,Juan Felipe,f,2016-08-24 11:50:06.000,2016-08-24 11:50:06.000
19673598,Hannah,f,2017-12-21 22:17:46.000,2017-12-21 22:17:46.000
19692963,Süheyla,t,2018-06-11 05:18:12.000,2018-06-11 05:18:12.000
19697534,Katharina,f,2017-12-09 19:05:12.000,2017-12-09 19:05:12.000
19720489,Berkcan,f,2021-10-29 04:45:09.000,2021-10-29 04:45:09.000
19727182,Jenny,f,2018-03-03 01:32:42.000,2018-03-03 01:32:42.000
19737067,Katharina,f,2014-09-17 04:34:09.000,2014-09-17 04:34:09.000
19742325,Katarzyna,f,2018-01-14 08:32:19.000,2018-01-14 08:32:19.000
19782920,Alina,f,2020-09-25 05:07:41.000,2020-09-25 05:07:41.000
19788122,Paula,f,2015-08-05 07:25:24.000,2015-08-05 07:25:24.000
19818276,Saba,f,2014-08-15 07:38:09.000,2014-08-15 07:38:09.000
19819170,Sophie,f,2017-09-12 00:49:11.000,2017-09-12 00:49:11.000
19820618,Katharina,f,2017-09-24 15:45:14.000,2017-09-24 15:45:14.000
19830051,Leonhard,f,2016-03-11 13:58:18.000,2016-03-11 13:58:18.000
19837126,Annie,t,2016-12-30 07:30:49.000,2016-12-30 07:30:49.000
19840872,Luisa,f,2014-11-22 13:06:58.000,2014-11-22 13:06:58.000
19844490,Charlotte,f,2021-10-26 11:12:52.000,2021-10-26 11:12:52.000
19847104,Ronny,t,2014-10-08 18:02:41.000,2014-10-08 18:02:41.000
19847514,Carola,f,2018-06-30 04:21:02.000,2018-06-30 04:21:02.000
19850661,Kathi,f,2021-08-13 02:09:59.000,2021-08-13 02:09:59.000
19862784,Matteo,f,2018-07-23 11:02:05.000,2018-07-23 11:02:05.000
19880718,Tobias,t,2016-11-20 18:44:03.000,2016-11-20 18:44:03.000
19881613,Max,f,2021-06-26 18:04:39.000,2021-06-26 18:04:39.000
19882712,Christoph,t,2014-08-31 22:29:44.000,2014-08-31 22:29:44.000
19884635,Bob,f,2016-03-29 06:05:08.000,2016-03-29 06:05:08.000
19886612,Eva,f,2016-02-09 12:57:32.000,2016-02-09 12:57:32.000
19887236,Malo,f,2016-07-31 15:35:06.000,2016-07-31 15:35:06.000
19888788,Ulysse,f,2015-12-08 08:39:21.000,2015-12-08 08:39:21.000
19888930,Bianca,t,2018-05-23 11:31:11.000,2018-05-23 11:31:11.000
19889715,Valerie,f,2019-03-19 04:37:41.000,2019-03-19 04:37:41.000
19891107,Manuel,f,2016-03-01 16:49:37.000,2016-03-01 16:49:37.000
19892144,Anna & Robin,f,2020-07-27 20:46:41.000,2020-07-27 20:46:41.000
19892770,Felix,f,2019-07-20 11:00:17.000,2019-07-20 11:00:17.000
19894602,Max,f,2020-02-17 10:00:57.000,2020-02-17 10:00:57.000
19899160,Alexandra,f,2016-11-22 07:59:26.000,2016-11-22 07:59:26.000
19901049,Alisa,f,2021-07-14 19:29:39.000,2021-07-14 19:29:39.000
19905017,Mister M,f,2015-11-07 03:45:04.000,2015-11-07 03:45:04.000
19916716,Cecilie,f,2016-01-29 19:18:11.000,2016-01-29 19:18:11.000
19926045,Katie,f,2016-06-20 19:52:34.000,2016-06-20 19:52:34.000
19950137,Katharina,f,2019-09-19 18:51:20.000,2019-09-19 18:51:20.000
19950904,Yve,f,2014-08-26 18:08:15.000,2014-08-26 18:08:15.000
19955135,Lucas,f,2014-08-12 03:11:57.000,2014-08-12 03:11:57.000
19959089,Kathrin,f,2015-03-18 01:22:10.000,2015-03-18 01:22:10.000
19964062,Gunnar,t,2016-07-07 12:20:25.000,2016-07-07 12:20:25.000
19971885,Manfred,f,2021-10-25 20:42:41.000,2021-10-25 20:42:41.000
19972295,Christine,f,2017-09-12 09:49:17.000,2017-09-12 09:49:17.000
19972363,Sara,t,2016-10-10 12:51:20.000,2016-10-10 12:51:20.000
19975423,Charles,f,2016-02-08 07:23:29.000,2016-02-08 07:23:29.000
19975447,Mordechai,f,2021-10-24 05:36:40.000,2021-10-24 05:36:40.000
19982320,Malte,f,2020-07-27 21:16:12.000,2020-07-27 21:16:12.000
19985290,Elvis,f,2021-11-07 05:26:41.000,2021-11-07 05:26:41.000
19997764,Hiroki,f,2016-03-25 11:12:17.000,2016-03-25 11:12:17.000
20001201,Martin,f,2020-09-16 16:35:25.000,2020-09-16 16:35:25.000
20001289,Dagmar,t,2014-09-07 04:58:11.000,2014-09-07 04:58:11.000
20001470,Klaus,f,2021-10-26 06:57:35.000,2021-10-26 06:57:35.000
20006585,Sabrina,f,2021-10-23 07:34:55.000,2021-10-23 07:34:55.000
20011614,Judith,f,2021-08-06 18:08:10.000,2021-08-06 18:08:10.000
20021987,Miray,f,2015-08-26 03:22:45.000,2015-08-26 03:22:45.000
20024260,Naomi,f,2021-11-07 16:14:15.000,2021-11-07 16:14:15.000
20024969,Benedikt,f,2016-06-10 04:33:49.000,2016-06-10 04:33:49.000
20025096,Max,f,2018-02-27 11:59:44.000,2018-02-27 11:59:44.000
20025386,Ekkehard,f,2018-06-29 09:00:23.000,2018-06-29 09:00:23.000
20025390,Janine,f,2021-11-15 03:15:07.000,2021-11-15 03:15:07.000
20028460,Anke + Sebastian,f,2016-05-03 13:10:57.000,2016-05-03 13:10:57.000
20029104,Ju,f,2016-09-24 13:11:22.000,2016-09-24 13:11:22.000
20039679,Daniel,f,2016-08-27 18:08:40.000,2016-08-27 18:08:40.000
20042663,Sam,f,2021-11-06 04:15:03.000,2021-11-06 04:15:03.000
20043437,Marianne,f,2017-02-22 13:55:53.000,2017-02-22 13:55:53.000
20059200,Florian,f,2021-08-09 04:48:02.000,2021-08-09 04:48:02.000
20063465,Alberto,f,2021-09-24 01:09:05.000,2021-09-24 01:09:05.000
20065239,Margaryta,f,2021-06-24 07:26:36.000,2021-06-24 07:26:36.000
20073156,Jeroen,f,2021-11-18 11:43:07.000,2021-11-18 11:43:07.000
20079788,Max,f,2016-06-26 01:08:57.000,2016-06-26 01:08:57.000
20104263,Julia,f,2015-04-30 15:44:18.000,2015-04-30 15:44:18.000
20109983,Brigitte,f,2020-02-21 13:10:25.000,2020-02-21 13:10:25.000
20112209,Viktor,f,2015-05-01 13:31:32.000,2015-05-01 13:31:32.000
20115491,Philipp S.,f,2016-11-23 00:18:11.000,2016-11-23 00:18:11.000
20145014,Frank,f,2016-05-15 04:58:02.000,2016-05-15 04:58:02.000
20145377,Sophie,f,2014-12-29 19:13:42.000,2014-12-29 19:13:42.000
20146969,Salima,f,2018-10-26 10:12:30.000,2018-10-26 10:12:30.000
20168709,Anne-Marie,f,2020-02-12 04:29:27.000,2020-02-12 04:29:27.000
20193180,Tia,f,2014-10-07 13:54:33.000,2014-10-07 13:54:33.000
20200956,Daniel,f,2015-09-12 18:22:44.000,2015-09-12 18:22:44.000
20205918,Cieke,f,2015-07-01 16:18:24.000,2015-07-01 16:18:24.000
20207318,Nils,f,2020-01-03 09:24:41.000,2020-01-03 09:24:41.000
20208042,Tanja,f,2019-09-19 23:03:42.000,2019-09-19 23:03:42.000
20210038,Milena,f,2019-04-14 15:19:58.000,2019-04-14 15:19:58.000
20214530,S,f,2021-10-25 22:14:50.000,2021-10-25 22:14:50.000
20243581,Kaja,f,2021-11-01 12:01:19.000,2021-11-01 12:01:19.000
20256026,Felix,f,2021-08-06 05:00:29.000,2021-08-06 05:00:29.000
20258273,Mathieu,f,2016-12-16 15:29:22.000,2016-12-16 15:29:22.000
20265270,Simon,f,2015-08-15 07:47:02.000,2015-08-15 07:47:02.000
20297650,Maria,f,2020-01-27 00:05:51.000,2020-01-27 00:05:51.000
20303443,Leah,f,2015-07-25 10:18:03.000,2015-07-25 10:18:03.000
20307915,Julia,t,2017-05-08 10:22:16.000,2017-05-08 10:22:16.000
20312635,Leo,f,2015-08-04 22:39:37.000,2015-08-04 22:39:37.000
20326704,Manny,f,2017-12-29 08:52:21.000,2017-12-29 08:52:21.000
20326983,Michaela,f,2014-11-01 13:00:55.000,2014-11-01 13:00:55.000
20338370,Jana,f,2019-07-22 11:54:05.000,2019-07-22 11:54:05.000
20352084,Stefan,f,2014-09-11 18:49:52.000,2014-09-11 18:49:52.000
20353636,Sander,f,2021-03-30 07:51:07.000,2021-03-30 07:51:07.000
20355955,Polo,f,2015-12-25 21:02:17.000,2015-12-25 21:02:17.000
20362806,Aron,f,2019-09-16 06:38:39.000,2019-09-16 06:38:39.000
20365095,Francesca,f,2017-10-11 01:16:33.000,2017-10-11 01:16:33.000
20365772,Asia,f,2019-04-06 10:46:06.000,2019-04-06 10:46:06.000
20369059,Jan,f,2016-08-02 02:16:30.000,2016-08-02 02:16:30.000
20372109,Jan,f,2014-09-25 07:57:43.000,2014-09-25 07:57:43.000
20384673,Byron,f,2017-06-12 18:42:55.000,2017-06-12 18:42:55.000
20388548,Basma,t,2018-07-04 17:21:10.000,2018-07-04 17:21:10.000
20391171,Florin,f,2021-11-11 06:17:46.000,2021-11-11 06:17:46.000
20391482,Sophie,f,2018-10-12 21:57:09.000,2018-10-12 21:57:09.000
20393670,Christian,f,2016-07-24 07:57:02.000,2016-07-24 07:57:02.000
20396767,Neele,f,2017-08-25 15:06:36.000,2017-08-25 15:06:36.000
20400055,Veronika,t,2019-05-11 12:04:52.000,2019-05-11 12:04:52.000
20401091,Anna,f,2015-07-27 22:11:55.000,2015-07-27 22:11:55.000
20412441,Anna,f,2021-11-04 17:16:21.000,2021-11-04 17:16:21.000
20422988,Egon,f,2018-09-14 14:54:39.000,2018-09-14 14:54:39.000
20424648,Christine,f,2014-08-29 00:18:05.000,2014-08-29 00:18:05.000
20434299,Yagiz,f,2019-03-25 01:40:04.000,2019-03-25 01:40:04.000
20435611,Moritz,f,2014-08-21 06:04:22.000,2014-08-21 06:04:22.000
20447653,Sebastian,f,2014-09-19 13:08:45.000,2014-09-19 13:08:45.000
20448595,Anna,f,2021-10-22 11:01:01.000,2021-10-22 11:01:01.000
20471435,Katharina,f,2016-03-16 08:14:43.000,2016-03-16 08:14:43.000
20475915,Sven,f,2017-05-12 02:27:19.000,2017-05-12 02:27:19.000
20483267,Christoph,t,2020-05-07 23:00:32.000,2020-05-07 23:00:32.000
20485532,Vivian,t,2017-08-04 02:11:27.000,2017-08-04 02:11:27.000
20486026,Timothy,f,2014-08-23 15:18:22.000,2014-08-23 15:18:22.000
20500981,Chi,t,2017-03-09 04:04:02.000,2017-03-09 04:04:02.000
20501333,Enno,f,2021-11-07 05:32:56.000,2021-11-07 05:32:56.000
20504718,Lara,f,2016-08-23 23:36:33.000,2016-08-23 23:36:33.000
20505643,Eleni,f,2017-07-09 05:23:27.000,2017-07-09 05:23:27.000
20509822,Boris,t,2017-07-13 17:03:24.000,2017-07-13 17:03:24.000
20510377,Nadine,f,2015-04-04 10:04:16.000,2015-04-04 10:04:16.000
20510649,Emma,f,2016-08-06 08:41:39.000,2016-08-06 08:41:39.000
20512702,Marvin,f,2016-07-07 16:11:57.000,2016-07-07 16:11:57.000
20522637,Zeljka,t,2019-02-06 06:56:31.000,2019-02-06 06:56:31.000
20523028,Winnona,f,2021-10-24 00:04:38.000,2021-10-24 00:04:38.000
20525055,Maximilian,f,2017-09-07 10:02:39.000,2017-09-07 10:02:39.000
20532617,Pelle,f,2021-10-27 20:38:16.000,2021-10-27 20:38:16.000
20535180,Betul,f,2021-11-04 00:22:27.000,2021-11-04 00:22:27.000
20543889,Robert,f,2021-08-04 07:57:18.000,2021-08-04 07:57:18.000
20544212,Joerg,f,2017-07-10 07:11:24.000,2017-07-10 07:11:24.000
20545784,Van Khanh,t,2019-12-26 19:50:14.000,2019-12-26 19:50:14.000
20546225,Kati,f,2017-06-19 19:07:56.000,2017-06-19 19:07:56.000
20549237,Carsten,t,2015-02-28 05:27:03.000,2015-02-28 05:27:03.000
20549586,Jonathan,t,2018-02-01 08:52:46.000,2018-02-01 08:52:46.000
20558626,Claudia,t,2014-09-20 23:36:32.000,2014-09-20 23:36:32.000
20560972,Anna,t,2014-11-21 20:03:39.000,2014-11-21 20:03:39.000
20563587,Theresa,f,2021-11-08 01:53:28.000,2021-11-08 01:53:28.000
20564719,Marco,f,2014-09-01 12:39:15.000,2014-09-01 12:39:15.000
20565728,Laura,f,2015-12-04 04:48:48.000,2015-12-04 04:48:48.000
20572681,Hartwig,f,2014-11-19 08:32:19.000,2014-11-19 08:32:19.000
20575836,Carolin,f,2018-06-11 08:52:12.000,2018-06-11 08:52:12.000
20593011,Anja,t,2016-05-10 07:52:52.000,2016-05-10 07:52:52.000
20594022,Anna,f,2015-09-26 06:40:46.000,2015-09-26 06:40:46.000
20595247,Elisa,f,2017-08-24 02:44:22.000,2017-08-24 02:44:22.000
20599671,Amelie Lisa,f,2017-01-07 07:56:27.000,2017-01-07 07:56:27.000
20600329,Martin,f,2016-06-12 02:33:33.000,2016-06-12 02:33:33.000
20608248,Jael,f,2021-11-09 21:19:34.000,2021-11-09 21:19:34.000
20611737,Anano,f,2021-11-11 16:29:34.000,2021-11-11 16:29:34.000
20613057,Jonathan,t,2019-11-10 14:03:47.000,2019-11-10 14:03:47.000
20618897,Anne,f,2016-05-28 04:37:07.000,2016-05-28 04:37:07.000
20645008,Paco,f,2015-05-24 19:25:54.000,2015-05-24 19:25:54.000
20646361,Claudia,f,2021-10-26 04:59:56.000,2021-10-26 04:59:56.000
20646803,Adina,f,2014-09-28 16:32:47.000,2014-09-28 16:32:47.000
20653948,George,t,2014-08-28 22:35:13.000,2014-08-28 22:35:13.000
20676946,Ulla,f,2015-01-01 21:44:19.000,2015-01-01 21:44:19.000
20680329,Dani,t,2019-05-16 03:43:29.000,2019-05-16 03:43:29.000
20693850,Sabine,f,2016-02-07 06:46:36.000,2016-02-07 06:46:36.000
20696644,David,f,2015-06-23 06:22:32.000,2015-06-23 06:22:32.000
20697242,Michaela,f,2014-12-23 07:20:51.000,2014-12-23 07:20:51.000
20705098,Hanna,t,2019-12-13 15:45:26.000,2019-12-13 15:45:26.000
20713134,Katharina,f,2017-07-23 00:05:15.000,2017-07-23 00:05:15.000
20715296,María,f,2015-01-08 19:22:52.000,2015-01-08 19:22:52.000
20718415,Ricardo,f,2021-11-14 21:34:34.000,2021-11-14 21:34:34.000
20720860,Nadine,f,2019-04-05 01:56:26.000,2019-04-05 01:56:26.000
20722706,Sam,f,2019-06-14 17:12:39.000,2019-06-14 17:12:39.000
20736372,Eleonora,f,2018-10-10 06:37:04.000,2018-10-10 06:37:04.000
20741118,Stella,f,2016-12-22 10:11:24.000,2016-12-22 10:11:24.000
20754446,Yasan,f,2021-11-02 07:34:59.000,2021-11-02 07:34:59.000
20756808,Sigrun,t,2021-11-06 09:03:23.000,2021-11-06 09:03:23.000
20759801,Waldemar,f,2021-10-30 18:27:59.000,2021-10-30 18:27:59.000
20760196,Caroline,f,2014-09-10 23:13:09.000,2014-09-10 23:13:09.000
20766230,Leander,f,2018-03-31 01:30:25.000,2018-03-31 01:30:25.000
20773532,Susanne,f,2017-07-31 17:39:35.000,2017-07-31 17:39:35.000
20775171,N. Antonin,f,2021-10-24 00:28:19.000,2021-10-24 00:28:19.000
20779009,Seli,f,2021-08-18 05:07:09.000,2021-08-18 05:07:09.000
20786625,Lavinia,f,2021-07-12 07:48:47.000,2021-07-12 07:48:47.000
20793074,Felix,f,2017-01-23 22:45:31.000,2017-01-23 22:45:31.000
20795985,Edward Mark,f,2021-11-03 04:03:49.000,2021-11-03 04:03:49.000
20797080,Christiane,f,2021-08-02 03:31:31.000,2021-08-02 03:31:31.000
20798061,Sophia,f,2019-06-22 12:17:52.000,2019-06-22 12:17:52.000
20798560,Heiko,f,2015-08-06 09:29:16.000,2015-08-06 09:29:16.000
20800224,Anja,f,2015-06-24 20:08:18.000,2015-06-24 20:08:18.000
20807361,Susanne,t,2014-09-13 09:17:45.000,2014-09-13 09:17:45.000
20814193,Mimi,t,2017-05-22 15:24:23.000,2017-05-22 15:24:23.000
20816022,Jaqueline,f,2018-10-19 19:56:13.000,2018-10-19 19:56:13.000
20833881,Mikala,f,2021-10-30 13:22:09.000,2021-10-30 13:22:09.000
20837954,Sigurd M. H.,f,2021-10-21 01:04:06.000,2021-10-21 01:04:06.000
20839371,Artur,f,2018-06-01 06:56:11.000,2018-06-01 06:56:11.000
20840341,Haakon,f,2015-08-02 18:07:23.000,2015-08-02 18:07:23.000
20846037,Haike,f,2021-10-29 22:02:39.000,2021-10-29 22:02:39.000
20846210,Alexander,f,2021-08-17 12:33:57.000,2021-08-17 12:33:57.000
20851488,Chiayu,f,2019-12-30 23:38:53.000,2019-12-30 23:38:53.000
20864066,Jon,f,2014-10-17 04:43:43.000,2014-10-17 04:43:43.000
20882412,Dlauar,t,2014-09-26 14:58:23.000,2014-09-26 14:58:23.000
20884306,Ivan,f,2015-12-06 08:16:47.000,2015-12-06 08:16:47.000
20885834,Charly,f,2014-09-20 05:38:16.000,2014-09-20 05:38:16.000
20889257,Katja,f,2016-10-26 11:19:54.000,2016-10-26 11:19:54.000
20893882,Cate,f,2018-07-19 17:15:40.000,2018-07-19 17:15:40.000
20894695,Jongwon,f,2017-03-31 12:16:22.000,2017-03-31 12:16:22.000
20905898,Donka,f,2021-11-12 20:41:08.000,2021-11-12 20:41:08.000
20906362,Debora,f,2017-08-14 15:22:48.000,2017-08-14 15:22:48.000
20922433,Jan,f,2021-05-13 04:01:57.000,2021-05-13 04:01:57.000
20927865,Ioana,f,2021-11-09 20:14:16.000,2021-11-09 20:14:16.000
20928021,Vivien,f,2021-10-26 19:10:19.000,2021-10-26 19:10:19.000
20928113,Mai,f,2018-06-01 22:49:08.000,2018-06-01 22:49:08.000
20930530,June,f,2021-10-31 04:33:28.000,2021-10-31 04:33:28.000
20934692,Pauline,f,2021-10-25 01:17:15.000,2021-10-25 01:17:15.000
20940587,Roberto,t,2014-09-12 16:18:55.000,2014-09-12 16:18:55.000
20947654,Kevin,f,2020-10-05 20:11:14.000,2020-10-05 20:11:14.000
20960354,Peter,f,2017-08-05 20:45:15.000,2017-08-05 20:45:15.000
20963319,Jens,f,2019-09-30 11:44:57.000,2019-09-30 11:44:57.000
20964212,Nico,f,2014-10-16 08:46:48.000,2014-10-16 08:46:48.000
20965659,Yamen,t,2021-07-30 03:44:54.000,2021-07-30 03:44:54.000
20967029,Gabriel,f,2015-10-16 07:44:31.000,2015-10-16 07:44:31.000
20971264,Karl,f,2021-10-30 01:29:34.000,2021-10-30 01:29:34.000
20972903,Ragna,f,2021-07-16 03:08:50.000,2021-07-16 03:08:50.000
20973364,Eugenia,t,2018-10-07 05:04:21.000,2018-10-07 05:04:21.000
20973585,Thor,t,2014-09-30 17:09:56.000,2014-09-30 17:09:56.000
20978339,Christina,f,2021-11-08 20:46:14.000,2021-11-08 20:46:14.000
20984105,Stephan,f,2017-05-04 15:23:20.000,2017-05-04 15:23:20.000
20986415,Cordula,f,2016-08-24 17:18:27.000,2016-08-24 17:18:27.000
20987177,Sandra,f,2014-09-11 01:04:00.000,2014-09-11 01:04:00.000
20997299,Uwe,t,2019-05-12 14:02:40.000,2019-05-12 14:02:40.000
20998252,Alex,f,2014-09-10 18:25:36.000,2014-09-10 18:25:36.000
21002616,Ali,f,2018-03-27 11:41:47.000,2018-03-27 11:41:47.000
21021386,Nick,f,2016-07-22 07:17:11.000,2016-07-22 07:17:11.000
21028255,Ruby,f,2018-07-17 07:22:34.000,2018-07-17 07:22:34.000
21038534,Kathrin,f,2016-09-21 10:46:22.000,2016-09-21 10:46:22.000
21039336,Robin,t,2014-09-13 10:25:03.000,2014-09-13 10:25:03.000
21039758,Valentina,f,2021-11-18 18:33:06.000,2021-11-18 18:33:06.000
21041395,Mahshid,f,2021-11-07 16:01:27.000,2021-11-07 16:01:27.000
21044870,Rainer,f,2017-08-15 19:01:52.000,2017-08-15 19:01:52.000
21045207,Gerrit,f,2014-12-12 05:06:57.000,2014-12-12 05:06:57.000
21046636,Heinz,f,2015-09-17 16:03:32.000,2015-09-17 16:03:32.000
21049606,Mascha,f,2016-12-29 01:58:05.000,2016-12-29 01:58:05.000
21051350,Dennis,f,2015-05-20 03:12:17.000,2015-05-20 03:12:17.000
21052610,Anna,f,2016-11-15 03:18:52.000,2016-11-15 03:18:52.000
21053927,Hendrik,f,2019-03-07 12:36:28.000,2019-03-07 12:36:28.000
21068565,Veronika,f,2018-06-14 20:36:55.000,2018-06-14 20:36:55.000
21074515,Sonja,t,2016-04-15 11:29:38.000,2016-04-15 11:29:38.000
21077189,Lisenka,f,2018-05-31 04:48:44.000,2018-05-31 04:48:44.000
21084597,Oliver,f,2019-03-28 17:25:14.000,2019-03-28 17:25:14.000
21085445,Laura,f,2019-06-05 13:48:22.000,2019-06-05 13:48:22.000
21086574,Felix,f,2014-09-19 16:36:27.000,2014-09-19 16:36:27.000
21087298,Britta,f,2017-09-14 19:00:36.000,2017-09-14 19:00:36.000
21091787,Hilda,f,2014-09-27 15:16:52.000,2014-09-27 15:16:52.000
21096631,Deniz,f,2019-06-01 19:13:16.000,2019-06-01 19:13:16.000
21106735,Sebastian,f,2021-11-01 21:37:02.000,2021-11-01 21:37:02.000
21112549,Thomas,f,2015-08-17 09:51:44.000,2015-08-17 09:51:44.000
21116374,Mona,f,2018-03-02 15:37:11.000,2018-03-02 15:37:11.000
21124417,Dirk,f,2017-03-20 11:12:43.000,2017-03-20 11:12:43.000
21131438,Katarzyna,f,2019-10-25 23:54:52.000,2019-10-25 23:54:52.000
21135430,Nicole,f,2017-07-22 10:58:53.000,2017-07-22 10:58:53.000
21136403,Fabian,t,2019-01-15 18:07:02.000,2019-01-15 18:07:02.000
21138027,Christina,f,2018-04-18 22:27:32.000,2018-04-18 22:27:32.000
21142041,Elena,f,2021-10-27 08:20:09.000,2021-10-27 08:20:09.000
21145522,Fabio,t,2015-03-03 14:36:22.000,2015-03-03 14:36:22.000
21146102,Marcel,f,2014-09-11 16:45:10.000,2014-09-11 16:45:10.000
21146242,Ludovica,f,2019-04-21 06:53:13.000,2019-04-21 06:53:13.000
21148290,Akosua,f,2017-12-26 09:10:04.000,2017-12-26 09:10:04.000
21148429,Nikita,f,2015-07-21 22:30:51.000,2015-07-21 22:30:51.000
21158428,Julie,f,2021-11-17 09:36:21.000,2021-11-17 09:36:21.000
21162438,Laetitia,f,2014-09-18 22:30:33.000,2014-09-18 22:30:33.000
21163967,Christoph,f,2016-06-08 19:14:25.000,2016-06-08 19:14:25.000
21173840,Ela,f,2017-04-17 05:45:33.000,2017-04-17 05:45:33.000
21177102,Andrea,f,2021-11-12 10:00:26.000,2021-11-12 10:00:26.000
21177801,Rick Und Katja,f,2021-11-14 17:11:14.000,2021-11-14 17:11:14.000
21178857,Valentina,f,2019-05-31 13:53:15.000,2019-05-31 13:53:15.000
21181534,Oscar,f,2021-10-26 07:31:03.000,2021-10-26 07:31:03.000
21184369,Johanna,f,2018-04-22 07:51:56.000,2018-04-22 07:51:56.000
21204295,Maria Cristina,f,2021-11-14 03:34:57.000,2021-11-14 03:34:57.000
21205316,Winfried,f,2020-06-24 09:32:11.000,2020-06-24 09:32:11.000
21206759,Sarah,f,2021-11-12 17:22:45.000,2021-11-12 17:22:45.000
21239469,Stefan,f,2021-11-19 10:57:09.000,2021-11-19 10:57:09.000
21239559,Tobias,f,2021-11-19 10:50:46.000,2021-11-19 10:50:46.000
21240834,Hagen,f,2021-10-30 05:15:22.000,2021-10-30 05:15:22.000
21242517,Carolin,f,2015-10-18 15:50:33.000,2015-10-18 15:50:33.000
21256997,Anton,f,2015-12-23 13:46:15.000,2015-12-23 13:46:15.000
21259582,Johannes,f,2019-11-28 05:46:41.000,2019-11-28 05:46:41.000
21267875,Rinat,f,2019-06-15 23:51:21.000,2019-06-15 23:51:21.000
21280081,Kirstin,t,2018-05-25 00:56:54.000,2018-05-25 00:56:54.000
21281171,Rolando,f,2015-06-05 21:43:36.000,2015-06-05 21:43:36.000
21293663,Mo,f,2018-04-25 17:00:40.000,2018-04-25 17:00:40.000
21306569,Lena,f,2021-10-25 10:20:16.000,2021-10-25 10:20:16.000
21309273,Schayenne,f,2018-08-08 14:04:45.000,2018-08-08 14:04:45.000
21309339,Takako,f,2017-04-11 16:53:26.000,2017-04-11 16:53:26.000
21317733,Steve,f,2014-09-21 22:42:11.000,2014-09-21 22:42:11.000
21319662,Mo,f,2018-11-09 17:49:35.000,2018-11-09 17:49:35.000
21334511,Arianne,f,2017-06-24 17:00:25.000,2017-06-24 17:00:25.000
21341307,Bekah,f,2015-12-06 12:53:49.000,2015-12-06 12:53:49.000
21345177,Aris,f,2017-02-20 21:35:31.000,2017-02-20 21:35:31.000
21345414,Mirja,f,2020-03-02 07:24:04.000,2020-03-02 07:24:04.000
21346093,Nikolai,f,2017-08-22 13:34:12.000,2017-08-22 13:34:12.000
21353180,Nadine,f,2021-11-18 05:17:21.000,2021-11-18 05:17:21.000
21354081,Mario,t,2016-03-27 12:56:47.000,2016-03-27 12:56:47.000
21355063,Lucile,f,2015-05-12 08:38:03.000,2015-05-12 08:38:03.000
21356386,Maria,f,2021-09-06 22:02:28.000,2021-09-06 22:02:28.000
21363751,Giulia,f,2019-07-27 19:52:38.000,2019-07-27 19:52:38.000
21364542,Dariusch,f,2014-10-02 05:10:03.000,2014-10-02 05:10:03.000
21365233,Maija,f,2016-03-22 18:04:59.000,2016-03-22 18:04:59.000
21367113,Lior,t,2016-06-27 00:48:47.000,2016-06-27 00:48:47.000
21368326,Sarah,f,2018-05-24 18:29:16.000,2018-05-24 18:29:16.000
21368339,Tutti,f,2017-02-14 05:04:56.000,2017-02-14 05:04:56.000
21369171,Steve,f,2015-04-15 16:38:17.000,2015-04-15 16:38:17.000
21370048,Chris,t,2018-04-08 15:04:17.000,2018-04-08 15:04:17.000
21374722,Matt,f,2016-03-15 04:16:17.000,2016-03-15 04:16:17.000
21388195,Mahmoud,f,2016-06-11 09:14:59.000,2016-06-11 09:14:59.000
21390606,A.,f,2021-07-01 13:52:36.000,2021-07-01 13:52:36.000
21390864,Valentin,f,2021-10-24 03:23:29.000,2021-10-24 03:23:29.000
21391780,Mariagiovanna,f,2021-11-11 09:11:43.000,2021-11-11 09:11:43.000
21392743,Jan,f,2016-03-21 18:29:48.000,2016-03-21 18:29:48.000
21394478,Anna-Maria,f,2021-11-14 15:38:25.000,2021-11-14 15:38:25.000
21412954,Bernat,f,2015-12-19 10:37:44.000,2015-12-19 10:37:44.000
21413848,Maik,t,2017-04-03 07:56:59.000,2017-04-03 07:56:59.000
21416410,Rui Miguel,f,2021-10-28 13:03:00.000,2021-10-28 13:03:00.000
21437927,Valeria,f,2021-10-31 23:55:02.000,2021-10-31 23:55:02.000
21441662,Sophie,f,2018-02-12 03:12:01.000,2018-02-12 03:12:01.000
21444698,Philip,f,2021-11-11 02:58:33.000,2021-11-11 02:58:33.000
21445063,Joana Karina,f,2018-12-22 14:55:31.000,2018-12-22 14:55:31.000
21447105,Maren,f,2019-02-27 23:43:31.000,2019-02-27 23:43:31.000
21448515,Simon,f,2015-06-14 13:37:05.000,2015-06-14 13:37:05.000
21458539,Robbin,f,2021-10-24 02:40:47.000,2021-10-24 02:40:47.000
21459774,Doris,f,2018-09-15 21:32:09.000,2018-09-15 21:32:09.000
21468877,Liou,f,2021-11-02 02:51:28.000,2021-11-02 02:51:28.000
21470915,Oliver Johannes,f,2015-07-06 08:10:12.000,2015-07-06 08:10:12.000
21472517,Josh,f,2021-11-02 01:59:56.000,2021-11-02 01:59:56.000
21475228,Eva,f,2016-01-02 15:03:36.000,2016-01-02 15:03:36.000
21479800,Visar,f,2021-06-20 22:20:18.000,2021-06-20 22:20:18.000
21485091,Johanna,f,2016-08-24 19:35:52.000,2016-08-24 19:35:52.000
21488682,Tobias,f,2021-11-10 12:24:37.000,2021-11-10 12:24:37.000
21495467,Pauline,f,2021-09-07 07:01:26.000,2021-09-07 07:01:26.000
21502261,Till,f,2017-05-16 13:05:45.000,2017-05-16 13:05:45.000
21502676,Melanie,f,2021-11-19 16:40:45.000,2021-11-19 16:40:45.000
21510132,Ralf,f,2019-07-01 09:42:44.000,2019-07-01 09:42:44.000
21511310,Marti,f,2017-05-24 01:27:57.000,2017-05-24 01:27:57.000
21547435,Dominik,f,2021-11-18 13:58:53.000,2021-11-18 13:58:53.000
21548668,Vina,f,2016-10-10 04:14:51.000,2016-10-10 04:14:51.000
21555459,Markus,f,2015-09-05 21:31:11.000,2015-09-05 21:31:11.000
21559754,Serena,f,2016-07-01 18:57:33.000,2016-07-01 18:57:33.000
21565256,Tanja,f,2019-11-03 02:12:54.000,2019-11-03 02:12:54.000
21579265,Antonis,t,2021-11-12 10:58:52.000,2021-11-12 10:58:52.000
21581793,Myriam,f,2017-09-26 05:26:28.000,2017-09-26 05:26:28.000
21585618,Michael,f,2018-01-21 10:26:01.000,2018-01-21 10:26:01.000
21591417,Anna,f,2016-12-15 10:53:59.000,2016-12-15 10:53:59.000
21599239,Sabine,f,2019-01-30 12:32:22.000,2019-01-30 12:32:22.000
21606050,Robert,f,2019-09-22 01:57:22.000,2019-09-22 01:57:22.000
21610506,Jule,f,2017-01-22 06:06:53.000,2017-01-22 06:06:53.000
21611073,Kerstin,f,2017-10-11 10:13:29.000,2017-10-11 10:13:29.000
21626575,Feeling,f,2015-01-12 21:22:15.000,2015-01-12 21:22:15.000
21633427,Stefanie,t,2014-09-28 15:46:48.000,2014-09-28 15:46:48.000
21636651,Alexander,f,2016-07-24 04:43:50.000,2016-07-24 04:43:50.000
21639751,Tina,f,2015-03-31 10:24:11.000,2015-03-31 10:24:11.000
21639767,Lucia,f,2017-05-03 07:19:44.000,2017-05-03 07:19:44.000
21646557,Sue,f,2016-12-29 08:31:23.000,2016-12-29 08:31:23.000
21655427,Fred,f,2014-12-19 04:34:54.000,2014-12-19 04:34:54.000
21669155,Coco,f,2021-11-16 16:36:24.000,2021-11-16 16:36:24.000
21672192,Ramona,f,2018-09-26 10:07:24.000,2018-09-26 10:07:24.000
21691025,Laura Anais,f,2015-05-05 15:04:36.000,2015-05-05 15:04:36.000
21692849,Snowangel,f,2014-12-31 07:52:54.000,2014-12-31 07:52:54.000
21700021,Alison,f,2018-08-21 22:28:02.000,2018-08-21 22:28:02.000
21717048,Lotta,f,2015-06-10 17:37:12.000,2015-06-10 17:37:12.000
21719222,Anna,f,2019-05-01 23:18:53.000,2019-05-01 23:18:53.000
21721626,Timon,f,2015-09-29 17:48:23.000,2015-09-29 17:48:23.000
21726680,Jakob,f,2017-04-28 12:42:31.000,2017-04-28 12:42:31.000
21732930,Jasmin,f,2015-08-09 11:54:03.000,2015-08-09 11:54:03.000
21738636,Cindy,f,2017-03-03 12:39:19.000,2017-03-03 12:39:19.000
21742505,Rita,f,2014-09-25 10:38:03.000,2014-09-25 10:38:03.000
21748741,Marcel,f,2014-10-13 20:32:29.000,2014-10-13 20:32:29.000
21754338,Jully,f,2016-10-18 22:32:21.000,2016-10-18 22:32:21.000
21756461,Christian,f,2016-06-06 08:26:15.000,2016-06-06 08:26:15.000
21761911,Iris,f,2021-10-23 19:40:22.000,2021-10-23 19:40:22.000
21762764,Susanne,f,2014-11-26 23:21:37.000,2014-11-26 23:21:37.000
21764736,Lukas,f,2019-05-12 18:56:33.000,2019-05-12 18:56:33.000
21768264,Anne,t,2017-01-01 10:22:11.000,2017-01-01 10:22:11.000
21772502,Wiebke,f,2017-02-07 06:13:15.000,2017-02-07 06:13:15.000
21779642,Giovana,f,2019-02-16 15:05:21.000,2019-02-16 15:05:21.000
21794825,Ellen,f,2017-01-26 19:12:15.000,2017-01-26 19:12:15.000
21799639,Moritz,f,2021-10-23 11:59:22.000,2021-10-23 11:59:22.000
21803389,Sam,f,2019-11-23 00:41:24.000,2019-11-23 00:41:24.000
21805252,Dodik,f,2021-10-24 01:41:25.000,2021-10-24 01:41:25.000
21810160,Lucas,f,2019-12-20 22:48:08.000,2019-12-20 22:48:08.000
21813904,Marie,f,2018-05-20 11:00:48.000,2018-05-20 11:00:48.000
21830598,Jenn,f,2016-05-12 14:19:18.000,2016-05-12 14:19:18.000
21838463,Jana,f,2021-11-12 14:40:42.000,2021-11-12 14:40:42.000
21857190,Aleksey,f,2021-11-08 09:50:02.000,2021-11-08 09:50:02.000
21859509,Matthew,f,2021-08-10 23:25:23.000,2021-08-10 23:25:23.000
21867288,Isi,f,2018-08-23 11:15:54.000,2018-08-23 11:15:54.000
21871253,Shao-Xi,f,2014-10-08 22:12:55.000,2014-10-08 22:12:55.000
21871646,Leonie,f,2017-09-27 03:46:57.000,2017-09-27 03:46:57.000
21877262,Victoria,f,2019-04-07 01:04:52.000,2019-04-07 01:04:52.000
21904749,Yasmin,f,2016-01-04 09:30:02.000,2016-01-04 09:30:02.000
21909957,Akiva,f,2018-07-31 17:04:01.000,2018-07-31 17:04:01.000
21916031,Fritz,f,2016-08-13 13:17:44.000,2016-08-13 13:17:44.000
21916270,Daniel,f,2015-09-16 02:01:11.000,2015-09-16 02:01:11.000
21921518,Monica,f,2021-11-06 00:28:49.000,2021-11-06 00:28:49.000
21924839,Anja,f,2021-11-13 23:37:47.000,2021-11-13 23:37:47.000
21931808,Anne,f,2021-11-01 17:43:13.000,2021-11-01 17:43:13.000
21944292,Marco,f,2015-08-07 16:28:11.000,2015-08-07 16:28:11.000
21948325,Joy,f,2021-10-28 21:28:19.000,2021-10-28 21:28:19.000
21948766,Ludmilla,f,2014-11-11 21:30:17.000,2014-11-11 21:30:17.000
21951216,Beatrice,f,2015-10-08 11:30:07.000,2015-10-08 11:30:07.000
21951425,Christopher,f,2015-07-27 05:13:23.000,2015-07-27 05:13:23.000
21956446,"Tina ""Trillian""",f,2015-01-02 05:38:28.000,2015-01-02 05:38:28.000
21959552,Thomas,f,2014-12-20 05:17:12.000,2014-12-20 05:17:12.000
21963392,Davide,f,2017-06-18 19:11:12.000,2017-06-18 19:11:12.000
21969196,Daniel,f,2021-07-24 14:59:53.000,2021-07-24 14:59:53.000
21972500,Wiebke,f,2021-10-30 07:54:56.000,2021-10-30 07:54:56.000
21993498,Zeinab,f,2016-06-29 11:10:08.000,2016-06-29 11:10:08.000
21996398,Hannah,f,2015-12-30 14:50:59.000,2015-12-30 14:50:59.000
22002533,Phillip,f,2021-11-18 12:41:42.000,2021-11-18 12:41:42.000
22011912,Anja,f,2019-01-30 10:29:46.000,2019-01-30 10:29:46.000
22015326,Hanna,f,2021-11-01 08:16:15.000,2021-11-01 08:16:15.000
22016513,Stefie,f,2015-08-25 04:05:44.000,2015-08-25 04:05:44.000
22019738,Anna,f,2014-10-14 08:47:24.000,2014-10-14 08:47:24.000
22036650,Videesha,f,2016-07-25 04:55:59.000,2016-07-25 04:55:59.000
22047445,Anita,f,2017-12-25 18:20:50.000,2017-12-25 18:20:50.000
22052044,Mostafa,f,2021-11-11 03:41:01.000,2021-11-11 03:41:01.000
22052996,Natasha,f,2019-09-22 05:49:34.000,2019-09-22 05:49:34.000
22082886,Paloma,f,2019-01-26 03:53:54.000,2019-01-26 03:53:54.000
22087218,Karo,f,2017-07-13 02:33:59.000,2017-07-13 02:33:59.000
22087444,Manuel,f,2015-12-24 20:27:06.000,2015-12-24 20:27:06.000
22111700,Anthony,f,2014-10-06 08:57:30.000,2014-10-06 08:57:30.000
22115068,Shady,f,2021-11-10 16:21:59.000,2021-11-10 16:21:59.000
22121404,Amelie,t,2015-04-10 00:45:10.000,2015-04-10 00:45:10.000
22128708,Valentin,f,2017-08-08 14:09:16.000,2017-08-08 14:09:16.000
22140493,Julia Mona,f,2016-02-07 08:32:40.000,2016-02-07 08:32:40.000
22161784,Enise,f,2019-06-25 01:08:19.000,2019-06-25 01:08:19.000
22167812,Thomas  Und Bettina,f,2017-06-15 16:26:45.000,2017-06-15 16:26:45.000
22185719,Camilo,f,2018-10-11 07:13:04.000,2018-10-11 07:13:04.000
22218712,Salome,f,2020-07-13 09:55:15.000,2020-07-13 09:55:15.000
22219389,Ann,f,2017-08-31 08:05:51.000,2017-08-31 08:05:51.000
22223304,Eva,f,2015-04-10 07:18:18.000,2015-04-10 07:18:18.000
22230091,Johannes,f,2020-05-31 13:11:14.000,2020-05-31 13:11:14.000
22231410,Sylvia,t,2014-11-16 11:12:23.000,2014-11-16 11:12:23.000
22231999,Jan,t,2014-10-08 18:58:58.000,2014-10-08 18:58:58.000
22232550,Sand,f,2021-11-17 13:07:52.000,2021-11-17 13:07:52.000
22242615,Valerie,f,2017-07-11 01:29:54.000,2017-07-11 01:29:54.000
22249337,Nancy,f,2016-12-24 07:38:49.000,2016-12-24 07:38:49.000
22250738,Mario,f,2015-05-15 18:24:32.000,2015-05-15 18:24:32.000
22276081,Martin,t,2015-09-05 21:54:48.000,2015-09-05 21:54:48.000
22282104,Fred,f,2019-11-18 14:01:30.000,2019-11-18 14:01:30.000
22289996,Yannik,f,2016-09-01 07:31:27.000,2016-09-01 07:31:27.000
22312996,Andrew,t,2016-02-22 13:37:34.000,2016-02-22 13:37:34.000
22314657,Shih-Hao,f,2014-12-29 22:08:28.000,2014-12-29 22:08:28.000
22319933,Christian,f,2021-11-15 17:08:55.000,2021-11-15 17:08:55.000
22321563,Robert,f,2017-03-30 00:54:38.000,2017-03-30 00:54:38.000
22323051,Laura,f,2019-08-05 08:49:46.000,2019-08-05 08:49:46.000
22325010,Daniel,f,2016-07-17 07:06:24.000,2016-07-17 07:06:24.000
22343187,Eva,f,2018-10-18 15:30:05.000,2018-10-18 15:30:05.000
22355971,Dolph,f,2014-10-13 07:55:01.000,2014-10-13 07:55:01.000
22358988,Iván,f,2021-10-24 05:29:10.000,2021-10-24 05:29:10.000
22366303,Anne,f,2019-04-14 18:20:56.000,2019-04-14 18:20:56.000
22379785,Bekir,f,2015-07-18 04:23:10.000,2015-07-18 04:23:10.000
22381629,Yuki,f,2017-06-26 15:14:13.000,2017-06-26 15:14:13.000
22391603,Lucia,f,2021-10-27 05:07:21.000,2021-10-27 05:07:21.000
22393485,Jan,f,2016-06-19 17:34:48.000,2016-06-19 17:34:48.000
22399141,Philipp,t,2020-08-06 21:26:14.000,2020-08-06 21:26:14.000
22406594,Martin,f,2017-03-06 13:48:54.000,2017-03-06 13:48:54.000
22408268,Tilman,f,2016-08-03 01:36:13.000,2016-08-03 01:36:13.000
22410713,Christoph,f,2019-08-26 21:04:13.000,2019-08-26 21:04:13.000
22415296,Ronny,f,2021-08-22 19:42:08.000,2021-08-22 19:42:08.000
22425990,Stella,f,2015-08-08 17:41:53.000,2015-08-08 17:41:53.000
22426648,Brieuc,f,2018-07-26 12:26:23.000,2018-07-26 12:26:23.000
22427584,Hanna,f,2017-08-04 17:13:02.000,2017-08-04 17:13:02.000
22428536,Omer,f,2015-12-08 19:14:25.000,2015-12-08 19:14:25.000
22429597,Robin,f,2017-06-22 14:26:47.000,2017-06-22 14:26:47.000
22433407,Thomas,f,2021-10-27 11:09:52.000,2021-10-27 11:09:52.000
22437698,Sebastian,f,2017-02-19 07:45:24.000,2017-02-19 07:45:24.000
22439766,Minerva,f,2018-02-22 03:27:31.000,2018-02-22 03:27:31.000
22443908,Sahra,f,2019-07-27 11:00:11.000,2019-07-27 11:00:11.000
22453651,Miranda,f,2019-09-28 07:23:05.000,2019-09-28 07:23:05.000
22453738,Ingrid,f,2019-05-31 23:10:36.000,2019-05-31 23:10:36.000
22475467,Lorenzo,f,2021-10-22 02:49:53.000,2021-10-22 02:49:53.000
22481983,Daria,f,2019-09-13 03:12:31.000,2019-09-13 03:12:31.000
22511671,Rainer,t,2014-11-15 15:44:52.000,2014-11-15 15:44:52.000
22539100,Judith,f,2015-08-04 20:32:15.000,2015-08-04 20:32:15.000
22557348,Andre,f,2016-01-08 13:55:22.000,2016-01-08 13:55:22.000
22558527,Layla,f,2019-03-17 15:49:16.000,2019-03-17 15:49:16.000
22562959,Lydia,f,2018-02-05 15:25:41.000,2018-02-05 15:25:41.000
22572745,Christiane,f,2017-05-13 22:46:23.000,2017-05-13 22:46:23.000
22573153,Verena,f,2021-11-09 02:23:49.000,2021-11-09 02:23:49.000
22578786,Marlitt,f,2014-12-24 12:49:49.000,2014-12-24 12:49:49.000
22579359,Philippa,f,2021-11-11 12:38:51.000,2021-11-11 12:38:51.000
22582175,Blacky,f,2021-11-18 06:49:02.000,2021-11-18 06:49:02.000
22597677,Masa,t,2018-04-20 12:45:11.000,2018-04-20 12:45:11.000
22600198,Thorsten,t,2017-06-30 04:07:24.000,2017-06-30 04:07:24.000
22601158,Johannes,f,2021-10-22 13:21:49.000,2021-10-22 13:21:49.000
22615718,Christian,t,2019-05-09 01:55:41.000,2019-05-09 01:55:41.000
22638633,Sören,f,2016-08-29 00:57:56.000,2016-08-29 00:57:56.000
22639331,Damir,f,2018-10-16 14:58:59.000,2018-10-16 14:58:59.000
22640091,Thain,f,2014-10-30 02:36:41.000,2014-10-30 02:36:41.000
22641272,Dor,f,2019-04-06 20:03:36.000,2019-04-06 20:03:36.000
22645239,Ruben,f,2017-05-26 12:12:20.000,2017-05-26 12:12:20.000
22646060,Fabienne,f,2021-11-09 03:33:34.000,2021-11-09 03:33:34.000
22651496,Bilyana,f,2019-06-07 14:47:24.000,2019-06-07 14:47:24.000
22658976,Evans Akai,f,2021-11-17 11:13:02.000,2021-11-17 11:13:02.000
22673944,Evelyn,f,2017-09-22 09:28:00.000,2017-09-22 09:28:00.000
22675898,Rolf-Dieter,f,2015-11-24 15:03:55.000,2015-11-24 15:03:55.000
22692037,Anthony,t,2015-04-24 22:53:03.000,2015-04-24 22:53:03.000
22693048,Saido,t,2014-10-27 16:32:46.000,2014-10-27 16:32:46.000
22695055,Laurent,f,2021-10-30 10:16:10.000,2021-10-30 10:16:10.000
22696185,Daniel,f,2019-12-23 19:55:59.000,2019-12-23 19:55:59.000
22706480,Alexandre,f,2021-11-13 22:38:07.000,2021-11-13 22:38:07.000
22718498,Lena,f,2014-11-24 09:16:22.000,2014-11-24 09:16:22.000
22727323,Laura,f,2019-07-09 14:54:23.000,2019-07-09 14:54:23.000
22733109,Jil,f,2021-10-27 17:45:53.000,2021-10-27 17:45:53.000
22742836,Chris,f,2019-12-26 17:46:22.000,2019-12-26 17:46:22.000
22746819,Agnes,t,2014-10-25 09:54:02.000,2014-10-25 09:54:02.000
22749471,Antje,f,2015-12-27 03:13:29.000,2015-12-27 03:13:29.000
22751450,Julian,f,2015-03-10 05:27:00.000,2015-03-10 05:27:00.000
22755563,Emilie,f,2014-11-08 12:21:08.000,2014-11-08 12:21:08.000
22756527,Saadet,f,2021-11-13 03:25:21.000,2021-11-13 03:25:21.000
22767895,Fabio,f,2021-11-18 10:34:30.000,2021-11-18 10:34:30.000
22768367,Martin,f,2014-11-30 19:08:23.000,2014-11-30 19:08:23.000
22773705,Omar,f,2019-12-27 12:47:22.000,2019-12-27 12:47:22.000
22789487,Jasmin,f,2015-09-20 09:52:25.000,2015-09-20 09:52:25.000
22798067,Stefan,f,2015-12-19 09:26:06.000,2015-12-19 09:26:06.000
22798878,Thomas,f,2014-12-13 05:04:37.000,2014-12-13 05:04:37.000
22800975,Victoria,f,2021-11-12 02:27:47.000,2021-11-12 02:27:47.000
22804169,Sven,f,2016-07-18 07:02:39.000,2016-07-18 07:02:39.000
22807768,Andreas,f,2017-04-09 16:55:36.000,2017-04-09 16:55:36.000
22830891,Yoni,f,2017-07-09 18:33:10.000,2017-07-09 18:33:10.000
22836752,Josi,f,2021-11-15 17:43:31.000,2021-11-15 17:43:31.000
22837630,Angelina,t,2017-07-04 10:05:13.000,2017-07-04 10:05:13.000
22844207,Matthew,f,2021-11-02 22:04:14.000,2021-11-02 22:04:14.000
22847371,Raik,f,2020-06-19 16:14:28.000,2020-06-19 16:14:28.000
22858046,Наталья,f,2021-11-09 01:04:00.000,2021-11-09 01:04:00.000
22875963,Andres,f,2021-11-07 09:04:36.000,2021-11-07 09:04:36.000
22877363,S.,t,2015-03-06 11:17:24.000,2015-03-06 11:17:24.000
22878899,Katrin,f,2021-11-07 07:18:37.000,2021-11-07 07:18:37.000
22881024,Fabian,f,2018-04-17 01:43:04.000,2018-04-17 01:43:04.000
22890596,Philipp,f,2015-06-28 00:25:54.000,2015-06-28 00:25:54.000
22894989,Nigel,f,2021-11-15 00:57:48.000,2021-11-15 00:57:48.000
22910324,Emilio,f,2019-04-09 05:20:00.000,2019-04-09 05:20:00.000
22910816,Marcel,f,2019-10-16 11:12:36.000,2019-10-16 11:12:36.000
22912748,Thomas,f,2016-02-14 03:50:42.000,2016-02-14 03:50:42.000
22917118,Masha,f,2017-12-26 10:16:22.000,2017-12-26 10:16:22.000
22919421,Leah And Mati,f,2021-07-28 02:38:27.000,2021-07-28 02:38:27.000
22921132,Tatjana,f,2018-08-09 20:54:58.000,2018-08-09 20:54:58.000
22921735,Eric,f,2018-09-14 04:52:51.000,2018-09-14 04:52:51.000
22922263,Kira,f,2021-01-21 14:15:15.000,2021-01-21 14:15:15.000
22922720,Nicolas,f,2021-10-31 12:08:49.000,2021-10-31 12:08:49.000
22926616,Salim,f,2015-10-03 07:49:54.000,2015-10-03 07:49:54.000
22930494,Barbara Annette,f,2017-07-29 01:17:25.000,2017-07-29 01:17:25.000
22932340,Selene,f,2021-10-28 18:17:35.000,2021-10-28 18:17:35.000
22933112,Mei,t,2015-02-23 02:21:04.000,2015-02-23 02:21:04.000
22940183,Patrick,f,2015-10-10 20:27:22.000,2015-10-10 20:27:22.000
22941938,Jennie,f,2019-04-15 07:23:04.000,2019-04-15 07:23:04.000
22943332,Denise,f,2015-08-04 07:49:09.000,2015-08-04 07:49:09.000
22943569,Laura,f,2015-08-30 02:11:09.000,2015-08-30 02:11:09.000
22944848,Katharina,f,2015-07-22 21:25:31.000,2015-07-22 21:25:31.000
22945429,Sandra,f,2021-11-05 20:50:56.000,2021-11-05 20:50:56.000
22947090,Cecilia,f,2014-12-27 01:28:55.000,2014-12-27 01:28:55.000
22954791,Jutta,f,2021-10-26 12:07:07.000,2021-10-26 12:07:07.000
22972869,Thomas,t,2017-05-25 05:08:43.000,2017-05-25 05:08:43.000
22975945,Anne,f,2015-04-29 15:32:46.000,2015-04-29 15:32:46.000
22978707,Samuel,f,2021-11-16 18:50:30.000,2021-11-16 18:50:30.000
22981747,Prof. Dr. Thomas,f,2014-12-19 09:04:07.000,2014-12-19 09:04:07.000
22981991,Johanna,f,2021-09-26 04:52:20.000,2021-09-26 04:52:20.000
22982051,Isis,t,2019-02-04 14:16:49.000,2019-02-04 14:16:49.000
22983765,Jadranka,f,2016-08-17 08:29:25.000,2016-08-17 08:29:25.000
23002618,Clarissa,f,2017-05-05 05:22:44.000,2017-05-05 05:22:44.000
23004433,Kevin + Keti,f,2017-07-11 23:02:48.000,2017-07-11 23:02:48.000
23018185,Javier,f,2015-12-21 11:22:35.000,2015-12-21 11:22:35.000
23023905,Claudia,f,2021-11-01 01:41:11.000,2021-11-01 01:41:11.000
23027366,Rosa Hannah Ziegler,f,2021-11-03 09:36:34.000,2021-11-03 09:36:34.000
23038194,Birte,f,2017-10-09 07:49:50.000,2017-10-09 07:49:50.000
23041695,Patrik,f,2020-07-17 17:12:16.000,2020-07-17 17:12:16.000
23042311,BKLV Management GmbH,f,2014-12-21 18:23:41.000,2014-12-21 18:23:41.000
23053909,Christiane,t,2019-01-15 19:42:26.000,2019-01-15 19:42:26.000
23057711,Isabelle,f,2017-09-04 14:25:29.000,2017-09-04 14:25:29.000
23060978,Lisa And Tilman,t,2017-07-10 14:39:31.000,2017-07-10 14:39:31.000
23075067,Joan,f,2018-05-30 11:45:59.000,2018-05-30 11:45:59.000
23075162,Mikki,f,2014-12-11 07:16:35.000,2014-12-11 07:16:35.000
23078590,Lena,f,2021-11-04 09:55:10.000,2021-11-04 09:55:10.000
23083049,Micol,f,2015-02-27 19:08:17.000,2015-02-27 19:08:17.000
23094533,Shauna,f,2019-12-24 00:22:54.000,2019-12-24 00:22:54.000
23099078,Eva,f,2018-01-01 12:36:26.000,2018-01-01 12:36:26.000
23099388,Max,f,2021-11-03 08:29:07.000,2021-11-03 08:29:07.000
23099710,Christine,f,2015-05-11 21:33:08.000,2015-05-11 21:33:08.000
23100308,Stephanie,f,2017-10-29 18:41:22.000,2017-10-29 18:41:22.000
23101703,Kay,f,2021-11-15 06:53:38.000,2021-11-15 06:53:38.000
23106882,Verena,f,2021-10-29 09:49:34.000,2021-10-29 09:49:34.000
23113861,Florian,f,2016-02-11 13:34:36.000,2016-02-11 13:34:36.000
23116642,Lucky,f,2018-08-27 12:50:43.000,2018-08-27 12:50:43.000
23136688,Emina & Jacob,t,2019-08-21 00:24:57.000,2019-08-21 00:24:57.000
23155049,Brit,t,2015-01-30 09:21:30.000,2015-01-30 09:21:30.000
23160623,Silk,t,2014-11-02 16:26:52.000,2014-11-02 16:26:52.000
23179173,Sabrina,t,2015-12-13 15:19:40.000,2015-12-13 15:19:40.000
23182762,Iskin,f,2017-02-04 11:36:00.000,2017-02-04 11:36:00.000
23183230,Ana,f,2021-10-24 14:39:58.000,2021-10-24 14:39:58.000
23191334,Helya,f,2015-07-09 22:35:48.000,2015-07-09 22:35:48.000
23204011,Stephanie,t,2017-06-19 17:25:44.000,2017-06-19 17:25:44.000
23210806,Daniel,f,2019-10-18 10:45:53.000,2019-10-18 10:45:53.000
23211273,Julia,t,2018-07-30 13:53:38.000,2018-07-30 13:53:38.000
23211817,Rachel,f,2019-02-04 02:19:10.000,2019-02-04 02:19:10.000
23215827,Boya,f,2015-10-28 22:15:44.000,2015-10-28 22:15:44.000
23222841,Ghyslaine,f,2017-06-12 20:04:13.000,2017-06-12 20:04:13.000
23226570,Leah,f,2018-01-17 07:56:15.000,2018-01-17 07:56:15.000
23234409,Julia,f,2016-05-11 11:15:02.000,2016-05-11 11:15:02.000
23237890,Eleonora,f,2015-07-15 03:44:37.000,2015-07-15 03:44:37.000
23245207,Nina,t,2015-03-27 10:38:59.000,2015-03-27 10:38:59.000
23254014,Tiago,f,2019-08-28 22:57:36.000,2019-08-28 22:57:36.000
23262675,Joshua,f,2014-10-30 18:21:08.000,2014-10-30 18:21:08.000
23279713,Ahmed,f,2018-02-09 03:48:57.000,2018-02-09 03:48:57.000
23281072,Robert,f,2016-03-03 14:16:12.000,2016-03-03 14:16:12.000
23281364,Johannes,f,2021-11-07 14:22:29.000,2021-11-07 14:22:29.000
23285304,Daniel,t,2020-02-09 05:04:40.000,2020-02-09 05:04:40.000
23307532,Julius,f,2015-05-15 18:44:24.000,2015-05-15 18:44:24.000
23323005,Janine,f,2015-08-23 11:45:28.000,2015-08-23 11:45:28.000
23324507,Heike,t,2018-09-11 19:07:08.000,2018-09-11 19:07:08.000
23337614,Abdelhak,f,2021-10-22 04:48:09.000,2021-10-22 04:48:09.000
23338502,Franziska,f,2015-11-11 15:52:01.000,2015-11-11 15:52:01.000
23339102,Clemens,f,2017-07-30 11:30:55.000,2017-07-30 11:30:55.000
23341681,Gundula,t,2021-01-05 02:19:33.000,2021-01-05 02:19:33.000
23363097,Poondi Und Dominik,f,2019-11-24 17:36:39.000,2019-11-24 17:36:39.000
23363120,Ingrid,f,2020-05-31 15:08:59.000,2020-05-31 15:08:59.000
23363890,Stefanie,f,2014-12-24 11:31:07.000,2014-12-24 11:31:07.000
23368778,Jana,f,2021-08-15 08:38:26.000,2021-08-15 08:38:26.000
23379693,Annamaria & David,f,2014-10-27 08:21:09.000,2014-10-27 08:21:09.000
23383981,Timo,f,2018-05-09 08:18:52.000,2018-05-09 08:18:52.000
23385422,Barbora,f,2021-11-07 23:34:22.000,2021-11-07 23:34:22.000
23403660,Dirk & Silke,t,2017-02-28 21:37:03.000,2017-02-28 21:37:03.000
23409902,Eldad,f,2015-10-01 04:46:02.000,2015-10-01 04:46:02.000
23414831,Anne,f,2017-04-13 13:09:25.000,2017-04-13 13:09:25.000
23419673,Simon,f,2019-09-01 16:23:19.000,2019-09-01 16:23:19.000
23427549,Tanja,f,2015-06-23 09:26:02.000,2015-06-23 09:26:02.000
23452970,Eva,f,2014-12-25 06:13:35.000,2014-12-25 06:13:35.000
23453399,Sara,f,2021-11-04 03:50:12.000,2021-11-04 03:50:12.000
23454753,Shady,f,2019-11-29 10:03:11.000,2019-11-29 10:03:11.000
23460269,Tave,f,2015-10-16 18:23:38.000,2015-10-16 18:23:38.000
23464761,Max,f,2017-01-27 04:54:05.000,2017-01-27 04:54:05.000
23479348,Theresa,f,2019-08-01 02:07:11.000,2019-08-01 02:07:11.000
23495932,Carina,f,2015-10-18 11:33:09.000,2015-10-18 11:33:09.000
23510007,Ken,f,2021-10-28 17:20:32.000,2021-10-28 17:20:32.000
23538739,Virginio,f,2021-11-18 11:22:24.000,2021-11-18 11:22:24.000
23564593,Benedikta,f,2015-10-01 10:17:35.000,2015-10-01 10:17:35.000
23567289,Mery,f,2014-12-25 12:03:11.000,2014-12-25 12:03:11.000
23568233,Andreas,f,2016-04-02 02:03:18.000,2016-04-02 02:03:18.000
23569162,Louisa,f,2015-07-18 09:13:25.000,2015-07-18 09:13:25.000
23576017,Sonja,f,2014-12-22 03:33:16.000,2014-12-22 03:33:16.000
23594826,Jessie,f,2021-11-09 14:56:05.000,2021-11-09 14:56:05.000
23602925,Alexandra,t,2019-09-15 01:14:22.000,2019-09-15 01:14:22.000
23643175,Till,f,2015-02-01 10:26:27.000,2015-02-01 10:26:27.000
23647617,Catherine,f,2015-05-07 13:38:46.000,2015-05-07 13:38:46.000
23653243,Ronja,f,2021-11-07 06:50:11.000,2021-11-07 06:50:11.000
23665064,Christiane,f,2018-08-12 13:13:08.000,2018-08-12 13:13:08.000
23665730,Florian & Dani,f,2016-01-01 16:32:36.000,2016-01-01 16:32:36.000
23667602,Sandra,f,2019-04-23 03:27:01.000,2019-04-23 03:27:01.000
23669100,Al-Shaimaa,f,2016-09-02 22:13:03.000,2016-09-02 22:13:03.000
23683935,Tanya,f,2018-12-01 12:02:57.000,2018-12-01 12:02:57.000
23686566,Catia,f,2015-11-17 16:13:08.000,2015-11-17 16:13:08.000
23693478,Holger,f,2014-12-25 13:23:36.000,2014-12-25 13:23:36.000
23701956,Michael,f,2015-08-11 11:36:19.000,2015-08-11 11:36:19.000
23709188,Xenia,f,2015-01-27 04:41:14.000,2015-01-27 04:41:14.000
23728686,Meino,t,2015-03-21 05:45:29.000,2015-03-21 05:45:29.000
23731555,Marie,f,2014-12-19 08:33:16.000,2014-12-19 08:33:16.000
23738283,Jarek,f,2021-11-14 07:43:42.000,2021-11-14 07:43:42.000
23772015,Stella,f,2015-07-25 12:06:17.000,2015-07-25 12:06:17.000
23772603,Ida,f,2021-09-04 08:02:31.000,2021-09-04 08:02:31.000
23775357,Daniella,f,2016-06-13 23:37:22.000,2016-06-13 23:37:22.000
23778056,Ma,f,2019-08-05 10:38:29.000,2019-08-05 10:38:29.000
23786017,Dimitrij,f,2017-01-28 10:01:47.000,2017-01-28 10:01:47.000
23800239,Jorge Andres,f,2021-11-05 03:39:59.000,2021-11-05 03:39:59.000
23809588,Magdalena,f,2016-03-07 13:05:55.000,2016-03-07 13:05:55.000
23818637,Josefa,f,2014-12-26 10:45:02.000,2014-12-26 10:45:02.000
23818663,Lisa,f,2016-06-22 11:13:36.000,2016-06-22 11:13:36.000
23827133,Rafaela,f,2014-11-18 06:56:35.000,2014-11-18 06:56:35.000
23850969,Barbara,t,2016-10-04 21:08:53.000,2016-10-04 21:08:53.000
23851163,Marianna,f,2020-01-16 00:22:36.000,2020-01-16 00:22:36.000
23855002,Nico,f,2021-11-06 14:28:51.000,2021-11-06 14:28:51.000
23856331,Chris,f,2019-04-07 23:30:35.000,2019-04-07 23:30:35.000
23864116,Susanna,f,2017-03-03 19:43:08.000,2017-03-03 19:43:08.000
23881186,Lisa,f,2019-07-02 22:48:39.000,2019-07-02 22:48:39.000
23884335,Jana,f,2018-05-03 23:45:09.000,2018-05-03 23:45:09.000
23893316,Martin,f,2020-02-04 06:18:56.000,2020-02-04 06:18:56.000
23904144,Katarina,f,2016-06-10 19:30:10.000,2016-06-10 19:30:10.000
23920756,Martyna,f,2017-05-27 20:39:00.000,2017-05-27 20:39:00.000
23926930,Henriette And Guy,f,2015-09-23 21:20:46.000,2015-09-23 21:20:46.000
23927964,Bon Hi,f,2021-10-26 04:18:49.000,2021-10-26 04:18:49.000
23929693,Satin,f,2021-01-01 12:52:46.000,2021-01-01 12:52:46.000
23930145,Markus,f,2019-04-29 20:38:12.000,2019-04-29 20:38:12.000
23934118,Benjamin,f,2014-12-26 13:36:00.000,2014-12-26 13:36:00.000
23937038,Simon,f,2021-11-18 16:07:25.000,2021-11-18 16:07:25.000
23946493,Steph,f,2015-08-14 16:56:56.000,2015-08-14 16:56:56.000
23961497,Theresa,f,2021-11-10 12:59:13.000,2021-11-10 12:59:13.000
23961923,Daniela,t,2014-12-27 23:31:42.000,2014-12-27 23:31:42.000
23991389,Andy,f,2016-07-06 23:35:10.000,2016-07-06 23:35:10.000
23995661,Kim,f,2020-08-06 17:25:44.000,2020-08-06 17:25:44.000
23998260,Andrej & Julia,f,2014-12-24 12:17:13.000,2014-12-24 12:17:13.000
24000322,Filip,f,2020-09-09 21:48:23.000,2020-09-09 21:48:23.000
24003510,Signe,t,2019-04-03 12:13:00.000,2019-04-03 12:13:00.000
24003552,Nikolas,f,2018-07-24 19:05:17.000,2018-07-24 19:05:17.000
24008866,Zarix,f,2018-12-27 21:39:28.000,2018-12-27 21:39:28.000
24014519,Ivan,f,2016-05-08 10:52:32.000,2016-05-08 10:52:32.000
24024785,Korbinian,f,2015-10-20 09:15:57.000,2015-10-20 09:15:57.000
24037323,Josef,f,2016-09-11 17:25:22.000,2016-09-11 17:25:22.000
24038270,Tom,f,2021-10-31 17:56:55.000,2021-10-31 17:56:55.000
24039381,Johanna,f,2019-05-18 02:31:08.000,2019-05-18 02:31:08.000
24059884,Juliane,f,2021-11-15 23:05:10.000,2021-11-15 23:05:10.000
24068599,Neta,f,2021-10-24 22:51:05.000,2021-10-24 22:51:05.000
24080568,Nicholas,f,2017-12-14 11:57:10.000,2017-12-14 11:57:10.000
24082778,Julia,f,2017-03-02 21:49:16.000,2017-03-02 21:49:16.000
24082857,Martin,t,2019-08-07 01:40:56.000,2019-08-07 01:40:56.000
24098475,Sarah,f,2019-12-28 04:39:38.000,2019-12-28 04:39:38.000
24104664,Theresa,f,2016-10-12 10:57:40.000,2016-10-12 10:57:40.000
24106099,Richie,t,2017-09-04 18:16:15.000,2017-09-04 18:16:15.000
24109136,Claudia,f,2021-11-06 10:03:16.000,2021-11-06 10:03:16.000
24137635,Christel,f,2018-04-28 20:37:05.000,2018-04-28 20:37:05.000
24142160,Seulgi,f,2019-10-11 05:12:42.000,2019-10-11 05:12:42.000
24144436,Daniela,f,2015-03-13 09:58:02.000,2015-03-13 09:58:02.000
24151714,Emrah,f,2015-11-01 13:45:16.000,2015-11-01 13:45:16.000
24152050,Benjamin,f,2017-05-18 22:44:35.000,2017-05-18 22:44:35.000
24158873,Linda,f,2019-03-11 16:27:42.000,2019-03-11 16:27:42.000
24176658,Michele,f,2021-11-02 08:15:27.000,2021-11-02 08:15:27.000
24179192,Rolf,f,2021-08-31 11:15:03.000,2021-08-31 11:15:03.000
24179272,Leila,f,2017-08-14 14:25:13.000,2017-08-14 14:25:13.000
24181572,Anastasiya,f,2018-06-09 10:53:53.000,2018-06-09 10:53:53.000
24185743,Daniel,f,2019-12-17 01:34:32.000,2019-12-17 01:34:32.000
24194564,Christian,f,2014-12-22 00:19:37.000,2014-12-22 00:19:37.000
24201922,Ozlem,t,2017-01-03 21:01:05.000,2017-01-03 21:01:05.000
24218409,Hannah,f,2014-12-30 05:46:35.000,2014-12-30 05:46:35.000
24229964,Wolf Ray,f,2015-05-03 04:17:42.000,2015-05-03 04:17:42.000
24233425,Claudia,f,2019-10-14 18:11:12.000,2019-10-14 18:11:12.000
24247225,Emilia,f,2021-10-30 11:27:30.000,2021-10-30 11:27:30.000
24262329,Philipp,f,2021-11-01 22:49:06.000,2021-11-01 22:49:06.000
24281157,Lili,f,2019-07-09 07:29:54.000,2019-07-09 07:29:54.000
24290476,Johnny,f,2021-10-21 12:35:24.000,2021-10-21 12:35:24.000
24295698,Maria,f,2018-10-21 02:16:35.000,2018-10-21 02:16:35.000
24299707,Gilgamesch,f,2018-08-10 18:33:26.000,2018-08-10 18:33:26.000
24309560,Darrin,f,2021-10-31 02:32:56.000,2021-10-31 02:32:56.000
24309980,Maurizio,f,2015-05-09 02:49:48.000,2015-05-09 02:49:48.000
24313826,Anke,f,2015-07-24 20:09:04.000,2015-07-24 20:09:04.000
24316398,Carrie,f,2015-01-02 10:02:41.000,2015-01-02 10:02:41.000
24318847,Kalyanii,f,2018-12-31 18:15:42.000,2018-12-31 18:15:42.000
24322569,Alena,f,2017-08-25 01:17:18.000,2017-08-25 01:17:18.000
24327842,Maxence,f,2021-09-15 21:26:06.000,2021-09-15 21:26:06.000
24327970,Indre,f,2015-12-24 00:32:11.000,2015-12-24 00:32:11.000
24330299,Maria,f,2019-05-19 07:59:17.000,2019-05-19 07:59:17.000
24337638,Myriam,f,2015-04-29 02:57:54.000,2015-04-29 02:57:54.000
24352487,Deborah,f,2019-12-27 12:40:52.000,2019-12-27 12:40:52.000
24369145,Marie,f,2021-11-09 21:08:00.000,2021-11-09 21:08:00.000
24373865,Wida,f,2021-10-28 04:49:48.000,2021-10-28 04:49:48.000
24374565,Tamara,f,2017-04-01 23:15:20.000,2017-04-01 23:15:20.000
24374635,Rosalie,f,2021-11-10 10:33:55.000,2021-11-10 10:33:55.000
24405032,Maxie,f,2015-08-09 16:28:13.000,2015-08-09 16:28:13.000
24413439,Anh Thu,f,2021-09-20 17:10:03.000,2021-09-20 17:10:03.000
24416750,Inga,f,2021-10-28 12:17:12.000,2021-10-28 12:17:12.000
24433350,Cecilia,f,2015-02-17 17:35:19.000,2015-02-17 17:35:19.000
24434072,Sebastian,f,2015-01-03 18:04:00.000,2015-01-03 18:04:00.000
24434325,Carmen,f,2018-12-21 11:24:41.000,2018-12-21 11:24:41.000
24435245,Nina,f,2020-03-15 19:04:32.000,2020-03-15 19:04:32.000
24442278,Stephan,f,2015-01-22 15:24:01.000,2015-01-22 15:24:01.000
24442438,Roxy,f,2021-11-12 13:26:04.000,2021-11-12 13:26:04.000
24443968,Nils,f,2015-03-31 02:58:41.000,2015-03-31 02:58:41.000
24445805,Sabrina,f,2021-11-07 23:23:54.000,2021-11-07 23:23:54.000
24456826,Cecilie&Mohanad,f,2015-10-17 11:34:34.000,2015-10-17 11:34:34.000
24470743,Michelle,f,2016-06-15 22:46:07.000,2016-06-15 22:46:07.000
24479176,Klara,f,2015-08-22 09:29:29.000,2015-08-22 09:29:29.000
24489481,Luisa,f,2016-08-03 10:24:34.000,2016-08-03 10:24:34.000
24492738,Andrea,f,2019-03-09 09:07:56.000,2019-03-09 09:07:56.000
24497738,Simon,f,2021-11-15 23:22:22.000,2021-11-15 23:22:22.000
24507087,Marcus,t,2014-12-28 00:34:37.000,2014-12-28 00:34:37.000
24511729,Teresa,f,2019-08-24 19:05:03.000,2019-08-24 19:05:03.000
24513179,Des,t,2019-04-29 01:34:20.000,2019-04-29 01:34:20.000
24536724,Anne,f,2017-03-02 01:10:15.000,2017-03-02 01:10:15.000
24536952,Danna,f,2015-05-21 15:17:34.000,2015-05-21 15:17:34.000
24573491,Giulia,t,2021-06-08 04:36:52.000,2021-06-08 04:36:52.000
24578399,Brigitte,t,2019-12-06 14:16:18.000,2019-12-06 14:16:18.000
24603798,Christina,f,2016-06-15 19:22:26.000,2016-06-15 19:22:26.000
24607469,Alice,f,2015-01-30 20:18:10.000,2015-01-30 20:18:10.000
24613237,Thilo,f,2019-07-31 15:37:51.000,2019-07-31 15:37:51.000
24615557,Judith,f,2016-05-09 05:26:25.000,2016-05-09 05:26:25.000
24644621,Luca,f,2019-12-20 06:57:44.000,2019-12-20 06:57:44.000
24645340,Katherina,f,2015-01-03 09:20:28.000,2015-01-03 09:20:28.000
24650038,Carolin,t,2016-08-21 19:29:17.000,2016-08-21 19:29:17.000
24651001,Margret,f,2015-06-01 02:51:27.000,2015-06-01 02:51:27.000
24654042,Felix,f,2017-06-26 04:29:36.000,2017-06-26 04:29:36.000
24659341,Anna,f,2016-11-03 09:43:39.000,2016-11-03 09:43:39.000
24661316,Sebastian,f,2015-08-19 19:50:46.000,2015-08-19 19:50:46.000
24689787,Alex,f,2016-05-09 05:10:39.000,2016-05-09 05:10:39.000
24707832,Tina,f,2017-12-29 04:22:09.000,2017-12-29 04:22:09.000
24719844,Philipp,f,2020-07-21 22:24:52.000,2020-07-21 22:24:52.000
24721780,Fabian,f,2014-12-17 05:31:24.000,2014-12-17 05:31:24.000
24734052,Olga,f,2017-03-29 01:46:21.000,2017-03-29 01:46:21.000
24736843,Mª Consuelo,t,2020-01-14 20:49:56.000,2020-01-14 20:49:56.000
24742169,Patricia,f,2020-09-13 13:46:55.000,2020-09-13 13:46:55.000
24743374,Simon,f,2014-12-23 03:09:52.000,2014-12-23 03:09:52.000
24745517,Bodek,f,2021-11-07 20:41:07.000,2021-11-07 20:41:07.000
24751460,Jochen,f,2015-06-28 14:23:39.000,2015-06-28 14:23:39.000
24757938,Amira,f,2021-11-03 04:26:40.000,2021-11-03 04:26:40.000
24759485,Sema,f,2017-05-09 03:31:01.000,2017-05-09 03:31:01.000
24763087,Konstantinos,f,2021-11-03 19:08:11.000,2021-11-03 19:08:11.000
24763300,Wisdom,t,2019-05-12 21:25:47.000,2019-05-12 21:25:47.000
24789763,Gyula,f,2021-10-26 19:05:16.000,2021-10-26 19:05:16.000
24789835,Kai,f,2014-12-26 07:04:33.000,2014-12-26 07:04:33.000
24790839,Stefan,f,2015-01-01 07:40:35.000,2015-01-01 07:40:35.000
24791241,Tameem,f,2018-08-09 07:15:01.000,2018-08-09 07:15:01.000
24799620,Adelina,f,2021-11-04 19:02:40.000,2021-11-04 19:02:40.000
24820271,Matthias,f,2014-12-31 12:32:10.000,2014-12-31 12:32:10.000
24824610,Jan,t,2020-09-20 22:47:43.000,2020-09-20 22:47:43.000
24825007,Mirjam,f,2019-08-02 17:20:52.000,2019-08-02 17:20:52.000
24828170,Angelika,f,2020-09-05 18:41:30.000,2020-09-05 18:41:30.000
24831268,Daniela,f,2016-07-25 16:57:39.000,2016-07-25 16:57:39.000
24838053,Vincent,f,2015-10-17 15:18:20.000,2015-10-17 15:18:20.000
24844711,Maren,f,2021-09-03 15:09:09.000,2021-09-03 15:09:09.000
24847457,Julia,f,2017-04-08 09:42:29.000,2017-04-08 09:42:29.000
24849121,Yi,f,2020-08-17 21:05:32.000,2020-08-17 21:05:32.000
24850145,Victor,f,2014-12-23 22:23:32.000,2014-12-23 22:23:32.000
24860418,Konstanze,f,2018-01-28 07:00:56.000,2018-01-28 07:00:56.000
24864601,Manaf,f,2021-11-16 07:53:30.000,2021-11-16 07:53:30.000
24869521,Johannes,f,2021-10-26 19:43:15.000,2021-10-26 19:43:15.000
24872997,Fotoflashfocusrewind,f,2014-12-25 01:40:35.000,2014-12-25 01:40:35.000
24876227,Sebastian,f,2015-07-31 12:25:39.000,2015-07-31 12:25:39.000
24885955,Florian,f,2016-05-13 20:36:53.000,2016-05-13 20:36:53.000
24886213,Lusin,f,2017-02-28 03:44:42.000,2017-02-28 03:44:42.000
24891198,Fine Alexandra,f,2021-10-30 14:58:25.000,2021-10-30 14:58:25.000
24897308,Nellie,f,2015-08-23 02:58:18.000,2015-08-23 02:58:18.000
24898117,Peter,f,2018-01-28 13:24:30.000,2018-01-28 13:24:30.000
24910342,Leandro,f,2015-12-09 04:19:34.000,2015-12-09 04:19:34.000
24912062,Simon,f,2019-02-05 13:43:26.000,2019-02-05 13:43:26.000
24922415,Sophie,f,2019-03-16 07:46:12.000,2019-03-16 07:46:12.000
24926087,Martin,f,2017-07-18 21:08:04.000,2017-07-18 21:08:04.000
24928081,Jiao,f,2021-10-29 23:54:36.000,2021-10-29 23:54:36.000
24930281,Wula,f,2021-11-15 16:30:31.000,2021-11-15 16:30:31.000
24931189,Thomas,f,2021-11-02 20:11:13.000,2021-11-02 20:11:13.000
24932654,Alida,f,2019-05-16 18:31:49.000,2019-05-16 18:31:49.000
24933899,Yusuf,f,2014-12-22 02:01:41.000,2014-12-22 02:01:41.000
24939690,Mina,f,2021-09-14 10:04:43.000,2021-09-14 10:04:43.000
24942482,Carsten,f,2015-08-15 10:00:48.000,2015-08-15 10:00:48.000
24977992,Dennis,f,2021-10-29 04:45:18.000,2021-10-29 04:45:18.000
24994804,Finn,f,2017-12-26 11:52:07.000,2017-12-26 11:52:07.000
25000630,Mia,f,2014-12-29 09:46:32.000,2014-12-29 09:46:32.000
25005029,Lukas,f,2021-07-17 06:54:39.000,2021-07-17 06:54:39.000
25008564,Alexandra,f,2015-03-26 08:33:48.000,2015-03-26 08:33:48.000
25021999,Franzi,f,2015-05-24 01:25:59.000,2015-05-24 01:25:59.000
25037042,Oliver,f,2016-03-07 16:29:05.000,2016-03-07 16:29:05.000
25049986,Jan,f,2014-12-28 07:53:15.000,2014-12-28 07:53:15.000
25066826,Panu,f,2019-11-16 20:28:13.000,2019-11-16 20:28:13.000
25084813,Rike,f,2016-03-28 16:03:07.000,2016-03-28 16:03:07.000
25090768,Simon,f,2015-12-30 17:33:27.000,2015-12-30 17:33:27.000
25090881,Ljuba,f,2015-08-21 10:11:50.000,2015-08-21 10:11:50.000
25091392,Martin,f,2019-12-25 12:04:35.000,2019-12-25 12:04:35.000
25092314,Eva,f,2021-11-13 14:13:09.000,2021-11-13 14:13:09.000
25106255,Eugen,f,2017-06-30 13:17:31.000,2017-06-30 13:17:31.000
25127275,Tina,f,2016-07-23 23:50:21.000,2016-07-23 23:50:21.000
25130250,Markusmüller,f,2021-10-25 16:06:12.000,2021-10-25 16:06:12.000
25134834,Ari,f,2014-12-28 15:24:22.000,2014-12-28 15:24:22.000
25135853,Omeed,f,2021-10-29 10:10:49.000,2021-10-29 10:10:49.000
25170137,Marion,f,2021-11-07 00:40:13.000,2021-11-07 00:40:13.000
25178911,Théo,f,2021-11-12 14:51:40.000,2021-11-12 14:51:40.000
25188349,Tobias,f,2021-11-16 11:09:11.000,2021-11-16 11:09:11.000
25189197,Katrin,f,2017-04-16 20:11:10.000,2017-04-16 20:11:10.000
25190201,Robin,t,2019-12-20 22:32:41.000,2019-12-20 22:32:41.000
25201612,Hassan,f,2021-11-14 09:49:28.000,2021-11-14 09:49:28.000
25214491,Cedric,f,2017-05-27 13:08:23.000,2017-05-27 13:08:23.000
25227870,Ringo,f,2016-05-18 18:58:54.000,2016-05-18 18:58:54.000
25229702,Lea,f,2021-10-31 21:14:39.000,2021-10-31 21:14:39.000
25257208,Marc,f,2021-11-13 08:49:08.000,2021-11-13 08:49:08.000
25257633,Gerhard,f,2016-01-17 22:45:44.000,2016-01-17 22:45:44.000
25268393,Michael,f,2015-08-24 05:35:10.000,2015-08-24 05:35:10.000
25291398,Fabian,f,2018-06-01 10:18:20.000,2018-06-01 10:18:20.000
25300361,Lars,f,2015-08-23 00:40:47.000,2015-08-23 00:40:47.000
25300675,Clara,f,2021-08-05 11:30:48.000,2021-08-05 11:30:48.000
25314536,Michele,t,2018-09-05 12:26:23.000,2018-09-05 12:26:23.000
25315291,Christina,f,2021-11-05 03:19:30.000,2021-11-05 03:19:30.000
25335713,Viktor,t,2019-12-25 21:33:32.000,2019-12-25 21:33:32.000
25340665,Sabrina,f,2017-07-08 16:49:20.000,2017-07-08 16:49:20.000
25342320,Katharina,f,2020-08-15 23:56:03.000,2020-08-15 23:56:03.000
25351719,Christian,f,2021-10-30 19:59:58.000,2021-10-30 19:59:58.000
25392798,Dragan,f,2021-10-28 03:46:18.000,2021-10-28 03:46:18.000
25395752,Vatti,f,2021-11-19 03:21:57.000,2021-11-19 03:21:57.000
25396210,Johannes + Marion,f,2015-04-10 11:08:01.000,2015-04-10 11:08:01.000
25398236,James,f,2015-02-14 09:19:04.000,2015-02-14 09:19:04.000
25401957,Josephine,f,2017-05-01 23:33:57.000,2017-05-01 23:33:57.000
25413382,Sel,f,2021-11-14 14:26:07.000,2021-11-14 14:26:07.000
25429096,Markus,f,2015-08-23 05:55:02.000,2015-08-23 05:55:02.000
25449632,Athanasios,f,2021-11-18 00:59:46.000,2021-11-18 00:59:46.000
25470108,Nissan,f,2016-02-05 00:14:21.000,2016-02-05 00:14:21.000
25499343,Frank,t,2020-11-22 18:26:01.000,2020-11-22 18:26:01.000
25504810,Nina,f,2021-11-19 15:04:07.000,2021-11-19 15:04:07.000
25529479,Fabian,f,2021-07-22 09:19:48.000,2021-07-22 09:19:48.000
25532054,Gesine,f,2016-04-12 23:14:30.000,2016-04-12 23:14:30.000
25538842,Jan,f,2015-07-30 21:24:54.000,2015-07-30 21:24:54.000
25546320,Maxine,f,2017-12-25 05:01:06.000,2017-12-25 05:01:06.000
25561949,Frank,f,2021-11-18 16:37:25.000,2021-11-18 16:37:25.000
25579499,Andrea,f,2015-04-16 03:36:42.000,2015-04-16 03:36:42.000
25597731,Matthias,f,2015-11-03 10:15:17.000,2015-11-03 10:15:17.000
25615529,Furk,f,2021-10-30 12:14:04.000,2021-10-30 12:14:04.000
25673750,Paul,f,2021-10-23 05:19:56.000,2021-10-23 05:19:56.000
25676238,Eike,t,2015-03-31 07:50:05.000,2015-03-31 07:50:05.000
25684726,Christoff,t,2015-07-26 18:07:24.000,2015-07-26 18:07:24.000
25692164,Christophe,f,2016-02-09 01:55:08.000,2016-02-09 01:55:08.000
25707334,Nathalie,f,2017-10-08 23:29:48.000,2017-10-08 23:29:48.000
25709605,Jakobine,f,2019-01-24 21:32:26.000,2019-01-24 21:32:26.000
25712157,Erik,f,2021-10-26 05:42:47.000,2021-10-26 05:42:47.000
25726298,Amedeo,f,2021-10-25 09:38:45.000,2021-10-25 09:38:45.000
25728760,Marko,f,2021-10-21 12:24:26.000,2021-10-21 12:24:26.000
25746534,Anette,f,2021-10-29 01:36:57.000,2021-10-29 01:36:57.000
25747901,Davide,f,2016-03-16 11:16:27.000,2016-03-16 11:16:27.000
25756650,Helena,f,2018-02-25 14:45:18.000,2018-02-25 14:45:18.000
25780372,Claus,f,2016-05-13 21:08:19.000,2016-05-13 21:08:19.000
25781325,Jana,f,2017-12-22 21:16:24.000,2017-12-22 21:16:24.000
25806113,Amelie,f,2019-03-11 00:33:40.000,2019-03-11 00:33:40.000
25806170,Mario,t,2017-07-16 20:20:43.000,2017-07-16 20:20:43.000
25806558,Paul,f,2016-09-11 06:23:16.000,2016-09-11 06:23:16.000
25814554,Ronja,f,2017-06-30 01:01:34.000,2017-06-30 01:01:34.000
25818415,Patrick,f,2017-05-20 16:58:00.000,2017-05-20 16:58:00.000
25833092,Sunny,f,2021-11-01 07:38:03.000,2021-11-01 07:38:03.000
25833343,Severin,f,2017-10-06 17:14:27.000,2017-10-06 17:14:27.000
25835088,Elisa,f,2021-11-01 13:31:05.000,2021-11-01 13:31:05.000
25836907,Larisa,f,2017-06-02 13:34:30.000,2017-06-02 13:34:30.000
25892677,Tom,f,2017-01-12 04:54:18.000,2017-01-12 04:54:18.000
25925725,Svende,f,2015-01-27 04:56:01.000,2015-01-27 04:56:01.000
25926578,Sabrina,t,2017-06-21 03:46:03.000,2017-06-21 03:46:03.000
25929557,Jonas,f,2015-07-22 03:05:11.000,2015-07-22 03:05:11.000
25940498,Emre,f,2018-10-25 23:39:46.000,2018-10-25 23:39:46.000
25950605,Rossitza,f,2021-10-27 11:03:05.000,2021-10-27 11:03:05.000
25956713,Solveig,f,2021-07-23 08:53:12.000,2021-07-23 08:53:12.000
25971910,Jordan,f,2021-08-23 03:56:41.000,2021-08-23 03:56:41.000
25981777,Ian,f,2015-03-28 21:30:29.000,2015-03-28 21:30:29.000
25986482,Marlene,f,2017-08-06 13:07:44.000,2017-08-06 13:07:44.000
25988430,Shabnam,f,2017-07-29 09:26:21.000,2017-07-29 09:26:21.000
25989649,Henrik,f,2015-01-20 18:54:07.000,2015-01-20 18:54:07.000
25990118,Birgit,f,2016-05-17 00:30:15.000,2016-05-17 00:30:15.000
25993140,Oliver,f,2016-08-10 11:36:22.000,2016-08-10 11:36:22.000
26004914,Eva,f,2017-01-24 02:23:48.000,2017-01-24 02:23:48.000
26006565,Bruno,f,2016-07-27 16:36:16.000,2016-07-27 16:36:16.000
26037286,Karina,t,2019-10-02 21:28:00.000,2019-10-02 21:28:00.000
26038654,Jas,f,2019-06-18 14:23:12.000,2019-06-18 14:23:12.000
26042405,Dico,f,2020-11-28 14:38:56.000,2020-11-28 14:38:56.000
26055312,Mark Guy Gerrard,f,2016-03-21 15:33:33.000,2016-03-21 15:33:33.000
26057783,Peter,f,2015-08-29 08:15:03.000,2015-08-29 08:15:03.000
26059823,Damla,f,2019-05-08 16:24:35.000,2019-05-08 16:24:35.000
26064874,Ayla,f,2017-10-27 16:24:05.000,2017-10-27 16:24:05.000
26096996,Eyck,f,2015-09-28 21:31:44.000,2015-09-28 21:31:44.000
26105649,Nicolas,f,2015-01-28 19:57:17.000,2015-01-28 19:57:17.000
26116258,John,f,2018-03-16 20:40:15.000,2018-03-16 20:40:15.000
26143940,Alice,f,2019-02-23 06:26:43.000,2019-02-23 06:26:43.000
26152106,Sebastian,t,2019-12-19 14:16:20.000,2019-12-19 14:16:20.000
26152393,Jana,f,2016-11-14 03:49:03.000,2016-11-14 03:49:03.000
26153450,Alex,f,2021-08-16 14:51:07.000,2021-08-16 14:51:07.000
26155117,Gerd,t,2015-03-15 23:05:25.000,2015-03-15 23:05:25.000
26156657,Lou,f,2017-01-23 21:01:55.000,2017-01-23 21:01:55.000
26173714,Jekaterina,f,2017-07-16 01:22:36.000,2017-07-16 01:22:36.000
26176037,Petra,f,2019-09-15 15:14:55.000,2019-09-15 15:14:55.000
26176336,Juan,f,2018-09-19 16:49:32.000,2018-09-19 16:49:32.000
26176881,Gaetan,f,2016-07-03 12:41:12.000,2016-07-03 12:41:12.000
26193350,Caroline,f,2015-12-19 12:38:16.000,2015-12-19 12:38:16.000
26194208,Martin,f,2018-02-18 15:10:09.000,2018-02-18 15:10:09.000
26201130,Isabelle,f,2015-01-28 03:58:11.000,2015-01-28 03:58:11.000
26202529,Tobias,f,2021-03-27 22:23:06.000,2021-03-27 22:23:06.000
26203518,Gina,f,2021-10-31 12:23:06.000,2021-10-31 12:23:06.000
26204012,Sonja,t,2018-01-16 06:43:38.000,2018-01-16 06:43:38.000
26228906,Felix,f,2021-10-24 19:39:24.000,2021-10-24 19:39:24.000
26235854,Sveva,f,2018-12-26 22:22:28.000,2018-12-26 22:22:28.000
26238406,Markus,f,2019-10-31 15:02:58.000,2019-10-31 15:02:58.000
26241336,Michael,f,2015-07-15 01:20:20.000,2015-07-15 01:20:20.000
26256625,Filip,f,2021-11-05 01:53:55.000,2021-11-05 01:53:55.000
26264042,Lorena,f,2019-07-14 21:21:34.000,2019-07-14 21:21:34.000
26292577,Sevim Celebi Gottschlich,f,2021-10-30 00:24:37.000,2021-10-30 00:24:37.000
26293809,Luzi,f,2021-11-02 04:51:04.000,2021-11-02 04:51:04.000
26333790,Verena,t,2019-07-13 11:58:27.000,2019-07-13 11:58:27.000
26339060,Terrie,f,2015-04-19 15:47:33.000,2015-04-19 15:47:33.000
26347897,Inken,f,2021-11-15 10:37:44.000,2021-11-15 10:37:44.000
26358051,Theresa,t,2018-03-06 09:04:16.000,2018-03-06 09:04:16.000
26363586,Ina,f,2017-01-20 10:00:04.000,2017-01-20 10:00:04.000
26367025,Lan Phương,f,2021-07-13 09:55:34.000,2021-07-13 09:55:34.000
26400881,Achim,t,2019-10-25 03:34:08.000,2019-10-25 03:34:08.000
26405024,Peter,f,2015-08-17 23:42:32.000,2015-08-17 23:42:32.000
26419102,Stefanie,f,2021-11-05 09:18:50.000,2021-11-05 09:18:50.000
26426798,Lisanne,f,2016-12-26 10:21:56.000,2016-12-26 10:21:56.000
26431814,Tobias,f,2018-07-28 17:51:41.000,2018-07-28 17:51:41.000
26448660,Jesse,f,2020-02-11 02:27:36.000,2020-02-11 02:27:36.000
26451128,Bok,f,2021-11-02 02:50:05.000,2021-11-02 02:50:05.000
26452791,Caroline,f,2016-03-07 05:26:50.000,2016-03-07 05:26:50.000
26478366,Helena,t,2015-02-26 06:59:25.000,2015-02-26 06:59:25.000
26486052,Philipp,f,2019-07-01 02:23:30.000,2019-07-01 02:23:30.000
26488105,Ali,f,2021-06-15 09:48:47.000,2021-06-15 09:48:47.000
26501076,Oleg,t,2017-03-17 18:27:53.000,2017-03-17 18:27:53.000
26511341,Marco,f,2017-06-21 23:52:10.000,2017-06-21 23:52:10.000
26511885,Chelsea,f,2018-08-25 15:03:56.000,2018-08-25 15:03:56.000
26534826,Elke,f,2015-08-28 09:40:57.000,2015-08-28 09:40:57.000
26551862,Ludovica,f,2015-04-28 23:48:56.000,2015-04-28 23:48:56.000
26566483,Fanny-Marie,f,2017-11-27 14:42:23.000,2017-11-27 14:42:23.000
26567168,Sofia,f,2021-10-25 20:52:59.000,2021-10-25 20:52:59.000
26574508,Fish,f,2016-07-11 07:39:08.000,2016-07-11 07:39:08.000
26582259,Maru,f,2016-11-01 15:58:39.000,2016-11-01 15:58:39.000
26596680,Chiara,f,2017-07-23 21:25:03.000,2017-07-23 21:25:03.000
26618507,Vic,f,2015-05-14 04:27:58.000,2015-05-14 04:27:58.000
26634652,Simon,f,2021-06-02 03:22:42.000,2021-06-02 03:22:42.000
26639405,Han,f,2020-02-11 13:14:44.000,2020-02-11 13:14:44.000
26666426,Danai,f,2016-07-14 05:28:43.000,2016-07-14 05:28:43.000
26669875,Victoria,f,2019-12-19 06:44:41.000,2019-12-19 06:44:41.000
26670019,Dagmar,f,2017-01-28 15:07:18.000,2017-01-28 15:07:18.000
26673919,Ngan,t,2018-05-16 12:11:27.000,2018-05-16 12:11:27.000
26675134,Fadila,f,2015-04-17 05:45:55.000,2015-04-17 05:45:55.000
26684108,Andreas,f,2021-11-06 14:49:39.000,2021-11-06 14:49:39.000
26692001,Elena,f,2021-11-17 19:31:14.000,2021-11-17 19:31:14.000
26698749,Manuela,f,2016-03-05 05:40:29.000,2016-03-05 05:40:29.000
26717851,Amelie,f,2016-03-27 00:34:53.000,2016-03-27 00:34:53.000
26722212,Alexandra,f,2018-12-24 04:40:31.000,2018-12-24 04:40:31.000
26727554,Melina,f,2020-08-19 15:18:51.000,2020-08-19 15:18:51.000
26736799,Daniel,f,2021-11-09 07:00:02.000,2021-11-09 07:00:02.000
26737027,Isabel,f,2021-10-30 09:42:11.000,2021-10-30 09:42:11.000
26745065,Didier,f,2016-02-29 08:44:41.000,2016-02-29 08:44:41.000
26779945,Michael,f,2021-10-22 15:29:02.000,2021-10-22 15:29:02.000
26796559,Tracy,f,2018-01-21 15:51:44.000,2018-01-21 15:51:44.000
26797449,Fedo,f,2019-08-23 03:47:13.000,2019-08-23 03:47:13.000
26813578,Tamara,f,2021-11-19 13:25:07.000,2021-11-19 13:25:07.000
26816987,Christian,f,2018-06-02 10:36:39.000,2018-06-02 10:36:39.000
26833764,Claus-Peter,f,2015-03-24 07:54:45.000,2015-03-24 07:54:45.000
26834655,Luisa,f,2017-08-09 04:47:31.000,2017-08-09 04:47:31.000
26836482,BerlinSurfHostel,t,2015-02-27 08:16:03.000,2015-02-27 08:16:03.000
26837086,Camilla,f,2015-03-19 05:44:42.000,2015-03-19 05:44:42.000
26838123,Haziran,f,2017-04-02 10:43:04.000,2017-04-02 10:43:04.000
26838383,Andre,f,2017-07-18 23:43:04.000,2017-07-18 23:43:04.000
26841384,Irina,f,2018-02-13 14:23:59.000,2018-02-13 14:23:59.000
26844922,Florian,f,2018-11-24 01:21:06.000,2018-11-24 01:21:06.000
26846518,Matthew,t,2019-05-06 19:37:36.000,2019-05-06 19:37:36.000
26848861,Benjamin,f,2019-10-13 01:58:22.000,2019-10-13 01:58:22.000
26869498,Jens,f,2015-09-29 04:50:20.000,2015-09-29 04:50:20.000
26918256,Alexa,f,2015-05-13 11:47:40.000,2015-05-13 11:47:40.000
26939832,Annelies,f,2015-02-22 05:08:25.000,2015-02-22 05:08:25.000
26949525,Ron,f,2016-06-24 09:48:01.000,2016-06-24 09:48:01.000
26950533,Julia,f,2016-08-17 07:20:08.000,2016-08-17 07:20:08.000
26968079,Fabian,f,2017-08-20 11:44:40.000,2017-08-20 11:44:40.000
26995137,Carolin,f,2016-09-15 12:37:35.000,2016-09-15 12:37:35.000
26998103,Louise,f,2017-02-18 08:26:04.000,2017-02-18 08:26:04.000
27000163,Kerstin,f,2021-11-17 22:15:08.000,2021-11-17 22:15:08.000
27031626,Pierre,f,2018-01-28 13:12:12.000,2018-01-28 13:12:12.000
27034033,Teresa,f,2017-06-19 14:16:08.000,2017-06-19 14:16:08.000
27043655,Torben,f,2016-01-29 09:19:00.000,2016-01-29 09:19:00.000
27067659,Danja,f,2015-05-25 22:06:30.000,2015-05-25 22:06:30.000
27069836,ZhuZhu,f,2019-09-07 21:48:47.000,2019-09-07 21:48:47.000
27085846,Inga,f,2015-03-13 11:39:07.000,2015-03-13 11:39:07.000
27118353,Thomas,t,2020-01-19 19:00:16.000,2020-01-19 19:00:16.000
27119624,Alexey,f,2015-02-14 10:26:01.000,2015-02-14 10:26:01.000
27126255,Anna,f,2021-11-16 18:13:19.000,2021-11-16 18:13:19.000
27143685,Leon,f,2017-09-03 11:32:08.000,2017-09-03 11:32:08.000
27148260,Timo,f,2016-08-07 16:30:16.000,2016-08-07 16:30:16.000
27150766,Tomer,f,2021-11-19 17:22:58.000,2021-11-19 17:22:58.000
27155740,Claudio,f,2021-11-13 07:01:51.000,2021-11-13 07:01:51.000
27191347,Thomas,t,2020-08-11 01:21:46.000,2020-08-11 01:21:46.000
27196822,Katarina,f,2019-07-23 23:39:10.000,2019-07-23 23:39:10.000
27197891,Noria,f,2017-11-29 23:24:58.000,2017-11-29 23:24:58.000
27198290,Janwillem,f,2021-10-25 10:15:27.000,2021-10-25 10:15:27.000
27251220,Lasse,f,2019-12-01 10:41:38.000,2019-12-01 10:41:38.000
27256532,Angie,f,2021-08-08 04:30:35.000,2021-08-08 04:30:35.000
27258638,Melissa,f,2020-12-31 17:31:06.000,2020-12-31 17:31:06.000
27258944,Robert,f,2021-08-01 21:21:50.000,2021-08-01 21:21:50.000
27263622,Ina,f,2021-11-06 04:52:49.000,2021-11-06 04:52:49.000
27264649,Chiara,f,2018-07-26 02:45:43.000,2018-07-26 02:45:43.000
27276738,Sophie,f,2016-01-16 17:33:40.000,2016-01-16 17:33:40.000
27278519,Zoe,f,2016-04-17 12:09:16.000,2016-04-17 12:09:16.000
27281836,Candid,f,2021-11-04 21:30:00.000,2021-11-04 21:30:00.000
27301003,Rasmus,f,2018-08-22 08:58:45.000,2018-08-22 08:58:45.000
27301742,Andreas,t,2015-02-17 22:30:05.000,2015-02-17 22:30:05.000
27301879,Blendi,f,2021-10-23 18:59:33.000,2021-10-23 18:59:33.000
27308734,Friederike,f,2021-10-31 23:44:44.000,2021-10-31 23:44:44.000
27317496,Lukas,f,2017-04-06 10:04:36.000,2017-04-06 10:04:36.000
27318209,Ron,f,2021-11-01 23:29:18.000,2021-11-01 23:29:18.000
27326678,Fabian,f,2018-01-15 10:24:36.000,2018-01-15 10:24:36.000
27341594,Albert,t,2015-04-30 07:41:46.000,2015-04-30 07:41:46.000
27344566,Hulan,f,2019-03-02 21:55:31.000,2019-03-02 21:55:31.000
27353364,Valentin,f,2015-02-14 17:38:21.000,2015-02-14 17:38:21.000
27353417,Aurélien,f,2018-01-23 05:16:30.000,2018-01-23 05:16:30.000
27372962,Jule,f,2017-07-31 08:58:05.000,2017-07-31 08:58:05.000
27400960,Julia,f,2021-07-30 21:21:38.000,2021-07-30 21:21:38.000
27405707,Hanna,f,2021-10-26 17:21:37.000,2021-10-26 17:21:37.000
27419345,Miriam,f,2019-03-27 00:45:22.000,2019-03-27 00:45:22.000
27422382,Patrick,f,2021-11-12 17:51:37.000,2021-11-12 17:51:37.000
27453143,Mia,f,2021-11-14 22:34:28.000,2021-11-14 22:34:28.000
27454900,Eleanor,f,2015-09-02 17:52:09.000,2015-09-02 17:52:09.000
27457316,Tatiana,f,2019-11-16 11:15:04.000,2019-11-16 11:15:04.000
27459394,Dagmar,f,2017-02-20 09:14:46.000,2017-02-20 09:14:46.000
27467500,Torsten,f,2016-11-19 20:20:04.000,2016-11-19 20:20:04.000
27477930,Maximilian,f,2016-12-24 15:14:22.000,2016-12-24 15:14:22.000
27480846,Marta,f,2021-11-11 22:05:27.000,2021-11-11 22:05:27.000
27489080,Kerstin,t,2018-08-27 08:12:47.000,2018-08-27 08:12:47.000
27490578,Matthias,f,2021-11-10 01:27:00.000,2021-11-10 01:27:00.000
27493890,Lukas,f,2018-08-01 22:24:39.000,2018-08-01 22:24:39.000
27524079,Joanna Asia,f,2015-04-24 07:42:55.000,2015-04-24 07:42:55.000
27527106,Aliaa,f,2017-11-01 02:54:32.000,2017-11-01 02:54:32.000
27538934,Anni,f,2019-03-04 22:06:30.000,2019-03-04 22:06:30.000
27540824,Eva,f,2021-10-22 15:58:10.000,2021-10-22 15:58:10.000
27546863,Tom,t,2017-04-20 15:50:31.000,2017-04-20 15:50:31.000
27547145,Elisabeth,f,2019-05-25 12:06:08.000,2019-05-25 12:06:08.000
27548892,Sam,f,2017-04-08 02:19:16.000,2017-04-08 02:19:16.000
27570453,Nicola,t,2015-03-21 09:29:14.000,2015-03-21 09:29:14.000
27574436,Malaika,f,2020-08-08 17:55:57.000,2020-08-08 17:55:57.000
27577254,Maren,f,2018-12-26 18:51:10.000,2018-12-26 18:51:10.000
27633298,Jakob,f,2016-08-09 04:09:48.000,2016-08-09 04:09:48.000
27639574,Alice,f,2015-05-04 21:28:55.000,2015-05-04 21:28:55.000
27647535,Sebastian,f,2018-01-01 11:37:56.000,2018-01-01 11:37:56.000
27655277,Helena,f,2016-02-06 23:13:28.000,2016-02-06 23:13:28.000
27658560,Dorina,f,2017-08-31 16:50:42.000,2017-08-31 16:50:42.000
27664532,Colas,f,2020-09-25 10:48:18.000,2020-09-25 10:48:18.000
27675868,Christian,f,2015-03-26 10:27:18.000,2015-03-26 10:27:18.000
27690356,Clément,f,2016-02-09 06:58:56.000,2016-02-09 06:58:56.000
27719238,Alexander,f,2020-08-16 09:32:47.000,2020-08-16 09:32:47.000
27742459,Steven,t,2017-01-05 19:34:53.000,2017-01-05 19:34:53.000
27750519,Maria,f,2015-08-09 05:54:14.000,2015-08-09 05:54:14.000
27765761,Léa,f,2016-03-24 14:14:43.000,2016-03-24 14:14:43.000
27775259,Lara,f,2016-07-17 19:49:54.000,2016-07-17 19:49:54.000
27780589,Oliver,f,2017-12-20 12:37:09.000,2017-12-20 12:37:09.000
27793478,Adriano,f,2015-09-16 02:35:14.000,2015-09-16 02:35:14.000
27819916,Fak,f,2016-12-14 12:06:09.000,2016-12-14 12:06:09.000
27827029,Stephan,f,2017-09-01 00:59:57.000,2017-09-01 00:59:57.000
27828478,Beate,t,2017-02-01 07:34:29.000,2017-02-01 07:34:29.000
27846962,Robert,t,2018-09-18 18:18:30.000,2018-09-18 18:18:30.000
27850941,Catalina,f,2019-12-06 02:39:15.000,2019-12-06 02:39:15.000
27872884,Saskia,f,2021-05-22 19:18:50.000,2021-05-22 19:18:50.000
27875680,Konstantin,f,2021-09-25 01:19:35.000,2021-09-25 01:19:35.000
27882468,Eduard,f,2021-11-04 18:59:39.000,2021-11-04 18:59:39.000
27887965,Frida,f,2018-08-21 01:21:10.000,2018-08-21 01:21:10.000
27890784,Céline,f,2017-12-29 03:15:48.000,2017-12-29 03:15:48.000
27902038,Brigitta,f,2016-09-29 19:26:41.000,2016-09-29 19:26:41.000
27908471,Mischa,f,2017-06-04 07:20:14.000,2017-06-04 07:20:14.000
27952946,Katrin,f,2016-06-24 20:33:35.000,2016-06-24 20:33:35.000
27962053,Tamir,f,2015-07-08 08:35:17.000,2015-07-08 08:35:17.000
27966837,Emma,f,2021-11-09 09:10:41.000,2021-11-09 09:10:41.000
27968442,Martin,f,2019-04-20 17:23:19.000,2019-04-20 17:23:19.000
27972177,Manuel,f,2018-05-01 16:31:16.000,2018-05-01 16:31:16.000
27984931,Carla,f,2021-09-02 08:03:38.000,2021-09-02 08:03:38.000
27992532,Stefan,t,2015-08-29 21:06:26.000,2015-08-29 21:06:26.000
28012192,Nucki,f,2016-08-15 03:22:22.000,2016-08-15 03:22:22.000
28012614,Nicole,f,2016-10-11 08:09:03.000,2016-10-11 08:09:03.000
28035407,Marc,t,2021-03-26 23:45:23.000,2021-03-26 23:45:23.000
28035703,Eva,f,2021-11-05 11:44:54.000,2021-11-05 11:44:54.000
28038656,Achille,f,2016-08-23 02:14:55.000,2016-08-23 02:14:55.000
28044859,Ana,f,2018-08-22 15:44:52.000,2018-08-22 15:44:52.000
28047273,Alice,f,2015-05-15 11:08:38.000,2015-05-15 11:08:38.000
28055255,Ani,t,2018-02-19 19:27:30.000,2018-02-19 19:27:30.000
28066266,Jasemin,f,2021-08-07 16:05:10.000,2021-08-07 16:05:10.000
28074836,Mirco,f,2015-11-28 13:12:39.000,2015-11-28 13:12:39.000
28086536,Sara,f,2016-05-23 23:46:31.000,2016-05-23 23:46:31.000
28108241,Bettina,f,2015-05-18 07:09:29.000,2015-05-18 07:09:29.000
28114748,Martin,f,2016-09-25 15:16:17.000,2016-09-25 15:16:17.000
28132526,Emre,f,2021-08-06 21:24:39.000,2021-08-06 21:24:39.000
28135941,Eugen,f,2017-08-05 00:25:35.000,2017-08-05 00:25:35.000
28149199,Anders,f,2015-03-01 20:36:23.000,2015-03-01 20:36:23.000
28151563,Tamara,t,2015-03-18 11:41:30.000,2015-03-18 11:41:30.000
28166231,Max,f,2019-10-14 21:38:51.000,2019-10-14 21:38:51.000
28183111,Nick,f,2016-09-19 07:23:45.000,2016-09-19 07:23:45.000
28214950,Gabriela,f,2020-01-27 18:19:28.000,2020-01-27 18:19:28.000
28222174,Mairim,f,2021-10-24 23:51:18.000,2021-10-24 23:51:18.000
28232694,Nora,t,2018-05-10 01:47:37.000,2018-05-10 01:47:37.000
28236835,Raquel,f,2018-02-07 12:23:33.000,2018-02-07 12:23:33.000
28242404,Tamás,f,2018-03-01 14:16:23.000,2018-03-01 14:16:23.000
28243691,Emma,t,2019-12-30 13:45:08.000,2019-12-30 13:45:08.000
28248924,Henry,f,2021-11-08 05:12:45.000,2021-11-08 05:12:45.000
28274520,Stef,f,2021-11-18 15:08:20.000,2021-11-18 15:08:20.000
28285870,Justin,f,2021-11-16 10:25:56.000,2021-11-16 10:25:56.000
28287647,Mia,f,2019-09-04 01:52:37.000,2019-09-04 01:52:37.000
28299861,Gülsüm,f,2021-11-12 23:16:35.000,2021-11-12 23:16:35.000
28324222,Jared,f,2021-10-21 06:27:52.000,2021-10-21 06:27:52.000
28324959,Jeannette,f,2021-02-12 07:00:09.000,2021-02-12 07:00:09.000
28333985,Fionnuala,t,2015-12-09 18:56:56.000,2015-12-09 18:56:56.000
28334404,Lisa,f,2017-07-09 16:05:44.000,2017-07-09 16:05:44.000
28342471,Gabby,f,2021-11-06 06:09:45.000,2021-11-06 06:09:45.000
28347554,Florian,f,2019-12-27 15:11:55.000,2019-12-27 15:11:55.000
28348654,Maria,f,2015-03-23 15:09:29.000,2015-03-23 15:09:29.000
28352347,Claudia,f,2015-05-29 00:07:43.000,2015-05-29 00:07:43.000
28393303,Helena,f,2021-07-21 17:27:25.000,2021-07-21 17:27:25.000
28395568,Pascale,f,2015-03-17 18:55:17.000,2015-03-17 18:55:17.000
28400540,Hedi,t,2015-06-11 21:39:30.000,2015-06-11 21:39:30.000
28422060,Nadia,f,2021-11-10 03:58:09.000,2021-11-10 03:58:09.000
28446030,Johanna,f,2021-10-23 22:06:09.000,2021-10-23 22:06:09.000
28456221,Kerstin,f,2016-02-05 18:56:02.000,2016-02-05 18:56:02.000
28466180,Elisa,f,2017-07-18 08:00:28.000,2017-07-18 08:00:28.000
28471019,Mat,f,2016-12-22 08:23:37.000,2016-12-22 08:23:37.000
28489650,Carolin,t,2015-04-01 07:32:13.000,2015-04-01 07:32:13.000
28490863,Joseph,t,2017-04-18 05:16:27.000,2017-04-18 05:16:27.000
28494249,Jill,f,2015-10-22 10:14:35.000,2015-10-22 10:14:35.000
28497746,Celest,f,2015-08-07 21:33:43.000,2015-08-07 21:33:43.000
28508970,Mana,f,2021-08-14 07:42:00.000,2021-08-14 07:42:00.000
28510370,Donald,f,2015-03-29 11:55:10.000,2015-03-29 11:55:10.000
28511583,Ninon,f,2020-02-05 02:56:57.000,2020-02-05 02:56:57.000
28520132,Charlotte,f,2018-10-04 11:14:46.000,2018-10-04 11:14:46.000
28525998,Dario,t,2015-03-09 13:59:29.000,2015-03-09 13:59:29.000
28532168,Dennis,f,2016-02-01 06:53:34.000,2016-02-01 06:53:34.000
28532237,Inga,f,2018-09-20 17:03:26.000,2018-09-20 17:03:26.000
28545678,Rebecca,t,2015-12-29 10:40:38.000,2015-12-29 10:40:38.000
28551270,Luis José,f,2020-12-24 19:56:11.000,2020-12-24 19:56:11.000
28573106,Jess,f,2015-08-03 08:02:23.000,2015-08-03 08:02:23.000
28596736,Angela,f,2017-06-03 02:39:54.000,2017-06-03 02:39:54.000
28603116,Evan,f,2021-11-11 08:32:47.000,2021-11-11 08:32:47.000
28611920,Maria,f,2018-07-19 04:46:39.000,2018-07-19 04:46:39.000
28613168,David,t,2020-10-29 11:16:04.000,2020-10-29 11:16:04.000
28629633,Pola,f,2015-04-10 09:30:40.000,2015-04-10 09:30:40.000
28635186,Constantin,f,2015-03-18 20:13:32.000,2015-03-18 20:13:32.000
28647879,Katharina,f,2015-03-07 08:41:26.000,2015-03-07 08:41:26.000
28668688,Özlem,t,2019-09-13 14:59:45.000,2019-09-13 14:59:45.000
28670160,Lucas,f,2021-10-31 03:43:05.000,2021-10-31 03:43:05.000
28672112,Franziska,f,2021-10-21 15:46:33.000,2021-10-21 15:46:33.000
28691552,Paul,f,2017-08-05 16:15:42.000,2017-08-05 16:15:42.000
28692639,Christoph,f,2019-12-06 22:53:45.000,2019-12-06 22:53:45.000
28696138,Joe,f,2018-09-09 14:32:44.000,2018-09-09 14:32:44.000
28727915,Stefan,f,2021-11-13 07:25:43.000,2021-11-13 07:25:43.000
28736569,Rita,f,2015-06-08 00:03:33.000,2015-06-08 00:03:33.000
28742752,Anna,f,2019-02-01 00:11:35.000,2019-02-01 00:11:35.000
28745911,Nhi,f,2018-09-24 19:32:38.000,2018-09-24 19:32:38.000
28760296,Rosina,t,2015-03-15 22:09:10.000,2015-03-15 22:09:10.000
28760681,Otto,f,2019-12-21 11:55:27.000,2019-12-21 11:55:27.000
28762158,Lydia,f,2021-11-09 05:07:59.000,2021-11-09 05:07:59.000
28769840,Sharna,f,2021-07-25 18:26:43.000,2021-07-25 18:26:43.000
28801423,Jan,f,2021-11-15 00:01:49.000,2021-11-15 00:01:49.000
28802773,Kaya,f,2017-10-13 19:55:46.000,2017-10-13 19:55:46.000
28847496,Kateryna,f,2015-08-20 02:18:49.000,2015-08-20 02:18:49.000
28851531,Romina,f,2019-06-25 02:29:16.000,2019-06-25 02:29:16.000
28853270,Christiane,t,2020-01-26 09:08:39.000,2020-01-26 09:08:39.000
28865453,Lilli,f,2021-10-22 04:03:25.000,2021-10-22 04:03:25.000
28875193,Jakob,f,2017-10-06 01:20:34.000,2017-10-06 01:20:34.000
28899612,Danielle,f,2021-10-25 19:22:48.000,2021-10-25 19:22:48.000
28903988,Tobias,f,2016-06-10 14:21:33.000,2016-06-10 14:21:33.000
28915196,Jingyu,f,2021-10-26 21:29:20.000,2021-10-26 21:29:20.000
28921910,Simon,f,2020-09-06 09:29:30.000,2020-09-06 09:29:30.000
28929364,Pepe,f,2015-07-22 21:27:35.000,2015-07-22 21:27:35.000
28933022,Liza,f,2020-10-06 11:29:18.000,2020-10-06 11:29:18.000
28952998,Wolfgang,f,2015-09-06 19:22:43.000,2015-09-06 19:22:43.000
28968813,Maren,f,2018-09-28 16:05:21.000,2018-09-28 16:05:21.000
28971833,Nathalia,f,2021-10-27 13:50:50.000,2021-10-27 13:50:50.000
28987150,Franz,f,2021-10-24 14:33:11.000,2021-10-24 14:33:11.000
28989293,Felix-Fred,f,2016-07-07 09:08:07.000,2016-07-07 09:08:07.000
28989527,Max,f,2016-08-15 23:47:50.000,2016-08-15 23:47:50.000
29016957,Cäcilie,f,2015-07-22 01:57:12.000,2015-07-22 01:57:12.000
29017632,Daniela,f,2019-10-30 00:09:28.000,2019-10-30 00:09:28.000
29032982,Felix,f,2017-07-07 05:00:32.000,2017-07-07 05:00:32.000
29034210,Sara,f,2017-05-01 17:14:40.000,2017-05-01 17:14:40.000
29034540,Jonas,f,2019-08-25 07:30:24.000,2019-08-25 07:30:24.000
29043347,Keatyn+Joschi,f,2016-08-16 16:42:29.000,2016-08-16 16:42:29.000
29052203,Soli & Hani,t,2018-04-29 20:38:34.000,2018-04-29 20:38:34.000
29054247,Anna,t,2015-11-27 23:30:38.000,2015-11-27 23:30:38.000
29079876,Anne,f,2015-06-02 20:11:57.000,2015-06-02 20:11:57.000
29080198,Annina,f,2015-11-06 02:06:08.000,2015-11-06 02:06:08.000
29083816,Giorgio,f,2021-10-30 14:08:16.000,2021-10-30 14:08:16.000
29088206,Shaltmira,f,2018-09-14 05:46:05.000,2018-09-14 05:46:05.000
29106006,Fer,f,2021-11-07 15:19:06.000,2021-11-07 15:19:06.000
29111884,Oliver,f,2017-08-07 22:04:14.000,2017-08-07 22:04:14.000
29115257,Katja,f,2020-02-16 11:35:42.000,2020-02-16 11:35:42.000
29123294,Andres,f,2015-08-23 07:52:58.000,2015-08-23 07:52:58.000
29148822,Christin,f,2021-07-26 13:32:37.000,2021-07-26 13:32:37.000
29157243,Lisa,f,2018-03-14 10:15:12.000,2018-03-14 10:15:12.000
29164259,Lennard,f,2021-07-04 21:59:01.000,2021-07-04 21:59:01.000
29200741,Sabine,f,2018-12-29 17:41:38.000,2018-12-29 17:41:38.000
29203060,Johanna,f,2015-06-17 22:12:33.000,2015-06-17 22:12:33.000
29203939,Huan,f,2021-11-06 14:14:44.000,2021-11-06 14:14:44.000
29208332,Jannick Pihl,f,2018-01-30 19:21:04.000,2018-01-30 19:21:04.000
29215277,Ciprian,f,2021-03-23 21:41:33.000,2021-03-23 21:41:33.000
29216174,Sophie,f,2021-11-10 22:13:08.000,2021-11-10 22:13:08.000
29218045,Evgenia,f,2018-01-03 15:49:55.000,2018-01-03 15:49:55.000
29226343,Simone,f,2015-04-12 06:34:38.000,2015-04-12 06:34:38.000
29244186,Matias,f,2019-07-08 21:19:07.000,2019-07-08 21:19:07.000
29250888,Caroline,f,2020-09-03 16:03:00.000,2020-09-03 16:03:00.000
29251757,Jana,f,2016-04-21 14:39:37.000,2016-04-21 14:39:37.000
29259719,Nana,f,2017-02-08 01:39:24.000,2017-02-08 01:39:24.000
29261605,Judith,f,2015-07-13 17:53:28.000,2015-07-13 17:53:28.000
29262324,Lj,f,2021-11-01 17:15:31.000,2021-11-01 17:15:31.000
29265517,Tosca,f,2021-10-24 15:56:22.000,2021-10-24 15:56:22.000
29269984,Cornelia,f,2018-09-26 02:31:51.000,2018-09-26 02:31:51.000
29278000,Petra,t,2015-06-27 16:57:22.000,2015-06-27 16:57:22.000
29286601,Bogumił,f,2016-03-20 20:06:23.000,2016-03-20 20:06:23.000
29288011,Julia,f,2018-11-03 08:51:25.000,2018-11-03 08:51:25.000
29294584,Dorothee,f,2019-08-10 01:33:35.000,2019-08-10 01:33:35.000
29304482,Sophia,f,2017-09-28 20:35:42.000,2017-09-28 20:35:42.000
29306010,Robert,f,2016-02-17 21:58:33.000,2016-02-17 21:58:33.000
29314042,Julius,f,2021-11-08 23:17:32.000,2021-11-08 23:17:32.000
29314512,Neus,t,2018-06-29 15:27:21.000,2018-06-29 15:27:21.000
29317557,Jeremiah,f,2017-12-01 12:08:44.000,2017-12-01 12:08:44.000
29333931,G.,f,2017-04-10 15:26:16.000,2017-04-10 15:26:16.000
29336968,Marlene,f,2015-03-20 15:19:51.000,2015-03-20 15:19:51.000
29358018,Daniela,f,2020-07-30 06:49:50.000,2020-07-30 06:49:50.000
29363334,Sven-Bjarne,f,2015-07-02 05:28:55.000,2015-07-02 05:28:55.000
29368634,Alessandra,f,2015-04-25 02:36:53.000,2015-04-25 02:36:53.000
29372361,Judith,f,2019-09-13 04:17:48.000,2019-09-13 04:17:48.000
29385449,Luis,f,2018-12-05 23:55:54.000,2018-12-05 23:55:54.000
29390544,Anna,f,2016-07-22 01:36:06.000,2016-07-22 01:36:06.000
29393380,Stefan,f,2015-04-11 19:06:07.000,2015-04-11 19:06:07.000
29394056,Norman,f,2017-12-21 10:14:22.000,2017-12-21 10:14:22.000
29396410,Kerstin,f,2016-02-20 13:30:57.000,2016-02-20 13:30:57.000
29400319,Kasia,f,2021-11-12 12:38:02.000,2021-11-12 12:38:02.000
29402223,Dejan,f,2018-04-24 17:06:58.000,2018-04-24 17:06:58.000
29435034,Louise,f,2015-10-08 16:26:28.000,2015-10-08 16:26:28.000
29436632,Antonia,f,2018-07-06 15:26:32.000,2018-07-06 15:26:32.000
29447273,Martini,f,2016-08-11 21:20:58.000,2016-08-11 21:20:58.000
29459387,Lisa,f,2015-04-06 15:31:15.000,2015-04-06 15:31:15.000
29461009,Oli,t,2015-05-12 13:19:18.000,2015-05-12 13:19:18.000
29488349,Oliwia,f,2017-08-29 04:08:49.000,2017-08-29 04:08:49.000
29502351,Lisa,f,2015-05-14 08:23:41.000,2015-05-14 08:23:41.000
29507007,Philipp,f,2018-08-20 05:54:33.000,2018-08-20 05:54:33.000
29512829,Nicole,t,2017-05-03 13:50:11.000,2017-05-03 13:50:11.000
29513589,Duncan,f,2015-07-27 06:53:19.000,2015-07-27 06:53:19.000
29515318,Amiram,t,2018-05-31 05:50:12.000,2018-05-31 05:50:12.000
29522573,Sarah,f,2021-10-29 21:22:56.000,2021-10-29 21:22:56.000
29523109,Irmtraud,f,2015-10-24 07:58:28.000,2015-10-24 07:58:28.000
29553328,Marvin,f,2021-11-11 09:16:33.000,2021-11-11 09:16:33.000
29562740,Marie,f,2021-11-04 16:03:47.000,2021-11-04 16:03:47.000
29582189,Alexander,f,2019-05-20 04:40:09.000,2019-05-20 04:40:09.000
29586860,David,f,2015-11-23 05:56:42.000,2015-11-23 05:56:42.000
29608154,Thomas,t,2019-10-21 15:38:46.000,2019-10-21 15:38:46.000
29613261,Jesko,f,2015-07-11 14:54:25.000,2015-07-11 14:54:25.000
29616872,Omkar,f,2016-03-07 08:46:18.000,2016-03-07 08:46:18.000
29618220,Magali,f,2016-03-30 21:30:22.000,2016-03-30 21:30:22.000
29626037,Francesco,f,2017-01-25 11:19:45.000,2017-01-25 11:19:45.000
29630469,Jonas,f,2018-10-19 02:01:54.000,2018-10-19 02:01:54.000
29668439,Christina,t,2019-03-16 23:53:43.000,2019-03-16 23:53:43.000
29728438,Mathilde,f,2021-10-31 08:14:41.000,2021-10-31 08:14:41.000
29730306,Eva,f,2016-03-25 09:24:24.000,2016-03-25 09:24:24.000
29733853,Anna,f,2017-02-13 02:05:22.000,2017-02-13 02:05:22.000
29746785,Sela,f,2021-10-27 07:25:36.000,2021-10-27 07:25:36.000
29759015,Philip,f,2019-02-27 04:57:27.000,2019-02-27 04:57:27.000
29770729,Clau,f,2021-11-10 09:20:20.000,2021-11-10 09:20:20.000
29773670,Mohamed,f,2021-10-30 07:06:14.000,2021-10-30 07:06:14.000
29776171,Natalie,f,2015-10-04 09:32:04.000,2015-10-04 09:32:04.000
29778296,Marcus,f,2018-01-10 20:05:39.000,2018-01-10 20:05:39.000
29778890,Katja,f,2015-03-28 09:02:10.000,2015-03-28 09:02:10.000
29779520,Marco,f,2016-09-23 19:52:02.000,2016-09-23 19:52:02.000
29785703,Sofia,f,2015-05-01 13:33:52.000,2015-05-01 13:33:52.000
29788542,Magdalene,f,2018-12-20 20:53:26.000,2018-12-20 20:53:26.000
29805927,Sinja,f,2020-02-09 02:31:27.000,2020-02-09 02:31:27.000
29810113,Annemarie,f,2015-07-20 10:38:48.000,2015-07-20 10:38:48.000
29811279,Jimmy,f,2018-08-19 18:52:22.000,2018-08-19 18:52:22.000
29813067,Sophie,f,2018-05-15 23:58:34.000,2018-05-15 23:58:34.000
29821011,Michaela,f,2017-09-15 21:56:53.000,2017-09-15 21:56:53.000
29837295,Anna,t,2018-01-10 09:49:18.000,2018-01-10 09:49:18.000
29838378,Norman,f,2021-07-12 23:55:10.000,2021-07-12 23:55:10.000
29838740,Daniela,f,2015-04-17 18:59:28.000,2015-04-17 18:59:28.000
29839792,Katarzyna,f,2016-05-28 18:13:01.000,2016-05-28 18:13:01.000
29849348,Ismail,f,2016-01-01 00:36:55.000,2016-01-01 00:36:55.000
29859856,Daniel,f,2015-05-25 11:02:56.000,2015-05-25 11:02:56.000
29862383,Benedetta,t,2019-02-03 08:55:31.000,2019-02-03 08:55:31.000
29885403,Konstantin,f,2015-03-25 15:05:05.000,2015-03-25 15:05:05.000
29910054,Madlen,f,2021-09-07 02:52:29.000,2021-09-07 02:52:29.000
29936776,Mike,t,2016-06-01 05:07:23.000,2016-06-01 05:07:23.000
29942191,Chris,f,2015-03-13 12:30:25.000,2015-03-13 12:30:25.000
29944135,Dorina,f,2015-06-26 14:39:49.000,2015-06-26 14:39:49.000
29966940,Viola,t,2015-08-24 11:26:33.000,2015-08-24 11:26:33.000
29986714,Fräulein,f,2016-10-10 08:30:23.000,2016-10-10 08:30:23.000
30011180,Olga,t,2018-08-23 08:28:05.000,2018-08-23 08:28:05.000
30027132,Meike,t,2016-04-03 11:25:32.000,2016-04-03 11:25:32.000
30029177,Janik,f,2021-10-26 21:21:52.000,2021-10-26 21:21:52.000
30041873,Liesa Lucia,f,2021-08-12 17:16:48.000,2021-08-12 17:16:48.000
30044367,Daria,f,2017-07-23 16:10:46.000,2017-07-23 16:10:46.000
30047726,Magdalena,f,2021-10-25 03:37:29.000,2021-10-25 03:37:29.000
30088284,Nick,f,2017-06-19 08:59:49.000,2017-06-19 08:59:49.000
30105465,Selma,f,2018-03-06 19:56:32.000,2018-03-06 19:56:32.000
30106645,Gero,f,2021-11-16 00:32:34.000,2021-11-16 00:32:34.000
30107227,Reen,f,2017-11-26 00:10:01.000,2017-11-26 00:10:01.000
30110349,Ksenia,f,2017-12-19 15:11:57.000,2017-12-19 15:11:57.000
30117622,Kath,f,2017-10-26 20:42:24.000,2017-10-26 20:42:24.000
30138914,Claudia,f,2021-11-01 00:59:53.000,2021-11-01 00:59:53.000
30157770,Misbah,t,2018-08-03 12:18:40.000,2018-08-03 12:18:40.000
30193362,Marian,f,2018-12-05 22:42:37.000,2018-12-05 22:42:37.000
30194519,Annett,f,2015-04-18 21:39:47.000,2015-04-18 21:39:47.000
30198172,ToM,t,2018-02-25 08:58:03.000,2018-02-25 08:58:03.000
30198697,Johanna,f,2015-04-01 22:08:39.000,2015-04-01 22:08:39.000
30199257,Richard,f,2021-11-14 08:29:21.000,2021-11-14 08:29:21.000
30200540,Niclas,f,2021-11-08 16:54:03.000,2021-11-08 16:54:03.000
30203050,Monika,f,2021-10-26 07:37:00.000,2021-10-26 07:37:00.000
30204274,Freia,f,2017-04-03 22:26:55.000,2017-04-03 22:26:55.000
30226515,Boris,f,2021-11-08 10:18:42.000,2021-11-08 10:18:42.000
30247001,Niklas,f,2021-10-30 13:05:01.000,2021-10-30 13:05:01.000
30255746,Joyce,f,2019-03-09 01:28:00.000,2019-03-09 01:28:00.000
30266181,Chiara,t,2019-02-10 19:57:16.000,2019-02-10 19:57:16.000
30269303,Dirk,t,2015-03-25 17:32:58.000,2015-03-25 17:32:58.000
30270794,Rolf,t,2019-08-23 05:43:17.000,2019-08-23 05:43:17.000
30296341,Sandra,f,2019-12-31 04:45:24.000,2019-12-31 04:45:24.000
30296395,Adam,f,2017-08-20 01:48:16.000,2017-08-20 01:48:16.000
30298694,La,f,2015-12-22 07:05:13.000,2015-12-22 07:05:13.000
30298984,Anton,f,2021-11-13 10:10:47.000,2021-11-13 10:10:47.000
30303817,Jutsin,f,2015-08-29 23:53:32.000,2015-08-29 23:53:32.000
30334727,Katajun,f,2021-11-02 17:55:28.000,2021-11-02 17:55:28.000
30338608,Maria,f,2021-11-18 17:54:51.000,2021-11-18 17:54:51.000
30347742,Suzu,f,2019-09-11 15:30:27.000,2019-09-11 15:30:27.000
30352134,Sven,f,2015-09-04 17:43:08.000,2015-09-04 17:43:08.000
30358384,M&M Couple,f,2015-04-03 02:00:05.000,2015-04-03 02:00:05.000
30359400,Anna-Lucia,f,2019-04-13 11:05:44.000,2019-04-13 11:05:44.000
30360327,Stefan,f,2016-05-18 15:09:59.000,2016-05-18 15:09:59.000
30396441,Max,f,2019-12-04 18:03:37.000,2019-12-04 18:03:37.000
30399447,Julia,f,2021-11-14 23:47:04.000,2021-11-14 23:47:04.000
30405485,Johannes,f,2017-09-25 04:01:53.000,2017-09-25 04:01:53.000
30409672,Tatjana,f,2020-08-30 21:40:26.000,2020-08-30 21:40:26.000
30455603,Jan-Eric,f,2020-07-05 14:26:56.000,2020-07-05 14:26:56.000
30456351,André,f,2021-11-13 07:42:30.000,2021-11-13 07:42:30.000
30460891,Mahmoud,f,2021-09-12 07:55:30.000,2021-09-12 07:55:30.000
30481095,Ronja,f,2021-10-21 04:06:20.000,2021-10-21 04:06:20.000
30489194,Jan,f,2021-11-10 07:15:24.000,2021-11-10 07:15:24.000
30491159,Dana,f,2021-11-03 05:48:44.000,2021-11-03 05:48:44.000
30513815,,,2021-11-16 00:34:53.000,2021-11-16 00:34:53.000
30515334,Elana,f,2018-07-29 00:27:00.000,2018-07-29 00:27:00.000
30524367,Anna,f,2019-07-18 09:35:08.000,2019-07-18 09:35:08.000
30534891,Dominik,f,2016-01-16 11:42:24.000,2016-01-16 11:42:24.000
30552540,Philipp,t,2015-05-29 15:46:01.000,2015-05-29 15:46:01.000
30581729,Verena,f,2021-09-19 21:57:40.000,2021-09-19 21:57:40.000
30594805,Rainer,f,2018-10-16 02:21:39.000,2018-10-16 02:21:39.000
30641409,Isabelle,f,2017-11-06 14:05:35.000,2017-11-06 14:05:35.000
30656497,Maxim,f,2021-11-14 00:13:07.000,2021-11-14 00:13:07.000
30661887,Toni,f,2017-11-10 11:15:21.000,2017-11-10 11:15:21.000
30683181,Alina,t,2020-09-16 06:53:28.000,2020-09-16 06:53:28.000
30687151,Agnieszka,f,2021-10-24 03:22:23.000,2021-10-24 03:22:23.000
30690323,Visceral,f,2019-11-12 16:58:05.000,2019-11-12 16:58:05.000
30695338,Marie-Luise,f,2021-10-26 19:22:24.000,2021-10-26 19:22:24.000
30701537,Anna,t,2015-04-17 17:57:15.000,2015-04-17 17:57:15.000
30703119,Silke-Christina,f,2021-11-13 22:47:24.000,2021-11-13 22:47:24.000
30707308,Alex,t,2020-05-24 05:04:39.000,2020-05-24 05:04:39.000
30718712,Antonia,f,2019-05-13 01:50:52.000,2019-05-13 01:50:52.000
30721321,Nina,f,2021-06-25 09:32:59.000,2021-06-25 09:32:59.000
30723892,L.,f,2016-10-06 08:04:16.000,2016-10-06 08:04:16.000
30724108,Zain,f,2016-04-29 00:11:48.000,2016-04-29 00:11:48.000
30776990,Christiane,f,2019-05-19 06:15:16.000,2019-05-19 06:15:16.000
30778641,Ahmad,f,2021-11-05 07:28:49.000,2021-11-05 07:28:49.000
30788062,Kim- Tina,f,2020-02-24 14:28:46.000,2020-02-24 14:28:46.000
30796652,Nina,f,2018-05-12 21:26:32.000,2018-05-12 21:26:32.000
30816327,Benedikt,f,2019-12-18 12:28:40.000,2019-12-18 12:28:40.000
30821530,Silvia,f,2021-07-16 18:56:16.000,2021-07-16 18:56:16.000
30821713,Mohinder,f,2015-04-28 02:21:51.000,2015-04-28 02:21:51.000
30826113,Erik,f,2021-10-27 13:18:37.000,2021-10-27 13:18:37.000
30832100,Delphine,f,2015-04-18 17:16:45.000,2015-04-18 17:16:45.000
30834036,Aleksandra,f,2017-07-15 23:39:19.000,2017-07-15 23:39:19.000
30838354,Joa,f,2017-08-27 18:34:34.000,2017-08-27 18:34:34.000
30846948,Nanette,f,2015-08-25 03:41:07.000,2015-08-25 03:41:07.000
30852763,Miriam,f,2015-04-05 04:30:06.000,2015-04-05 04:30:06.000
30864303,Michael,f,2015-08-29 18:04:55.000,2015-08-29 18:04:55.000
30886037,Sarah,f,2021-10-23 05:59:43.000,2021-10-23 05:59:43.000
30888632,Alexandra,f,2015-09-05 21:22:30.000,2015-09-05 21:22:30.000
30895485,Katharina,f,2015-05-04 02:41:25.000,2015-05-04 02:41:25.000
30898708,Anna,f,2018-07-27 22:27:43.000,2018-07-27 22:27:43.000
30919129,Jacob,f,2019-08-10 21:36:35.000,2019-08-10 21:36:35.000
30928824,Huong,f,2021-10-24 03:44:09.000,2021-10-24 03:44:09.000
30928939,Paul,f,2017-04-26 11:28:01.000,2017-04-26 11:28:01.000
30938349,F.R.,f,2016-03-30 16:19:53.000,2016-03-30 16:19:53.000
30951345,Dora,f,2021-06-30 19:43:24.000,2021-06-30 19:43:24.000
30955894,Deniz,f,2018-05-18 12:41:22.000,2018-05-18 12:41:22.000
30957235,Cecile,t,2019-09-02 18:28:38.000,2019-09-02 18:28:38.000
30959085,Vanessa Linda,f,2019-06-09 18:46:54.000,2019-06-09 18:46:54.000
30981168,Natalie,t,2015-06-01 08:59:40.000,2015-06-01 08:59:40.000
31015408,Tonia,t,2016-09-04 11:06:58.000,2016-09-04 11:06:58.000
31019677,Hae-Ok,f,2015-06-13 02:20:11.000,2015-06-13 02:20:11.000
31019964,Till,f,2021-11-02 01:27:32.000,2021-11-02 01:27:32.000
31024641,Lara,t,2019-03-21 01:49:17.000,2019-03-21 01:49:17.000
31024730,Anna,f,2017-07-28 01:23:14.000,2017-07-28 01:23:14.000
31055910,Esther,f,2021-07-15 17:49:48.000,2021-07-15 17:49:48.000
31059920,Laura,f,2019-02-09 07:49:03.000,2019-02-09 07:49:03.000
31062445,Katrin,f,2016-05-01 16:41:52.000,2016-05-01 16:41:52.000
31066617,Susanna,f,2015-05-05 21:24:22.000,2015-05-05 21:24:22.000
31070180,Carolina,f,2017-01-31 16:02:39.000,2017-01-31 16:02:39.000
31073542,Nora&Daniel,f,2015-05-05 09:37:41.000,2015-05-05 09:37:41.000
31085232,Wiebke,t,2015-07-08 18:46:53.000,2015-07-08 18:46:53.000
31109847,Helena,f,2019-05-03 12:05:48.000,2019-05-03 12:05:48.000
31124936,Tomme,f,2021-11-07 17:14:57.000,2021-11-07 17:14:57.000
31125491,Hilde,f,2016-06-29 16:11:31.000,2016-06-29 16:11:31.000
31129103,Jesse (And Johanna),f,2017-02-19 06:13:48.000,2017-02-19 06:13:48.000
31134452,Laureline,f,2015-04-29 12:27:34.000,2015-04-29 12:27:34.000
31136584,Friederike,f,2016-02-09 01:27:57.000,2016-02-09 01:27:57.000
31142790,Thomas,f,2017-05-23 04:03:09.000,2017-05-23 04:03:09.000
31142978,Arthur,t,2017-04-06 10:40:33.000,2017-04-06 10:40:33.000
31153902,Marta,f,2018-09-26 10:05:41.000,2018-09-26 10:05:41.000
31154680,Anna,f,2015-04-21 23:29:55.000,2015-04-21 23:29:55.000
31160061,Laura,f,2018-01-10 16:15:03.000,2018-01-10 16:15:03.000
31164793,Marianne,f,2015-08-23 19:24:47.000,2015-08-23 19:24:47.000
31168705,Ute,f,2015-05-14 02:27:23.000,2015-05-14 02:27:23.000
31189985,Sebastia,f,2015-06-04 16:16:12.000,2015-06-04 16:16:12.000
31190250,Philip,f,2016-03-19 06:19:01.000,2016-03-19 06:19:01.000
31205012,Zoltán,f,2015-08-23 05:04:20.000,2015-08-23 05:04:20.000
31206168,Johanna,f,2021-11-01 01:56:52.000,2021-11-01 01:56:52.000
31208043,Barbara,t,2015-04-25 09:36:52.000,2015-04-25 09:36:52.000
31209187,Christopher,f,2017-03-05 18:57:58.000,2017-03-05 18:57:58.000
31210345,Grit,f,2017-05-18 07:28:36.000,2017-05-18 07:28:36.000
31213186,Guillemette,f,2015-05-30 06:10:32.000,2015-05-30 06:10:32.000
31217613,Ramona,f,2017-07-03 06:36:34.000,2017-07-03 06:36:34.000
31265491,Shirin,f,2019-02-07 10:46:06.000,2019-02-07 10:46:06.000
31266217,Daniel,f,2015-06-01 05:02:23.000,2015-06-01 05:02:23.000
31268003,Voin,f,2018-06-20 12:08:21.000,2018-06-20 12:08:21.000
31274822,Kasja & Olga,f,2017-06-20 06:22:06.000,2017-06-20 06:22:06.000
31281588,Pablo,t,2017-08-13 19:10:42.000,2017-08-13 19:10:42.000
31289490,Franziska,f,2018-01-30 11:20:55.000,2018-01-30 11:20:55.000
31291614,Jerrit,f,2015-06-12 15:34:23.000,2015-06-12 15:34:23.000
31302562,Sascha,f,2017-12-25 11:27:25.000,2017-12-25 11:27:25.000
31315927,Christopher,f,2017-08-19 14:53:41.000,2017-08-19 14:53:41.000
31318613,Felix,f,2021-10-28 07:35:59.000,2021-10-28 07:35:59.000
31319706,Mirco,f,2015-06-18 10:55:16.000,2015-06-18 10:55:16.000
31320073,Dagmar,f,2016-07-04 00:21:12.000,2016-07-04 00:21:12.000
31324424,Elisa,f,2020-06-29 04:55:17.000,2020-06-29 04:55:17.000
31327990,Yanick,f,2020-07-30 23:14:33.000,2020-07-30 23:14:33.000
31350996,Juliana,f,2020-11-25 08:07:53.000,2020-11-25 08:07:53.000
31352375,Ajrisa,f,2016-08-03 23:57:25.000,2016-08-03 23:57:25.000
31387611,Martin,f,2021-11-09 22:01:46.000,2021-11-09 22:01:46.000
31387967,Manya,t,2016-12-30 23:05:40.000,2016-12-30 23:05:40.000
31391167,Göki,f,2018-09-09 12:56:59.000,2018-09-09 12:56:59.000
31407784,Jason,f,2016-03-04 11:18:56.000,2016-03-04 11:18:56.000
31413794,Rudolf,t,2019-04-20 01:21:26.000,2019-04-20 01:21:26.000
31420185,Patrick,f,2019-08-14 01:21:47.000,2019-08-14 01:21:47.000
31427469,Danilo,f,2019-12-26 20:55:42.000,2019-12-26 20:55:42.000
31439379,David,f,2017-11-20 10:30:50.000,2017-11-20 10:30:50.000
31447168,Anja,f,2017-07-21 20:15:40.000,2017-07-21 20:15:40.000
31452730,Mouna,f,2021-11-18 10:33:22.000,2021-11-18 10:33:22.000
31470830,Eric Albert,f,2021-11-07 08:02:03.000,2021-11-07 08:02:03.000
31495845,Sabine,f,2015-07-17 23:04:46.000,2015-07-17 23:04:46.000
31501576,Masaya,f,2021-11-03 18:31:48.000,2021-11-03 18:31:48.000
31519625,Paulina,f,2020-11-09 04:10:32.000,2020-11-09 04:10:32.000
31542672,Yanara,f,2016-03-02 09:28:17.000,2016-03-02 09:28:17.000
31543794,Dennis,f,2017-10-11 20:53:02.000,2017-10-11 20:53:02.000
31575226,Anna Giulia,f,2020-07-07 03:01:30.000,2020-07-07 03:01:30.000
31585629,Benjamin,f,2021-11-06 07:51:34.000,2021-11-06 07:51:34.000
31591181,Melanie,f,2018-07-20 21:50:32.000,2018-07-20 21:50:32.000
31591588,Aimée,f,2019-07-07 18:38:46.000,2019-07-07 18:38:46.000
31606895,Elli,f,2019-11-07 23:59:27.000,2019-11-07 23:59:27.000
31613861,David,f,2021-11-14 10:08:36.000,2021-11-14 10:08:36.000
31632107,Hanna,f,2016-02-17 09:28:35.000,2016-02-17 09:28:35.000
31638338,David & Hélène,f,2017-11-01 13:30:29.000,2017-11-01 13:30:29.000
31638796,Thérèse,f,2016-09-01 16:02:42.000,2016-09-01 16:02:42.000
31639381,Anne,t,2021-06-11 21:16:07.000,2021-06-11 21:16:07.000
31643602,Steven,f,2017-08-12 01:44:22.000,2017-08-12 01:44:22.000
31645335,Anna,f,2021-11-06 12:44:27.000,2021-11-06 12:44:27.000
31647635,Charlotte,f,2021-11-16 11:20:22.000,2021-11-16 11:20:22.000
31647879,Dayza,f,2019-07-01 15:02:49.000,2019-07-01 15:02:49.000
31654163,Johannes,f,2019-03-01 20:32:21.000,2019-03-01 20:32:21.000
31657015,Loretta,f,2016-09-11 06:24:24.000,2016-09-11 06:24:24.000
31659515,Katarina,f,2015-04-30 10:43:44.000,2015-04-30 10:43:44.000
31662110,Frederic,f,2021-11-10 18:50:53.000,2021-11-10 18:50:53.000
31668452,Lisa,f,2021-06-01 15:45:10.000,2021-06-01 15:45:10.000
31669238,Kai,f,2021-11-08 22:19:06.000,2021-11-08 22:19:06.000
31672298,Klaudija,f,2015-07-14 20:32:32.000,2015-07-14 20:32:32.000
31683132,Guillaume,t,2015-04-22 06:37:40.000,2015-04-22 06:37:40.000
31698928,Myszkowski,f,2019-10-05 09:14:30.000,2019-10-05 09:14:30.000
31704760,Gabriel,f,2021-11-11 19:22:46.000,2021-11-11 19:22:46.000
31707416,Marcus,t,2015-08-23 18:13:56.000,2015-08-23 18:13:56.000
31713048,Roberto,f,2021-10-25 20:42:31.000,2021-10-25 20:42:31.000
31724232,Narod,t,2015-07-14 17:45:16.000,2015-07-14 17:45:16.000
31729537,Nessrin,f,2021-11-05 14:38:51.000,2021-11-05 14:38:51.000
31792027,Mario,f,2019-07-11 16:24:10.000,2019-07-11 16:24:10.000
31816723,Anna Magdalena,f,2016-05-27 04:28:15.000,2016-05-27 04:28:15.000
31833654,Tom,f,2016-12-30 22:46:04.000,2016-12-30 22:46:04.000
31841743,Gert,f,2017-08-08 07:47:58.000,2017-08-08 07:47:58.000
31899086,Sapir,f,2018-12-06 11:16:29.000,2018-12-06 11:16:29.000
31950185,Gabriele,t,2017-10-03 06:27:56.000,2017-10-03 06:27:56.000
31961550,Emiliano,f,2021-11-03 10:34:47.000,2021-11-03 10:34:47.000
31961950,Anja,t,2018-04-25 03:08:56.000,2018-04-25 03:08:56.000
31976361,Gina & Georg,f,2018-06-06 01:30:40.000,2018-06-06 01:30:40.000
31980951,Marius,f,2015-05-07 21:44:02.000,2015-05-07 21:44:02.000
32007041,Mahmoud,f,2017-10-13 13:49:35.000,2017-10-13 13:49:35.000
32021063,Stefanie,t,2016-09-02 05:37:09.000,2016-09-02 05:37:09.000
32031098,Uwe,f,2018-03-15 04:26:56.000,2018-03-15 04:26:56.000
32036246,Jan,t,2019-12-20 05:47:17.000,2019-12-20 05:47:17.000
32042442,Hancock,f,2017-08-13 06:08:17.000,2017-08-13 06:08:17.000
32052575,Paola,f,2021-11-19 02:09:13.000,2021-11-19 02:09:13.000
32057232,Marcus,f,2017-09-28 08:42:04.000,2017-09-28 08:42:04.000
32067305,Georg,f,2016-03-26 01:57:12.000,2016-03-26 01:57:12.000
32072532,Inga & Golo,f,2015-07-04 09:05:33.000,2015-07-04 09:05:33.000
32079227,Mahon,f,2016-12-22 22:17:55.000,2016-12-22 22:17:55.000
32096584,Astrid,f,2021-01-13 20:19:31.000,2021-01-13 20:19:31.000
32099674,Maxi,f,2019-02-11 20:57:52.000,2019-02-11 20:57:52.000
32107742,Füchsin,f,2017-07-03 08:40:19.000,2017-07-03 08:40:19.000
32113760,Julia,f,2015-06-09 22:56:26.000,2015-06-09 22:56:26.000
32115967,Tina,f,2021-11-11 18:37:14.000,2021-11-11 18:37:14.000
32131836,César,f,2017-01-09 19:54:42.000,2017-01-09 19:54:42.000
32147333,Emilie,f,2019-04-04 07:52:28.000,2019-04-04 07:52:28.000
32154413,Michael,f,2015-05-09 09:41:56.000,2015-05-09 09:41:56.000
32190123,Tori,f,2017-08-18 03:50:15.000,2017-08-18 03:50:15.000
32190138,Pablo,f,2015-07-30 19:46:18.000,2015-07-30 19:46:18.000
32209777,Timm,f,2015-05-07 23:40:12.000,2015-05-07 23:40:12.000
32211110,Berthold,f,2018-04-24 05:04:24.000,2018-04-24 05:04:24.000
32222299,Andre,t,2015-11-15 01:46:16.000,2015-11-15 01:46:16.000
32245189,Patrick,f,2021-11-05 03:07:16.000,2021-11-05 03:07:16.000
32250470,Nastasia,f,2020-12-17 12:04:21.000,2020-12-17 12:04:21.000
32253741,Brody,f,2019-05-02 12:43:01.000,2019-05-02 12:43:01.000
32259914,Micha,f,2015-07-29 06:05:49.000,2015-07-29 06:05:49.000
32260085,Regina,t,2015-05-12 21:51:55.000,2015-05-12 21:51:55.000
32266593,Josephine,f,2015-04-30 18:43:34.000,2015-04-30 18:43:34.000
32269359,Claude,f,2015-05-31 01:38:58.000,2015-05-31 01:38:58.000
32275664,Albert,f,2017-08-13 19:02:19.000,2017-08-13 19:02:19.000
32278467,Mea,f,2017-04-10 01:55:10.000,2017-04-10 01:55:10.000
32281055,William,f,2017-09-22 23:14:04.000,2017-09-22 23:14:04.000
32327486,Jana,f,2021-11-02 17:39:30.000,2021-11-02 17:39:30.000
32342011,Camilla,f,2018-05-29 18:28:46.000,2018-05-29 18:28:46.000
32374841,Felix,f,2016-01-24 22:08:44.000,2016-01-24 22:08:44.000
32394762,Fabian,f,2021-04-25 10:08:20.000,2021-04-25 10:08:20.000
32399843,Varun,f,2016-07-07 14:02:27.000,2016-07-07 14:02:27.000
32401760,Thomas,f,2015-06-05 19:41:17.000,2015-06-05 19:41:17.000
32408628,Marlene,t,2018-09-14 14:31:02.000,2018-09-14 14:31:02.000
32412080,Elena,f,2015-05-21 01:53:49.000,2015-05-21 01:53:49.000
32438295,Theo,t,2019-12-11 08:28:14.000,2019-12-11 08:28:14.000
32440760,Jana,f,2015-06-27 00:45:04.000,2015-06-27 00:45:04.000
32482556,Anke,t,2015-05-26 11:16:40.000,2015-05-26 11:16:40.000
32503335,Nadine,f,2021-11-14 17:31:40.000,2021-11-14 17:31:40.000
32526116,Giulio,f,2015-08-18 17:51:28.000,2015-08-18 17:51:28.000
32531380,Gregor,f,2021-06-15 19:54:18.000,2021-06-15 19:54:18.000
32555978,David,f,2015-05-10 13:30:01.000,2015-05-10 13:30:01.000
32566727,Gianna,f,2016-10-21 15:30:05.000,2016-10-21 15:30:05.000
32580072,Sandro,f,2021-10-25 13:55:04.000,2021-10-25 13:55:04.000
32597134,Salomon,f,2015-09-16 00:50:46.000,2015-09-16 00:50:46.000
32607161,Franz,f,2015-06-01 10:23:32.000,2015-06-01 10:23:32.000
32616414,Carsten,f,2017-08-28 21:51:20.000,2017-08-28 21:51:20.000
32616638,Daniel,f,2018-08-13 05:27:16.000,2018-08-13 05:27:16.000
32642652,Sunara Magdalena,f,2015-05-08 23:29:07.000,2015-05-08 23:29:07.000
32647433,Frances,f,2015-05-23 03:17:55.000,2015-05-23 03:17:55.000
32660109,Lukas,f,2015-05-05 17:58:21.000,2015-05-05 17:58:21.000
32660188,Larissa,f,2019-11-08 02:16:38.000,2019-11-08 02:16:38.000
32670094,Paul,f,2016-05-19 02:46:43.000,2016-05-19 02:46:43.000
32701941,Felix,f,2015-05-05 04:29:23.000,2015-05-05 04:29:23.000
32729566,Kerem,f,2019-02-03 13:20:21.000,2019-02-03 13:20:21.000
32739161,Lotta,f,2021-10-25 07:55:32.000,2021-10-25 07:55:32.000
32740075,Jeremias,f,2017-10-23 15:13:15.000,2017-10-23 15:13:15.000
32743333,Aylin,f,2020-04-14 08:10:55.000,2020-04-14 08:10:55.000
32743922,Caroline,f,2016-07-24 21:30:08.000,2016-07-24 21:30:08.000
32746075,Sebastian,f,2019-05-12 23:08:30.000,2019-05-12 23:08:30.000
32750290,Yvonne,f,2019-01-10 02:18:21.000,2019-01-10 02:18:21.000
32767221,Andrew,f,2021-09-08 15:16:36.000,2021-09-08 15:16:36.000
32783756,Simon,f,2020-02-01 22:53:54.000,2020-02-01 22:53:54.000
32784244,Christa,t,2019-12-29 06:19:49.000,2019-12-29 06:19:49.000
32805271,Jorge Juan,f,2018-07-24 16:12:45.000,2018-07-24 16:12:45.000
32809462,Greta,f,2015-04-30 10:46:28.000,2015-04-30 10:46:28.000
32827789,Michel,f,2015-05-21 18:13:58.000,2015-05-21 18:13:58.000
32827919,David,f,2020-01-03 23:31:12.000,2020-01-03 23:31:12.000
32838295,Tanja,f,2015-05-28 14:41:16.000,2015-05-28 14:41:16.000
32845166,Alexey,f,2019-09-11 17:16:09.000,2019-09-11 17:16:09.000
32851183,Bernd,f,2021-10-30 22:12:42.000,2021-10-30 22:12:42.000
32854189,Tony,f,2021-10-24 03:42:34.000,2021-10-24 03:42:34.000
32867728,Daniel,f,2019-12-23 13:36:05.000,2019-12-23 13:36:05.000
32884160,Bettina,f,2021-11-08 10:52:22.000,2021-11-08 10:52:22.000
32885241,Benjamin,f,2015-05-29 16:15:06.000,2015-05-29 16:15:06.000
32885341,Suse,f,2021-11-09 20:02:28.000,2021-11-09 20:02:28.000
32888190,Sebastian,f,2019-12-01 01:02:32.000,2019-12-01 01:02:32.000
32893834,Steffen,t,2016-02-29 08:40:44.000,2016-02-29 08:40:44.000
32893855,Aurelia,f,2015-05-16 07:53:48.000,2015-05-16 07:53:48.000
32899971,Laura,f,2017-04-25 20:44:09.000,2017-04-25 20:44:09.000
32900474,Anne-Sophie,f,2021-11-13 23:34:21.000,2021-11-13 23:34:21.000
32901587,Wolfgang,t,2016-10-27 10:17:43.000,2016-10-27 10:17:43.000
32903414,Hannah,f,2016-04-26 16:18:40.000,2016-04-26 16:18:40.000
32905345,Wolf,f,2021-10-25 04:22:26.000,2021-10-25 04:22:26.000
32916140,Dajana,f,2021-11-18 01:58:21.000,2021-11-18 01:58:21.000
32928035,Julian,f,2016-08-22 16:31:01.000,2016-08-22 16:31:01.000
32943498,Claudia,f,2016-04-17 05:58:53.000,2016-04-17 05:58:53.000
32956641,Siebe,t,2016-09-12 19:46:46.000,2016-09-12 19:46:46.000
32959323,Sarah,f,2015-05-11 06:09:21.000,2015-05-11 06:09:21.000
32959626,Joe,f,2017-10-28 17:52:15.000,2017-10-28 17:52:15.000
32976710,Sasha,f,2021-11-04 05:09:42.000,2021-11-04 05:09:42.000
32980061,Luis + Luise,f,2019-01-16 23:48:56.000,2019-01-16 23:48:56.000
33016004,Janine,f,2021-08-26 08:51:04.000,2021-08-26 08:51:04.000
33017673,Rosa,f,2021-08-11 13:58:58.000,2021-08-11 13:58:58.000
33027613,Franziska,f,2018-05-11 14:40:45.000,2018-05-11 14:40:45.000
33028115,Ingrid,t,2015-07-08 06:53:31.000,2015-07-08 06:53:31.000
33041893,Andrea,f,2018-10-17 03:57:36.000,2018-10-17 03:57:36.000
33044344,Ilan,f,2017-10-06 06:38:55.000,2017-10-06 06:38:55.000
33062083,Jonas,f,2017-04-17 03:48:50.000,2017-04-17 03:48:50.000
33081599,Beate,f,2015-08-08 10:20:58.000,2015-08-08 10:20:58.000
33085924,Dominik,f,2017-09-09 00:41:57.000,2017-09-09 00:41:57.000
33094862,Rike,f,2016-12-29 17:19:13.000,2016-12-29 17:19:13.000
33095196,Mads,f,2016-03-02 06:04:39.000,2016-03-02 06:04:39.000
33098728,Florian,f,2017-10-01 13:16:43.000,2017-10-01 13:16:43.000
33104828,Armando,t,2016-12-23 15:35:40.000,2016-12-23 15:35:40.000
33111430,Sören,f,2015-05-14 21:33:48.000,2015-05-14 21:33:48.000
33117159,Keno,f,2021-10-29 06:57:54.000,2021-10-29 06:57:54.000
33126965,Valeria,f,2021-07-02 19:02:05.000,2021-07-02 19:02:05.000
33129900,Jérôme,f,2018-02-23 20:07:30.000,2018-02-23 20:07:30.000
33133305,Miriam,f,2015-09-07 07:22:27.000,2015-09-07 07:22:27.000
33139418,Elizabeth,f,2019-05-23 21:04:17.000,2019-05-23 21:04:17.000
33140698,Taissa,f,2017-08-16 13:00:58.000,2017-08-16 13:00:58.000
33141839,Richard,f,2017-01-08 10:10:23.000,2017-01-08 10:10:23.000
33144827,Johanna,f,2015-06-23 03:35:27.000,2015-06-23 03:35:27.000
33149863,Jaromir,f,2021-11-14 14:35:57.000,2021-11-14 14:35:57.000
33172621,Katja,f,2015-05-26 18:16:30.000,2015-05-26 18:16:30.000
33212040,Stuart,f,2021-11-13 00:38:01.000,2021-11-13 00:38:01.000
33213390,Nicola,f,2021-11-02 05:03:51.000,2021-11-02 05:03:51.000
33216537,Elad,f,2021-08-16 19:42:37.000,2021-08-16 19:42:37.000
33225400,Hanna,f,2015-05-26 00:02:26.000,2015-05-26 00:02:26.000
33226272,Antonia,f,2021-11-10 18:26:54.000,2021-11-10 18:26:54.000
33231224,Ruth,f,2019-04-15 22:20:11.000,2019-04-15 22:20:11.000
33256029,Sammy,f,2016-01-28 21:03:57.000,2016-01-28 21:03:57.000
33259260,Maximilian,f,2017-05-20 06:08:19.000,2017-05-20 06:08:19.000
33263166,Doreen,f,2015-07-27 05:22:58.000,2015-07-27 05:22:58.000
33270660,Carla,f,2016-07-12 23:00:09.000,2016-07-12 23:00:09.000
33276608,Cristina,f,2019-11-24 16:29:00.000,2019-11-24 16:29:00.000
33283840,Felix,f,2015-08-04 22:47:08.000,2015-08-04 22:47:08.000
33333471,Nesrin,f,2021-08-24 10:14:40.000,2021-08-24 10:14:40.000
33336022,Cerstin,f,2018-01-15 18:46:44.000,2018-01-15 18:46:44.000
33337866,Elisa,f,2015-07-17 23:15:56.000,2015-07-17 23:15:56.000
33345569,Sophie,f,2021-10-30 18:05:31.000,2021-10-30 18:05:31.000
33349791,Julius,t,2017-02-15 14:16:07.000,2017-02-15 14:16:07.000
33350475,Dirk,f,2015-07-15 03:21:24.000,2015-07-15 03:21:24.000
33357857,Francesco,f,2015-06-09 13:42:02.000,2015-06-09 13:42:02.000
33369659,Philine,f,2019-07-13 07:32:05.000,2019-07-13 07:32:05.000
33373573,Irene,f,2019-05-14 18:26:41.000,2019-05-14 18:26:41.000
33405965,Ulrike,t,2016-02-12 13:13:33.000,2016-02-12 13:13:33.000
33419967,남명,f,2018-09-19 02:44:20.000,2018-09-19 02:44:20.000
33423679,Nimrod,f,2021-11-11 00:45:04.000,2021-11-11 00:45:04.000
33432331,Daniel,f,2018-08-24 12:42:47.000,2018-08-24 12:42:47.000
33434584,Ramon,f,2021-05-24 21:19:07.000,2021-05-24 21:19:07.000
33474420,Peter,f,2021-10-28 17:10:52.000,2021-10-28 17:10:52.000
33502110,Christine,f,2021-11-06 09:41:39.000,2021-11-06 09:41:39.000
33533958,Douglas,f,2020-02-22 03:44:54.000,2020-02-22 03:44:54.000
33552242,Theresa,f,2021-10-22 23:22:32.000,2021-10-22 23:22:32.000
33553640,Nora,f,2015-05-23 16:50:45.000,2015-05-23 16:50:45.000
33554620,Wolfgang,f,2021-10-31 21:45:12.000,2021-10-31 21:45:12.000
33561973,Jakob-Johannes,f,2020-09-11 23:42:19.000,2020-09-11 23:42:19.000
33563914,Barbara Und Gerrit,f,2021-11-08 10:57:14.000,2021-11-08 10:57:14.000
33566105,Laura & Florian,f,2019-06-27 20:15:33.000,2019-06-27 20:15:33.000
33587771,Lina Yasmin,t,2018-07-28 21:11:33.000,2018-07-28 21:11:33.000
33597005,Diana,f,2020-07-24 03:12:11.000,2020-07-24 03:12:11.000
33645949,Petr,f,2021-07-06 09:44:03.000,2021-07-06 09:44:03.000
33697325,Katharina,f,2019-05-19 13:17:56.000,2019-05-19 13:17:56.000
33708568,Julien,f,2015-06-02 14:24:12.000,2015-06-02 14:24:12.000
33719888,Francesca,f,2015-05-29 08:45:17.000,2015-05-29 08:45:17.000
33748464,Fadi,f,2015-05-16 07:26:30.000,2015-05-16 07:26:30.000
33754861,Ellen,f,2021-11-08 16:31:18.000,2021-11-08 16:31:18.000
33767700,Nora,t,2015-05-18 10:10:37.000,2015-05-18 10:10:37.000
33769583,Katharina,f,2017-08-12 00:06:40.000,2017-08-12 00:06:40.000
33800333,Laura,t,2021-08-07 17:08:06.000,2021-08-07 17:08:06.000
33803398,Claudine,f,2017-06-11 05:27:08.000,2017-06-11 05:27:08.000
33821412,Allan,f,2019-11-22 11:15:25.000,2019-11-22 11:15:25.000
33821824,Alexandra,f,2017-12-16 16:06:32.000,2017-12-16 16:06:32.000
33836949,Musina,f,2017-03-05 10:30:09.000,2017-03-05 10:30:09.000
33849004,Nadja,f,2019-06-07 12:18:29.000,2019-06-07 12:18:29.000
33882407,Ines Anna,f,2021-11-02 18:58:23.000,2021-11-02 18:58:23.000
33889327,Dagmar,f,2015-08-22 16:42:41.000,2015-08-22 16:42:41.000
33909722,Kai,f,2015-06-18 10:22:08.000,2015-06-18 10:22:08.000
33912755,Bettina,f,2018-06-02 22:27:03.000,2018-06-02 22:27:03.000
33913474,Ariane,f,2017-06-21 08:30:01.000,2017-06-21 08:30:01.000
33929884,Delia,f,2018-12-20 18:41:16.000,2018-12-20 18:41:16.000
33965000,Andreas,f,2017-10-03 21:04:00.000,2017-10-03 21:04:00.000
33971648,Britt,f,2021-11-15 02:27:47.000,2021-11-15 02:27:47.000
33973436,Katharina,f,2019-12-04 11:16:41.000,2019-12-04 11:16:41.000
33980261,Anika,f,2015-09-01 09:12:49.000,2015-09-01 09:12:49.000
33984983,Sarah,f,2015-06-09 14:42:20.000,2015-06-09 14:42:20.000
33985864,Sara,f,2017-01-15 04:24:09.000,2017-01-15 04:24:09.000
33994140,Anja,f,2015-07-30 12:46:51.000,2015-07-30 12:46:51.000
33994249,Anne-Katharina,f,2019-08-30 01:49:06.000,2019-08-30 01:49:06.000
34006291,Trajan,f,2021-11-17 18:32:33.000,2021-11-17 18:32:33.000
34042528,Prateek,f,2021-11-13 00:08:22.000,2021-11-13 00:08:22.000
34106903,Kira,f,2018-11-08 00:52:27.000,2018-11-08 00:52:27.000
34110621,Jana,f,2019-10-01 01:54:56.000,2019-10-01 01:54:56.000
34110693,Dina,t,2020-06-21 11:43:00.000,2020-06-21 11:43:00.000
34118101,Tom,f,2017-07-20 09:37:53.000,2017-07-20 09:37:53.000
34123893,Marie,f,2020-02-10 15:20:50.000,2020-02-10 15:20:50.000
34126191,Julia,t,2020-06-27 21:33:52.000,2020-06-27 21:33:52.000
34126795,Linn,t,2019-09-27 07:44:56.000,2019-09-27 07:44:56.000
34177138,Omid,f,2020-03-03 10:52:56.000,2020-03-03 10:52:56.000
34212299,Lucas,f,2017-07-11 23:59:36.000,2017-07-11 23:59:36.000
34212701,Slava,f,2015-06-11 10:33:09.000,2015-06-11 10:33:09.000
34217348,Jakob,f,2018-04-14 01:08:42.000,2018-04-14 01:08:42.000
34220011,Chantal,f,2015-07-18 08:06:51.000,2015-07-18 08:06:51.000
34239959,Susann,f,2016-10-20 03:02:18.000,2016-10-20 03:02:18.000
34257704,Sascha,f,2016-09-10 09:19:38.000,2016-09-10 09:19:38.000
34268809,Katy,f,2016-12-29 12:03:11.000,2016-12-29 12:03:11.000
34299847,David,f,2021-11-17 01:04:49.000,2021-11-17 01:04:49.000
34304853,Tatjana,f,2016-02-02 04:36:54.000,2016-02-02 04:36:54.000
34336191,Yvonne,t,2019-12-28 01:54:57.000,2019-12-28 01:54:57.000
34349999,Arno,t,2015-06-07 07:21:47.000,2015-06-07 07:21:47.000
34350788,Edison,f,2021-08-12 18:40:56.000,2021-08-12 18:40:56.000
34361673,Henrike,f,2016-05-10 04:06:59.000,2016-05-10 04:06:59.000
34383750,Linda,f,2016-02-05 04:00:00.000,2016-02-05 04:00:00.000
34385521,René,f,2017-06-04 18:39:55.000,2017-06-04 18:39:55.000
34416697,Katharina,f,2021-11-04 07:02:34.000,2021-11-04 07:02:34.000
34423444,Lena Marie,f,2021-10-23 09:49:51.000,2021-10-23 09:49:51.000
34430690,Denise,t,2018-11-17 00:45:04.000,2018-11-17 00:45:04.000
34439954,Linus,f,2016-08-22 00:31:12.000,2016-08-22 00:31:12.000
34445269,Estrella,f,2015-12-21 08:16:53.000,2015-12-21 08:16:53.000
34467405,K,f,2017-05-09 01:51:35.000,2017-05-09 01:51:35.000
34467924,Anne,f,2015-07-28 12:46:06.000,2015-07-28 12:46:06.000
34468522,T,f,2018-03-28 16:23:14.000,2018-03-28 16:23:14.000
34492926,Martina,f,2016-03-24 04:41:36.000,2016-03-24 04:41:36.000
34496306,Cyrus,f,2017-08-07 06:17:57.000,2017-08-07 06:17:57.000
34498420,Maria,f,2018-09-03 20:04:09.000,2018-09-03 20:04:09.000
34509021,Dominik,f,2015-05-28 20:54:08.000,2015-05-28 20:54:08.000
34509173,Diana,f,2017-08-05 14:48:56.000,2017-08-05 14:48:56.000
34534523,Marie,f,2015-07-20 09:47:07.000,2015-07-20 09:47:07.000
34537843,Anita,t,2020-01-04 02:57:14.000,2020-01-04 02:57:14.000
34539366,Noemi,f,2021-11-02 16:15:19.000,2021-11-02 16:15:19.000
34539507,Jonas & Esther,f,2021-11-10 22:34:08.000,2021-11-10 22:34:08.000
34544155,Paolo,f,2021-10-25 00:48:28.000,2021-10-25 00:48:28.000
34547100,Ted,f,2015-08-31 07:30:32.000,2015-08-31 07:30:32.000
34555953,Julian,f,2015-11-24 12:24:32.000,2015-11-24 12:24:32.000
34574520,Marie,f,2021-11-02 01:16:46.000,2021-11-02 01:16:46.000
34596621,Michael,f,2016-09-19 18:54:47.000,2016-09-19 18:54:47.000
34631133,Laura,f,2020-10-12 02:50:13.000,2020-10-12 02:50:13.000
34631266,Isabell,f,2015-08-11 16:59:58.000,2015-08-11 16:59:58.000
34631971,Baldur,f,2018-02-16 06:37:13.000,2018-02-16 06:37:13.000
34633661,Charlotte,f,2016-04-22 22:24:35.000,2016-04-22 22:24:35.000
34652185,Alexandra,f,2017-08-07 21:48:43.000,2017-08-07 21:48:43.000
34664359,Julia,f,2019-04-17 00:13:36.000,2019-04-17 00:13:36.000
34685881,Sabine,f,2015-06-09 22:04:01.000,2015-06-09 22:04:01.000
34692810,Eva,f,2021-10-22 02:05:37.000,2021-10-22 02:05:37.000
34708804,Alex,f,2017-03-06 22:53:02.000,2017-03-06 22:53:02.000
34716896,Fabrice,f,2015-06-03 07:27:00.000,2015-06-03 07:27:00.000
34729204,Franziska,f,2015-07-27 23:56:46.000,2015-07-27 23:56:46.000
34733563,Anna,f,2018-07-19 01:26:35.000,2018-07-19 01:26:35.000
34750962,Matthias,f,2017-05-17 21:42:44.000,2017-05-17 21:42:44.000
34754601,Gabriele,f,2017-01-26 10:57:05.000,2017-01-26 10:57:05.000
34755334,Sandra,f,2015-06-10 18:42:28.000,2015-06-10 18:42:28.000
34756082,Alexandra,f,2019-08-20 03:01:59.000,2019-08-20 03:01:59.000
34765706,Ruben,f,2021-11-01 11:31:17.000,2021-11-01 11:31:17.000
34767549,Jennifer,f,2017-07-18 18:21:24.000,2017-07-18 18:21:24.000
34797363,Prem,f,2021-11-14 18:13:04.000,2021-11-14 18:13:04.000
34801484,Daria,f,2018-03-18 06:20:28.000,2018-03-18 06:20:28.000
34808186,Valentine,f,2017-02-27 21:54:22.000,2017-02-27 21:54:22.000
34813483,Pia,f,2021-08-23 05:17:35.000,2021-08-23 05:17:35.000
34814249,Philip Martin,f,2015-06-01 21:09:55.000,2015-06-01 21:09:55.000
34821755,Leif,f,2021-11-15 19:15:44.000,2021-11-15 19:15:44.000
34841205,Agnessa,f,2020-03-01 22:31:20.000,2020-03-01 22:31:20.000
34846299,Sören,t,2015-07-16 22:17:26.000,2015-07-16 22:17:26.000
34851217,Sofia,t,2019-02-15 15:42:54.000,2019-02-15 15:42:54.000
34853878,Barbara,f,2015-07-18 14:54:19.000,2015-07-18 14:54:19.000
34853890,Mehmet,f,2021-10-31 13:30:23.000,2021-10-31 13:30:23.000
34868602,Dimitri,f,2015-07-19 01:00:44.000,2015-07-19 01:00:44.000
34887800,Eva,f,2017-09-21 12:14:03.000,2017-09-21 12:14:03.000
34889624,Uta,f,2018-05-27 12:06:10.000,2018-05-27 12:06:10.000
34890137,Sezai,f,2021-10-23 02:02:16.000,2021-10-23 02:02:16.000
34895928,Lara,f,2015-06-09 08:23:50.000,2015-06-09 08:23:50.000
34897888,Helene,f,2015-06-05 02:15:28.000,2015-06-05 02:15:28.000
34914724,François,f,2015-06-04 13:08:35.000,2015-06-04 13:08:35.000
34921895,Tom,f,2021-10-24 09:08:43.000,2021-10-24 09:08:43.000
34936294,Melissa,f,2015-12-19 14:01:09.000,2015-12-19 14:01:09.000
34970450,Boian,t,2017-03-25 05:42:35.000,2017-03-25 05:42:35.000
34978107,Sascha,f,2021-11-09 22:10:23.000,2021-11-09 22:10:23.000
34979920,Birgit,f,2015-06-03 02:59:27.000,2015-06-03 02:59:27.000
34985661,Julian,f,2015-06-03 13:15:35.000,2015-06-03 13:15:35.000
34996791,Max,f,2018-02-20 06:54:15.000,2018-02-20 06:54:15.000
35017363,Farsad,f,2017-06-04 06:57:51.000,2017-06-04 06:57:51.000
35024779,Claudio Klaus,t,2015-09-26 08:23:56.000,2015-09-26 08:23:56.000
35043038,Oliver,f,2015-08-11 08:47:16.000,2015-08-11 08:47:16.000
35052693,Max,f,2021-10-23 14:09:24.000,2021-10-23 14:09:24.000
35067836,Natascha,f,2021-10-30 00:28:47.000,2021-10-30 00:28:47.000
35084902,Carsten,f,2015-07-26 12:15:50.000,2015-07-26 12:15:50.000
35087981,Liad,f,2018-03-24 16:23:35.000,2018-03-24 16:23:35.000
35088169,Sveaa,f,2018-04-17 09:11:41.000,2018-04-17 09:11:41.000
35091252,Cinzia & Poyraz,f,2015-06-24 09:22:44.000,2015-06-24 09:22:44.000
35119823,Susana,f,2015-06-04 20:01:41.000,2015-06-04 20:01:41.000
35120640,Arata,f,2015-12-03 03:07:00.000,2015-12-03 03:07:00.000
35120985,Ta,f,2021-11-16 13:13:19.000,2021-11-16 13:13:19.000
35121227,Nora,f,2021-11-15 07:40:51.000,2021-11-15 07:40:51.000
35123699,Beke,f,2015-07-17 12:30:10.000,2015-07-17 12:30:10.000
35130445,,,2021-10-30 03:47:05.000,2021-10-30 03:47:05.000
35141127,Angie,f,2020-09-07 14:06:02.000,2020-09-07 14:06:02.000
35143873,Angelika,f,2015-08-07 20:46:43.000,2015-08-07 20:46:43.000
35146426,Clara,f,2021-11-18 19:18:22.000,2021-11-18 19:18:22.000
35208173,Patrick,f,2016-03-31 13:19:25.000,2016-03-31 13:19:25.000
35226259,Franziska,f,2015-11-23 13:50:02.000,2015-11-23 13:50:02.000
35232007,Juditha,f,2021-10-21 03:45:16.000,2021-10-21 03:45:16.000
35272855,Kim,f,2018-07-04 12:42:57.000,2018-07-04 12:42:57.000
35275726,Gaby,t,2017-01-31 16:56:01.000,2017-01-31 16:56:01.000
35278695,Felix,f,2015-08-13 01:51:56.000,2015-08-13 01:51:56.000
35285008,Dieter,f,2017-06-25 10:02:57.000,2017-06-25 10:02:57.000
35306439,Yorgos,t,2019-11-25 09:44:08.000,2019-11-25 09:44:08.000
35310069,Tristan,f,2017-12-31 08:19:23.000,2017-12-31 08:19:23.000
35362254,Oliver,f,2017-05-22 18:16:26.000,2017-05-22 18:16:26.000
35362806,Marcos,f,2016-12-30 10:02:39.000,2016-12-30 10:02:39.000
35366599,Jakob,f,2018-08-04 14:36:17.000,2018-08-04 14:36:17.000
35372661,Iva,f,2016-04-29 07:20:35.000,2016-04-29 07:20:35.000
35373901,Philipp,t,2015-06-21 21:06:19.000,2015-06-21 21:06:19.000
35400575,Venus,f,2015-10-14 03:57:41.000,2015-10-14 03:57:41.000
35401695,Hanna,f,2017-05-26 00:10:39.000,2017-05-26 00:10:39.000
35405346,Kevin,f,2021-07-31 21:59:50.000,2021-07-31 21:59:50.000
35405767,Aris,f,2021-09-27 17:38:59.000,2021-09-27 17:38:59.000
35406956,Andras,f,2019-11-28 07:59:52.000,2019-11-28 07:59:52.000
35413428,Jorge,f,2021-11-08 23:59:39.000,2021-11-08 23:59:39.000
35419248,Johannes,f,2018-01-24 20:42:21.000,2018-01-24 20:42:21.000
35420973,Nicolás,f,2015-10-09 20:28:46.000,2015-10-09 20:28:46.000
35451925,Claudia,f,2019-04-30 08:17:45.000,2019-04-30 08:17:45.000
35452711,Fred,f,2015-08-22 10:53:38.000,2015-08-22 10:53:38.000
35456832,Sebastian,f,2021-08-27 14:12:50.000,2021-08-27 14:12:50.000
35471400,Magdalena,f,2015-07-15 11:10:13.000,2015-07-15 11:10:13.000
35475023,Milan,f,2019-08-07 19:21:19.000,2019-08-07 19:21:19.000
35493372,M,f,2015-06-09 02:09:17.000,2015-06-09 02:09:17.000
35502976,Dagmar Vera Ute,t,2015-12-19 20:41:58.000,2015-12-19 20:41:58.000
35526545,Ricardo,f,2019-08-28 12:03:12.000,2019-08-28 12:03:12.000
35531782,Thao,f,2019-06-04 06:29:28.000,2019-06-04 06:29:28.000
35535728,Anamika,f,2020-11-11 12:07:40.000,2020-11-11 12:07:40.000
35542134,Agata,f,2018-07-30 04:41:11.000,2018-07-30 04:41:11.000
35545094,Jose,f,2016-06-27 05:56:02.000,2016-06-27 05:56:02.000
35545913,Sophie M.,f,2021-11-09 12:17:46.000,2021-11-09 12:17:46.000
35546961,Valeriya,f,2015-09-06 03:25:20.000,2015-09-06 03:25:20.000
35560410,André,f,2017-02-24 12:58:05.000,2017-02-24 12:58:05.000
35561335,Palina,f,2015-07-08 21:09:16.000,2015-07-08 21:09:16.000
35563615,Henrike,f,2020-02-13 05:56:20.000,2020-02-13 05:56:20.000
35574625,Nadine,f,2018-12-31 14:49:14.000,2018-12-31 14:49:14.000
35583987,Christoph,f,2015-06-20 21:52:25.000,2015-06-20 21:52:25.000
35584131,Amndeep,f,2020-07-30 21:31:19.000,2020-07-30 21:31:19.000
35594166,A.G.,f,2017-11-14 10:14:55.000,2017-11-14 10:14:55.000
35612256,Maren,f,2021-10-23 04:55:22.000,2021-10-23 04:55:22.000
35615312,Jesi,f,2016-04-28 05:14:47.000,2016-04-28 05:14:47.000
35615646,Klemens & Masuda,t,2019-02-20 19:45:46.000,2019-02-20 19:45:46.000
35617784,Pauli,f,2017-07-03 17:47:15.000,2017-07-03 17:47:15.000
35619103,Ade,f,2015-09-29 09:15:57.000,2015-09-29 09:15:57.000
35622952,Stefan,f,2017-08-22 00:59:50.000,2017-08-22 00:59:50.000
35630833,Sylvia,f,2021-11-16 07:39:24.000,2021-11-16 07:39:24.000
35637358,Leonard,f,2018-02-01 22:15:33.000,2018-02-01 22:15:33.000
35656106,Marc,f,2021-11-02 10:48:12.000,2021-11-02 10:48:12.000
35744536,Jeremy Björn,f,2019-09-15 16:02:48.000,2019-09-15 16:02:48.000
35755179,Ksenia,f,2019-09-16 05:42:31.000,2019-09-16 05:42:31.000
35756433,Guillaume,f,2021-11-15 00:35:12.000,2021-11-15 00:35:12.000
35760401,Anne,f,2016-04-23 16:15:35.000,2016-04-23 16:15:35.000
35764805,Nina,f,2015-06-15 18:58:05.000,2015-06-15 18:58:05.000
35767561,Nadja,f,2019-10-02 04:45:45.000,2019-10-02 04:45:45.000
35771183,Guillaume,f,2019-11-01 11:31:47.000,2019-11-01 11:31:47.000
35793860,Teresa,f,2018-04-22 20:20:06.000,2018-04-22 20:20:06.000
35801799,Johanna,f,2015-09-16 22:52:29.000,2015-09-16 22:52:29.000
35803617,Mirac,f,2018-10-03 11:16:51.000,2018-10-03 11:16:51.000
35803835,Boris,t,2015-07-05 21:47:08.000,2015-07-05 21:47:08.000
35806623,Sebastian,f,2016-03-29 22:56:04.000,2016-03-29 22:56:04.000
35807107,Claudia,f,2017-01-22 17:04:44.000,2017-01-22 17:04:44.000
35818439,Elle,f,2019-06-08 00:10:31.000,2019-06-08 00:10:31.000
35841570,Fonger,f,2021-10-31 02:48:50.000,2021-10-31 02:48:50.000
35847715,Valentina,f,2021-10-23 12:01:27.000,2021-10-23 12:01:27.000
35848962,Linda,f,2015-06-25 02:39:21.000,2015-06-25 02:39:21.000
35851817,Friederike,f,2021-11-17 23:00:42.000,2021-11-17 23:00:42.000
35877170,Nasco,t,2015-07-01 15:27:49.000,2015-07-01 15:27:49.000
35880089,Khachatur,t,2016-08-09 10:18:20.000,2016-08-09 10:18:20.000
35883283,Ritchie,f,2021-11-02 04:37:21.000,2021-11-02 04:37:21.000
35888793,Donner,f,2015-08-25 11:41:48.000,2015-08-25 11:41:48.000
35890164,Theresa,f,2015-06-17 21:34:56.000,2015-06-17 21:34:56.000
35934532,Kadir,f,2016-10-23 05:23:29.000,2016-10-23 05:23:29.000
35936948,Nadine,f,2015-07-04 13:30:52.000,2015-07-04 13:30:52.000
35947647,Olha,f,2018-02-14 13:36:07.000,2018-02-14 13:36:07.000
35962833,Liliana,f,2016-03-29 04:17:43.000,2016-03-29 04:17:43.000
35976519,Laurence,f,2015-08-15 12:05:26.000,2015-08-15 12:05:26.000
35977889,Mona,f,2021-07-21 19:58:29.000,2021-07-21 19:58:29.000
35984762,Lutz,f,2017-10-24 10:31:00.000,2017-10-24 10:31:00.000
35986852,Judith,f,2015-07-25 10:51:13.000,2015-07-25 10:51:13.000
36013622,Barbara,f,2016-11-25 12:49:46.000,2016-11-25 12:49:46.000
36013814,Martin,t,2016-02-17 08:34:02.000,2016-02-17 08:34:02.000
36018558,John,f,2020-09-22 16:48:49.000,2020-09-22 16:48:49.000
36018750,Oinotna,f,2016-02-09 13:31:51.000,2016-02-09 13:31:51.000
36027840,Mascha,f,2015-06-30 16:45:15.000,2015-06-30 16:45:15.000
36029650,Claude,f,2015-09-02 16:12:49.000,2015-09-02 16:12:49.000
36030445,Christin,f,2015-07-04 15:46:00.000,2015-07-04 15:46:00.000
36031710,Maria-Antonia,f,2016-06-10 16:03:54.000,2016-06-10 16:03:54.000
36034311,Benedikt,f,2020-01-02 01:37:34.000,2020-01-02 01:37:34.000
36104251,Jessika,f,2016-03-12 13:49:19.000,2016-03-12 13:49:19.000
36110684,Karin,t,2018-10-31 11:26:30.000,2018-10-31 11:26:30.000
36113480,Sinah,f,2015-07-15 23:15:56.000,2015-07-15 23:15:56.000
36114120,Jonas,f,2017-02-13 12:23:44.000,2017-02-13 12:23:44.000
36118047,Nicole,f,2015-07-05 00:38:38.000,2015-07-05 00:38:38.000
36147033,Hauke,f,2018-05-16 15:18:50.000,2018-05-16 15:18:50.000
36158287,Anna,f,2021-10-29 06:06:19.000,2021-10-29 06:06:19.000
36184032,Ruslan,f,2016-11-27 15:33:03.000,2016-11-27 15:33:03.000
36227461,Julian,f,2019-09-09 23:26:48.000,2019-09-09 23:26:48.000
36228447,Lilli,f,2021-11-13 20:34:01.000,2021-11-13 20:34:01.000
36258305,Simen,f,2021-11-04 20:30:47.000,2021-11-04 20:30:47.000
36289036,Aleksandra,f,2016-05-30 10:54:58.000,2016-05-30 10:54:58.000
36320161,Lena,f,2015-07-11 01:58:18.000,2015-07-11 01:58:18.000
36323530,Judith,f,2015-07-24 17:23:11.000,2015-07-24 17:23:11.000
36333400,Emre,f,2020-11-24 00:25:01.000,2020-11-24 00:25:01.000
36337433,Rafał,f,2015-07-20 12:37:57.000,2015-07-20 12:37:57.000
36338070,Umberto,f,2015-07-02 09:59:26.000,2015-07-02 09:59:26.000
36345590,Isolde,t,2015-07-09 20:08:04.000,2015-07-09 20:08:04.000
36364923,Ma,f,2021-11-16 07:00:41.000,2021-11-16 07:00:41.000
36365982,Anton,f,2021-11-10 03:28:20.000,2021-11-10 03:28:20.000
36369816,Sofia,f,2015-07-13 16:10:42.000,2015-07-13 16:10:42.000
36372814,Marie,t,2017-04-09 16:27:18.000,2017-04-09 16:27:18.000
36376497,Saber,f,2021-11-14 06:48:34.000,2021-11-14 06:48:34.000
36382515,Mairi-Jane,f,2021-06-03 19:40:56.000,2021-06-03 19:40:56.000
36428210,Mats,f,2017-08-06 03:48:32.000,2017-08-06 03:48:32.000
36429331,Mokka,f,2021-10-26 17:48:25.000,2021-10-26 17:48:25.000
36439690,Dylan,f,2015-08-19 16:29:17.000,2015-08-19 16:29:17.000
36451885,Felix,f,2019-09-03 00:46:13.000,2019-09-03 00:46:13.000
36461891,Ekaterina,f,2016-06-20 05:26:09.000,2016-06-20 05:26:09.000
36470276,Lorenz,f,2021-10-28 11:56:52.000,2021-10-28 11:56:52.000
36474199,Nina,f,2017-06-24 16:35:45.000,2017-06-24 16:35:45.000
36490143,Marie,t,2016-04-09 07:24:25.000,2016-04-09 07:24:25.000
36504972,Richard,f,2018-03-01 08:15:28.000,2018-03-01 08:15:28.000
36506009,Verena,f,2019-08-17 06:01:22.000,2019-08-17 06:01:22.000
36512462,Tilly,f,2015-06-26 17:52:55.000,2015-06-26 17:52:55.000
36514505,Melissa,f,2015-09-08 23:31:28.000,2015-09-08 23:31:28.000
36516684,Anja,f,2020-03-23 14:18:38.000,2020-03-23 14:18:38.000
36517313,Katja,t,2015-08-14 16:00:42.000,2015-08-14 16:00:42.000
36550214,Naja,f,2021-10-26 10:01:48.000,2021-10-26 10:01:48.000
36566721,Giulio,f,2017-07-05 02:07:09.000,2017-07-05 02:07:09.000
36568960,Julia,f,2020-03-06 17:12:11.000,2020-03-06 17:12:11.000
36581242,Maschinka,f,2015-07-21 06:18:10.000,2015-07-21 06:18:10.000
36599515,Anna,f,2020-01-08 04:54:37.000,2020-01-08 04:54:37.000
36606075,Giang,f,2021-11-12 16:17:26.000,2021-11-12 16:17:26.000
36608618,Julia,f,2021-10-27 04:49:33.000,2021-10-27 04:49:33.000
36616346,Katja,f,2017-09-03 23:22:02.000,2017-09-03 23:22:02.000
36624804,Stefan & Sabine,t,2017-10-07 20:39:17.000,2017-10-07 20:39:17.000
36632479,Samuel,f,2021-11-01 06:10:45.000,2021-11-01 06:10:45.000
36634705,Claudia,f,2019-10-23 13:47:23.000,2019-10-23 13:47:23.000
36653792,Caren,f,2017-04-17 07:57:51.000,2017-04-17 07:57:51.000
36656051,Dorina,f,2016-10-28 05:43:42.000,2016-10-28 05:43:42.000
36660651,Betty,f,2021-08-20 20:34:34.000,2021-08-20 20:34:34.000
36664645,Alice,f,2019-07-29 07:53:01.000,2019-07-29 07:53:01.000
36693162,Verena,f,2015-08-28 19:02:12.000,2015-08-28 19:02:12.000
36697653,Jenni Lia,f,2021-11-05 09:58:46.000,2021-11-05 09:58:46.000
36722593,Richard,f,2018-01-27 13:01:55.000,2018-01-27 13:01:55.000
36762019,Andre,t,2015-10-22 23:46:30.000,2015-10-22 23:46:30.000
36775049,Borghildur,f,2021-10-30 23:11:13.000,2021-10-30 23:11:13.000
36775431,Elena,f,2019-10-15 09:23:41.000,2019-10-15 09:23:41.000
36778252,Anna,f,2017-04-06 19:35:47.000,2017-04-06 19:35:47.000
36784064,Mäwia,f,2021-11-16 05:05:59.000,2021-11-16 05:05:59.000
36801825,Christian,f,2015-08-07 00:54:15.000,2015-08-07 00:54:15.000
36805623,Christopher,f,2018-03-27 07:42:55.000,2018-03-27 07:42:55.000
36808312,Patrick,f,2017-02-04 17:30:09.000,2017-02-04 17:30:09.000
36810842,Nacho,f,2021-08-17 04:40:36.000,2021-08-17 04:40:36.000
36845072,Liza Frieda,f,2017-08-20 22:41:53.000,2017-08-20 22:41:53.000
36848898,Joana,f,2015-07-20 00:35:09.000,2015-07-20 00:35:09.000
36874746,Boudy,f,2015-07-13 11:18:58.000,2015-07-13 11:18:58.000
36877718,Judith,f,2021-10-22 09:14:21.000,2021-10-22 09:14:21.000
36892410,Marie,t,2019-09-28 00:16:12.000,2019-09-28 00:16:12.000
36895434,Julia,f,2015-06-28 15:12:40.000,2015-06-28 15:12:40.000
36925537,Janine,f,2018-12-22 04:20:40.000,2018-12-22 04:20:40.000
36939917,Georg,t,2015-07-08 10:56:41.000,2015-07-08 10:56:41.000
36946449,Lola,t,2016-07-05 07:58:24.000,2016-07-05 07:58:24.000
36956627,Selina,f,2017-07-29 08:48:40.000,2017-07-29 08:48:40.000
36961901,Mike,f,2017-01-11 21:11:00.000,2017-01-11 21:11:00.000
36962507,Julia,f,2016-06-13 11:26:41.000,2016-06-13 11:26:41.000
36970194,Isabel,f,2021-08-22 17:14:33.000,2021-08-22 17:14:33.000
36978742,Fabio,f,2016-12-30 07:42:42.000,2016-12-30 07:42:42.000
37011142,Fabio,f,2015-07-02 17:54:06.000,2015-07-02 17:54:06.000
37014482,Ewa,f,2019-05-29 13:45:14.000,2019-05-29 13:45:14.000
37023088,Emir,f,2021-11-04 09:23:05.000,2021-11-04 09:23:05.000
37062270,Maite,f,2015-08-29 13:36:32.000,2015-08-29 13:36:32.000
37070340,Frieder,t,2021-11-17 10:24:34.000,2021-11-17 10:24:34.000
37073520,Sophie,f,2021-07-22 20:50:32.000,2021-07-22 20:50:32.000
37077493,Jens Doris,f,2016-06-08 00:04:00.000,2016-06-08 00:04:00.000
37082372,Phillip,f,2018-08-06 03:24:09.000,2018-08-06 03:24:09.000
37109255,Artem,f,2015-12-19 17:15:41.000,2015-12-19 17:15:41.000
37113083,Hendrik,f,2017-06-08 12:04:13.000,2017-06-08 12:04:13.000
37126067,Dominic,f,2021-10-06 18:26:32.000,2021-10-06 18:26:32.000
37127222,Marie,f,2021-10-29 14:02:13.000,2021-10-29 14:02:13.000
37140426,Hannes,f,2021-11-01 04:33:54.000,2021-11-01 04:33:54.000
37156889,Anna,f,2019-01-13 22:18:49.000,2019-01-13 22:18:49.000
37166880,Gigi,f,2021-10-25 07:34:55.000,2021-10-25 07:34:55.000
37196198,Milica,f,2019-03-09 00:20:38.000,2019-03-09 00:20:38.000
37197450,Nicolas Alejandro,t,2016-03-29 12:31:15.000,2016-03-29 12:31:15.000
37211535,Rachel,f,2021-11-16 13:37:16.000,2021-11-16 13:37:16.000
37217908,Tim,f,2021-10-27 04:59:51.000,2021-10-27 04:59:51.000
37221382,Tommaso,f,2021-09-28 08:46:56.000,2021-09-28 08:46:56.000
37228133,Katja,f,2016-08-09 18:15:56.000,2016-08-09 18:15:56.000
37234861,Floris,f,2015-06-30 17:20:09.000,2015-06-30 17:20:09.000
37252864,Amine,f,2018-09-09 07:33:53.000,2018-09-09 07:33:53.000
37254922,Thomas,f,2021-11-13 14:00:26.000,2021-11-13 14:00:26.000
37256790,Vlasta,f,2021-10-26 15:45:52.000,2021-10-26 15:45:52.000
37266247,Julie,f,2016-05-14 06:56:14.000,2016-05-14 06:56:14.000
37267757,Nikolas,f,2021-11-16 23:15:16.000,2021-11-16 23:15:16.000
37291923,Tim,f,2017-07-12 15:00:21.000,2017-07-12 15:00:21.000
37295091,Eva,f,2020-01-31 17:25:38.000,2020-01-31 17:25:38.000
37302687,Annett,f,2017-03-27 05:49:03.000,2017-03-27 05:49:03.000
37314365,Nehir,f,2019-01-30 20:25:52.000,2019-01-30 20:25:52.000
37333576,Milena,f,2017-08-04 19:31:30.000,2017-08-04 19:31:30.000
37339671,J,f,2020-02-19 18:10:25.000,2020-02-19 18:10:25.000
37351884,Kaddi,f,2017-09-19 15:06:33.000,2017-09-19 15:06:33.000
37363013,Aline,f,2021-10-26 17:18:34.000,2021-10-26 17:18:34.000
37377073,Anna-Lena,f,2021-11-09 01:00:39.000,2021-11-09 01:00:39.000
37385010,Tim,f,2018-11-25 18:28:40.000,2018-11-25 18:28:40.000
37394021,Uli,f,2021-11-11 13:00:11.000,2021-11-11 13:00:11.000
37396730,Pia,f,2015-08-05 19:56:03.000,2015-08-05 19:56:03.000
37396912,Christina,f,2020-08-01 05:29:56.000,2020-08-01 05:29:56.000
37397114,Lisa,f,2018-06-07 10:33:00.000,2018-06-07 10:33:00.000
37413333,Laura,f,2021-11-01 07:59:03.000,2021-11-01 07:59:03.000
37416684,Sarah,f,2019-06-09 09:04:16.000,2019-06-09 09:04:16.000
37420294,Michaela,f,2021-11-03 17:33:41.000,2021-11-03 17:33:41.000
37426991,Dominic,f,2019-04-15 14:38:54.000,2019-04-15 14:38:54.000
37428978,Simone,f,2018-03-08 12:24:57.000,2018-03-08 12:24:57.000
37429313,Fab,f,2018-08-13 13:06:34.000,2018-08-13 13:06:34.000
37463039,Chaghaf,f,2018-11-14 04:58:47.000,2018-11-14 04:58:47.000
37467552,Alice,f,2015-08-18 03:53:48.000,2015-08-18 03:53:48.000
37469950,Isra,f,2015-12-22 06:44:47.000,2015-12-22 06:44:47.000
37473387,Congshan,f,2019-04-16 04:22:20.000,2019-04-16 04:22:20.000
37483592,Smilliana,f,2021-10-27 14:55:59.000,2021-10-27 14:55:59.000
37486288,Thirzie,f,2019-06-10 23:49:21.000,2019-06-10 23:49:21.000
37493694,Anaelle,f,2019-02-28 11:39:00.000,2019-02-28 11:39:00.000
37508117,Stefanie,f,2019-06-28 22:49:11.000,2019-06-28 22:49:11.000
37530408,Phillip,t,2019-04-26 02:42:15.000,2019-04-26 02:42:15.000
37541450,Ela,f,2019-08-06 14:13:01.000,2019-08-06 14:13:01.000
37542344,Carl,f,2021-10-23 13:16:05.000,2021-10-23 13:16:05.000
37549029,Karsten,f,2021-11-13 15:00:25.000,2021-11-13 15:00:25.000
37553259,Lenore,f,2015-07-29 04:35:13.000,2015-07-29 04:35:13.000
37561549,Ecem,f,2019-12-20 21:08:40.000,2019-12-20 21:08:40.000
37577977,Kevin,f,2015-08-04 02:15:28.000,2015-08-04 02:15:28.000
37580772,Sarah & Bongjun,t,2018-04-13 02:37:39.000,2018-04-13 02:37:39.000
37597410,Andrej,f,2015-07-30 23:36:11.000,2015-07-30 23:36:11.000
37597432,Mira,f,2015-09-18 15:02:06.000,2015-09-18 15:02:06.000
37598928,Paola,f,2015-12-29 07:03:04.000,2015-12-29 07:03:04.000
37651432,Lola,f,2021-11-12 05:18:59.000,2021-11-12 05:18:59.000
37651975,David,f,2021-11-12 11:23:06.000,2021-11-12 11:23:06.000
37653325,Florian,f,2015-07-06 18:34:25.000,2015-07-06 18:34:25.000
37661349,Steffi,f,2015-07-09 21:13:43.000,2015-07-09 21:13:43.000
37663921,Bettina,t,2018-01-18 12:55:30.000,2018-01-18 12:55:30.000
37674702,J. Guilherme,f,2016-03-19 01:59:51.000,2016-03-19 01:59:51.000
37675444,Lina,f,2017-09-02 13:18:33.000,2017-09-02 13:18:33.000
37675462,Vincent,f,2018-07-01 23:44:22.000,2018-07-01 23:44:22.000
37679674,Mascha,f,2019-06-28 02:25:49.000,2019-06-28 02:25:49.000
37690852,Jimmy,f,2016-06-23 10:47:43.000,2016-06-23 10:47:43.000
37691529,Roberto,f,2021-10-24 04:01:27.000,2021-10-24 04:01:27.000
37702973,Alicia,f,2021-11-15 07:52:30.000,2021-11-15 07:52:30.000
37715031,Julia,f,2019-05-22 18:40:30.000,2019-05-22 18:40:30.000
37763956,Julie,f,2021-10-25 16:58:38.000,2021-10-25 16:58:38.000
37775485,Sonia,f,2019-08-16 12:20:25.000,2019-08-16 12:20:25.000
37797319,Jo,f,2017-08-27 11:24:39.000,2017-08-27 11:24:39.000
37802104,Johannes,f,2021-11-17 18:42:39.000,2021-11-17 18:42:39.000
37804394,Daniel,t,2015-07-29 00:12:28.000,2015-07-29 00:12:28.000
37806972,Elisabeth,f,2016-05-29 10:13:41.000,2016-05-29 10:13:41.000
37809305,Florian,f,2019-02-04 00:30:45.000,2019-02-04 00:30:45.000
37811933,Daniel,f,2019-08-07 04:01:33.000,2019-08-07 04:01:33.000
37813808,Caleb,f,2018-12-17 06:49:01.000,2018-12-17 06:49:01.000
37818310,Philipp,f,2019-09-26 14:24:26.000,2019-09-26 14:24:26.000
37854349,Natalia,f,2019-09-25 10:30:32.000,2019-09-25 10:30:32.000
37870046,Cira,f,2016-03-23 08:10:56.000,2016-03-23 08:10:56.000
37879737,Franziska,f,2015-07-06 17:55:25.000,2015-07-06 17:55:25.000
37885809,Alex,f,2015-08-24 02:58:09.000,2015-08-24 02:58:09.000
37891200,Lisa,f,2015-09-27 03:28:24.000,2015-09-27 03:28:24.000
37892531,Diane,f,2021-10-24 18:12:41.000,2021-10-24 18:12:41.000
37897095,Svea,f,2015-07-25 01:50:44.000,2015-07-25 01:50:44.000
37902539,Christina,f,2017-06-07 19:30:43.000,2017-06-07 19:30:43.000
37905517,Chari,f,2015-07-11 19:59:49.000,2015-07-11 19:59:49.000
37913791,Annelie,f,2021-10-27 08:19:52.000,2021-10-27 08:19:52.000
37928140,Deborah,f,2019-08-09 16:34:29.000,2019-08-09 16:34:29.000
37934677,Edoardo,f,2018-02-19 06:40:00.000,2018-02-19 06:40:00.000
37935775,Isabella &,f,2015-08-11 10:29:51.000,2015-08-11 10:29:51.000
37945768,宇洁,f,2021-10-28 16:35:33.000,2021-10-28 16:35:33.000
37948978,Natalie,f,2019-12-09 11:29:24.000,2019-12-09 11:29:24.000
37982652,Steven,f,2018-04-08 13:00:39.000,2018-04-08 13:00:39.000
38018312,A.,f,2015-08-07 16:29:28.000,2015-08-07 16:29:28.000
38025703,Ruslan,f,2015-07-14 01:10:04.000,2015-07-14 01:10:04.000
38029953,Cecca,f,2016-03-27 02:57:11.000,2016-03-27 02:57:11.000
38048884,Christian,f,2015-07-26 16:48:23.000,2015-07-26 16:48:23.000
38051196,Jan,f,2015-09-15 04:57:13.000,2015-09-15 04:57:13.000
38068373,Lucas,f,2019-04-23 19:44:29.000,2019-04-23 19:44:29.000
38069894,Natascha,f,2021-08-29 02:30:35.000,2021-08-29 02:30:35.000
38073824,Manuela,f,2016-03-02 02:46:34.000,2016-03-02 02:46:34.000
38074515,Sune,f,2021-11-13 02:40:36.000,2021-11-13 02:40:36.000
38107777,Ula,f,2015-07-31 22:54:14.000,2015-07-31 22:54:14.000
38121663,Susanne,f,2016-07-05 19:42:47.000,2016-07-05 19:42:47.000
38131292,Marieke,f,2015-08-02 12:12:02.000,2015-08-02 12:12:02.000
38143966,Christian,f,2019-07-20 05:35:04.000,2019-07-20 05:35:04.000
38145829,Nico,f,2015-07-30 09:50:12.000,2015-07-30 09:50:12.000
38148105,Andrés,f,2021-11-13 02:30:04.000,2021-11-13 02:30:04.000
38152671,Nana,f,2017-08-02 13:21:31.000,2017-08-02 13:21:31.000
38167543,Mariáh LIZ DE Lima,f,2019-09-25 10:18:48.000,2019-09-25 10:18:48.000
38170846,Ganesha,f,2018-02-17 00:31:58.000,2018-02-17 00:31:58.000
38214738,Paula,f,2017-01-29 08:52:28.000,2017-01-29 08:52:28.000
38218193,Daniel,f,2015-08-03 11:05:47.000,2015-08-03 11:05:47.000
38232245,Viviana,f,2016-11-14 23:38:35.000,2016-11-14 23:38:35.000
38234961,Rosa,f,2018-02-19 18:39:29.000,2018-02-19 18:39:29.000
38239738,Jette,f,2015-08-15 09:56:21.000,2015-08-15 09:56:21.000
38258692,Nicole,f,2016-12-12 18:24:51.000,2016-12-12 18:24:51.000
38265499,Janina,f,2017-03-25 21:33:37.000,2017-03-25 21:33:37.000
38271725,Ardi,f,2021-11-17 08:53:55.000,2021-11-17 08:53:55.000
38278777,Katharina,f,2019-08-11 16:58:08.000,2019-08-11 16:58:08.000
38303257,Piotr,f,2017-08-21 01:17:26.000,2017-08-21 01:17:26.000
38320325,Kai,f,2021-07-10 17:01:39.000,2021-07-10 17:01:39.000
38338692,Christian,t,2017-02-13 04:31:20.000,2017-02-13 04:31:20.000
38341781,Tove,t,2015-08-11 12:02:32.000,2015-08-11 12:02:32.000
38343628,Delia,f,2016-01-28 23:25:54.000,2016-01-28 23:25:54.000
38354990,Victoria,f,2017-07-30 06:35:33.000,2017-07-30 06:35:33.000
38378376,Gregory,f,2021-10-21 02:41:20.000,2021-10-21 02:41:20.000
38380537,Franziska,f,2021-10-27 18:32:56.000,2021-10-27 18:32:56.000
38382948,Vera Henrike,f,2015-08-14 12:35:55.000,2015-08-14 12:35:55.000
38391326,Kristian,f,2017-09-23 15:07:45.000,2017-09-23 15:07:45.000
38392225,Bryan,f,2015-12-24 07:51:56.000,2015-12-24 07:51:56.000
38422482,Jussi,f,2021-10-25 19:21:09.000,2021-10-25 19:21:09.000
38463072,Itamar,t,2021-10-09 21:31:16.000,2021-10-09 21:31:16.000
38463106,Andreas,f,2019-10-18 07:16:04.000,2019-10-18 07:16:04.000
38478673,Seval,f,2021-11-01 03:56:30.000,2021-11-01 03:56:30.000
38483736,Philipp,f,2015-07-30 11:00:35.000,2015-07-30 11:00:35.000
38489353,Maike And Rafael,f,2017-04-26 09:51:19.000,2017-04-26 09:51:19.000
38523573,Thomas,f,2021-11-17 07:24:49.000,2021-11-17 07:24:49.000
38536289,David,f,2017-03-09 20:13:28.000,2017-03-09 20:13:28.000
38540228,Lesleyanne,f,2017-08-27 21:38:50.000,2017-08-27 21:38:50.000
38540571,Ute,f,2015-08-10 02:12:25.000,2015-08-10 02:12:25.000
38543507,Felix,f,2017-08-10 02:18:20.000,2017-08-10 02:18:20.000
38551977,Phil,f,2019-09-13 20:14:36.000,2019-09-13 20:14:36.000
38558083,Hendrik,f,2016-09-14 11:24:00.000,2016-09-14 11:24:00.000
38570456,Olimpia,f,2015-08-18 19:21:43.000,2015-08-18 19:21:43.000
38579385,Antonia,f,2017-07-23 21:14:53.000,2017-07-23 21:14:53.000
38602769,Ines,f,2021-11-12 19:54:53.000,2021-11-12 19:54:53.000
38629217,Johanna,f,2018-02-25 08:52:26.000,2018-02-25 08:52:26.000
38636780,Nicole,f,2021-11-19 15:32:14.000,2021-11-19 15:32:14.000
38643111,Josi,f,2021-11-10 01:46:09.000,2021-11-10 01:46:09.000
38650838,No3 Apartments,f,2016-12-29 00:46:59.000,2016-12-29 00:46:59.000
38653664,Britta,f,2018-06-04 15:40:33.000,2018-06-04 15:40:33.000
38751169,Sebastian,f,2016-03-03 13:29:16.000,2016-03-03 13:29:16.000
38756695,Nya,f,2019-06-09 05:56:42.000,2019-06-09 05:56:42.000
38783099,Franco,t,2018-05-08 17:55:14.000,2018-05-08 17:55:14.000
38783931,Alexander,f,2016-05-30 19:19:44.000,2016-05-30 19:19:44.000
38819457,Susanne,f,2021-11-06 05:05:10.000,2021-11-06 05:05:10.000
38824272,Francesco,f,2021-11-13 11:38:54.000,2021-11-13 11:38:54.000
38824854,Patrick,f,2021-08-23 12:12:24.000,2021-08-23 12:12:24.000
38836499,Alexandru,f,2018-01-18 14:18:52.000,2018-01-18 14:18:52.000
38842061,Delia,f,2015-08-01 00:01:20.000,2015-08-01 00:01:20.000
38862418,Jin,f,2019-04-10 01:53:46.000,2019-04-10 01:53:46.000
38901699,Destina,f,2021-11-17 19:35:18.000,2021-11-17 19:35:18.000
38906678,Frederik,f,2020-08-03 08:20:50.000,2020-08-03 08:20:50.000
38918314,Tivi,f,2019-07-21 18:58:52.000,2019-07-21 18:58:52.000
38925750,Sibylle,f,2021-10-26 10:21:06.000,2021-10-26 10:21:06.000
38936108,Hanna,f,2018-10-10 20:08:42.000,2018-10-10 20:08:42.000
38936151,Aleks,f,2017-04-30 06:03:50.000,2017-04-30 06:03:50.000
38938476,Anh,f,2018-07-18 20:45:31.000,2018-07-18 20:45:31.000
39032040,Marco,f,2021-11-18 03:02:39.000,2021-11-18 03:02:39.000
39034992,Wolf,f,2015-12-28 00:45:39.000,2015-12-28 00:45:39.000
39054776,Pohl,f,2015-12-28 01:09:12.000,2015-12-28 01:09:12.000
39062789,Kevin,f,2019-08-23 17:00:09.000,2019-08-23 17:00:09.000
39069560,Caspar,f,2016-08-28 12:30:50.000,2016-08-28 12:30:50.000
39070418,Vita,f,2015-08-06 04:57:18.000,2015-08-06 04:57:18.000
39102638,Viktoria,f,2021-11-07 21:43:09.000,2021-11-07 21:43:09.000
39102959,Manuela,f,2021-11-19 11:15:21.000,2021-11-19 11:15:21.000
39110287,Lilla,f,2016-08-27 07:02:04.000,2016-08-27 07:02:04.000
39114778,Jeremias,f,2015-07-09 19:50:35.000,2015-07-09 19:50:35.000
39127001,Eva,f,2016-02-10 01:21:09.000,2016-02-10 01:21:09.000
39140886,Eric,f,2017-08-14 14:20:33.000,2017-08-14 14:20:33.000
39152545,Carolin,f,2015-08-26 08:33:56.000,2015-08-26 08:33:56.000
39197622,Angela,f,2019-11-25 06:48:43.000,2019-11-25 06:48:43.000
39203434,Abeer,f,2020-07-18 23:31:10.000,2020-07-18 23:31:10.000
39205147,Jean-Paul,f,2020-08-06 14:56:33.000,2020-08-06 14:56:33.000
39207814,Raoul,f,2019-12-23 13:08:00.000,2019-12-23 13:08:00.000
39213468,Gregor,f,2015-08-10 13:00:13.000,2015-08-10 13:00:13.000
39216851,Elias,f,2015-07-30 23:13:50.000,2015-07-30 23:13:50.000
39219660,Joscha,f,2021-11-11 13:36:30.000,2021-11-11 13:36:30.000
39222511,Florian,t,2015-09-02 16:24:30.000,2015-09-02 16:24:30.000
39224619,Martina,f,2015-08-22 15:05:02.000,2015-08-22 15:05:02.000
39226583,Sebastian,f,2018-08-19 05:20:29.000,2018-08-19 05:20:29.000
39230948,Antoine,t,2015-08-03 10:17:50.000,2015-08-03 10:17:50.000
39234951,Nastasya,t,2018-07-11 13:08:52.000,2018-07-11 13:08:52.000
39248045,Basem,f,2018-12-28 19:32:43.000,2018-12-28 19:32:43.000
39257044,Heval,f,2015-08-26 01:22:00.000,2015-08-26 01:22:00.000
39259413,Oliver,f,2015-08-01 09:43:24.000,2015-08-01 09:43:24.000
39265419,Leo,f,2021-10-23 19:01:12.000,2021-10-23 19:01:12.000
39266210,Johanna,f,2021-10-27 04:17:00.000,2021-10-27 04:17:00.000
39269465,Agnė,f,2015-08-07 12:07:20.000,2015-08-07 12:07:20.000
39311429,Maria,f,2021-11-07 07:06:02.000,2021-11-07 07:06:02.000
39325435,Jeannie,f,2019-08-10 10:09:08.000,2019-08-10 10:09:08.000
39328517,Nicole,f,2015-07-28 16:56:17.000,2015-07-28 16:56:17.000
39329197,Valentin,f,2021-11-01 12:56:45.000,2021-11-01 12:56:45.000
39330756,Anna,f,2021-07-09 06:12:48.000,2021-07-09 06:12:48.000
39332038,Anton,f,2021-11-17 19:41:10.000,2021-11-17 19:41:10.000
39333541,Victor,f,2019-12-30 14:54:46.000,2019-12-30 14:54:46.000
39339046,Anne,f,2015-12-28 13:45:17.000,2015-12-28 13:45:17.000
39346095,Vanessa,f,2021-08-12 05:34:57.000,2021-08-12 05:34:57.000
39346268,Shanice,f,2021-10-28 23:36:31.000,2021-10-28 23:36:31.000
39357802,Nadine,f,2017-09-14 06:47:52.000,2017-09-14 06:47:52.000
39380662,Aneres,f,2019-07-23 06:01:56.000,2019-07-23 06:01:56.000
39405264,Jonas,f,2021-10-27 08:09:21.000,2021-10-27 08:09:21.000
39425553,Steve,f,2018-07-17 12:25:25.000,2018-07-17 12:25:25.000
39435309,Casey,f,2015-07-19 06:57:16.000,2015-07-19 06:57:16.000
39437523,Malina,f,2021-11-05 13:59:55.000,2021-11-05 13:59:55.000
39439951,Moritz,t,2015-09-26 09:18:21.000,2015-09-26 09:18:21.000
39441317,Julian,f,2015-08-03 01:50:29.000,2015-08-03 01:50:29.000
39443802,Aline,f,2018-12-30 08:31:10.000,2018-12-30 08:31:10.000
39450649,Daniel,f,2021-06-24 03:23:40.000,2021-06-24 03:23:40.000
39487504,Billybouki,f,2018-10-11 23:17:24.000,2018-10-11 23:17:24.000
39488064,,,2021-10-23 16:41:38.000,2021-10-23 16:41:38.000
39497595,Alma,f,2018-08-08 17:30:53.000,2018-08-08 17:30:53.000
39503106,Felix Donald,f,2015-08-01 08:00:29.000,2015-08-01 08:00:29.000
39514176,Lapetiteohrmuschel,f,2015-07-30 09:12:46.000,2015-07-30 09:12:46.000
39533665,Eve,f,2017-08-19 02:26:45.000,2017-08-19 02:26:45.000
39537907,Andre,f,2015-12-23 17:06:06.000,2015-12-23 17:06:06.000
39564477,Yunus Efe,f,2018-05-09 03:46:38.000,2018-05-09 03:46:38.000
39571746,Fabienne,f,2021-11-05 09:56:29.000,2021-11-05 09:56:29.000
39573113,Luise,f,2019-09-26 00:43:34.000,2019-09-26 00:43:34.000
39585755,Narcisz,f,2015-07-23 19:10:23.000,2015-07-23 19:10:23.000
39588660,Sandro,f,2017-08-15 13:30:53.000,2017-08-15 13:30:53.000
39596780,Aras,f,2015-08-06 03:53:48.000,2015-08-06 03:53:48.000
39602869,Lilith,f,2015-08-10 18:41:17.000,2015-08-10 18:41:17.000
39618235,Ulf,t,2018-05-03 00:49:12.000,2018-05-03 00:49:12.000
39622000,Anna,f,2021-10-26 08:24:59.000,2021-10-26 08:24:59.000
39628778,Laura,f,2021-08-21 10:43:19.000,2021-08-21 10:43:19.000
39631459,Lola,f,2015-12-30 15:10:46.000,2015-12-30 15:10:46.000
39634813,Uta,f,2021-11-17 09:28:27.000,2021-11-17 09:28:27.000
39671122,Lasse,t,2017-08-22 12:21:32.000,2017-08-22 12:21:32.000
39681803,Dominique,t,2019-08-27 07:51:36.000,2019-08-27 07:51:36.000
39686450,Maik,t,2018-09-18 21:44:55.000,2018-09-18 21:44:55.000
39691268,Christine,f,2017-08-13 03:35:39.000,2017-08-13 03:35:39.000
39692945,Max,f,2016-04-04 15:32:09.000,2016-04-04 15:32:09.000
39693964,Jorge,f,2018-09-05 18:14:55.000,2018-09-05 18:14:55.000
39695109,Daniel,f,2015-08-14 16:54:40.000,2015-08-14 16:54:40.000
39697452,Anastasiya,f,2020-08-01 01:07:54.000,2020-08-01 01:07:54.000
39712556,Franziska,f,2019-06-15 22:47:33.000,2019-06-15 22:47:33.000
39715937,Andreas,f,2021-10-25 01:07:18.000,2021-10-25 01:07:18.000
39716890,Peter,f,2021-11-13 16:22:00.000,2021-11-13 16:22:00.000
39721082,Ceyda,f,2021-10-21 00:42:46.000,2021-10-21 00:42:46.000
39727376,Friederike,f,2019-02-18 02:26:08.000,2019-02-18 02:26:08.000
39740677,Lena,f,2018-09-08 23:08:02.000,2018-09-08 23:08:02.000
39741978,Torsten,f,2021-11-04 09:07:37.000,2021-11-04 09:07:37.000
39742971,Björn,f,2015-08-05 17:57:05.000,2015-08-05 17:57:05.000
39748400,Laura,f,2021-07-24 15:48:25.000,2021-07-24 15:48:25.000
39757713,Antonio,f,2020-07-07 20:23:53.000,2020-07-07 20:23:53.000
39774017,Matija,t,2015-07-22 14:47:28.000,2015-07-22 14:47:28.000
39794081,Ella,f,2021-11-09 10:10:34.000,2021-11-09 10:10:34.000
39795124,Annett,f,2017-04-21 04:11:16.000,2017-04-21 04:11:16.000
39798852,Stefani,f,2018-05-18 17:00:17.000,2018-05-18 17:00:17.000
39801582,Tim,f,2015-09-08 18:01:14.000,2015-09-08 18:01:14.000
39804571,Maxi,f,2019-09-02 18:28:22.000,2019-09-02 18:28:22.000
39813547,Zarah,f,2020-10-23 19:59:45.000,2020-10-23 19:59:45.000
39818305,Carlos,f,2017-02-19 14:39:14.000,2017-02-19 14:39:14.000
39818582,Henrik,f,2021-10-27 16:38:10.000,2021-10-27 16:38:10.000
39820114,Lisa,f,2018-03-26 16:45:04.000,2018-03-26 16:45:04.000
39822125,Ko,f,2017-07-23 22:07:45.000,2017-07-23 22:07:45.000
39825777,Loreen,f,2017-09-06 13:59:16.000,2017-09-06 13:59:16.000
39830360,,,2021-11-18 00:30:22.000,2021-11-18 00:30:22.000
39845442,Alexander,t,2015-08-11 04:37:07.000,2015-08-11 04:37:07.000
39853483,Ralf,f,2015-12-16 14:24:20.000,2015-12-16 14:24:20.000
39854245,Piero,f,2017-08-02 16:12:16.000,2017-08-02 16:12:16.000
39856088,Juliane,f,2019-07-04 01:08:42.000,2019-07-04 01:08:42.000
39895198,Constanze,f,2021-11-18 05:38:50.000,2021-11-18 05:38:50.000
39899418,Larissa,f,2017-06-23 10:37:51.000,2017-06-23 10:37:51.000
39906633,Hagimar,f,2018-09-04 19:16:00.000,2018-09-04 19:16:00.000
39906892,Patricia,f,2015-09-04 10:07:24.000,2015-09-04 10:07:24.000
39907055,Pola,f,2017-01-14 18:14:21.000,2017-01-14 18:14:21.000
39911811,Kristina,f,2017-08-03 05:51:15.000,2017-08-03 05:51:15.000
39924091,Gabriele,f,2021-11-01 20:50:35.000,2021-11-01 20:50:35.000
39924277,Parwana,f,2015-08-16 01:10:39.000,2015-08-16 01:10:39.000
39925692,Alexandra &,t,2015-07-29 14:24:15.000,2015-07-29 14:24:15.000
39931962,Andrea,f,2018-02-14 11:16:07.000,2018-02-14 11:16:07.000
39942125,Alina,f,2021-10-31 15:57:13.000,2021-10-31 15:57:13.000
39956410,Camilla,f,2017-05-01 10:57:45.000,2017-05-01 10:57:45.000
39960409,Fabian,f,2017-08-26 02:41:53.000,2017-08-26 02:41:53.000
39968314,Hannes,f,2021-11-05 13:28:09.000,2021-11-05 13:28:09.000
39981193,Olaf,f,2016-08-12 22:35:05.000,2016-08-12 22:35:05.000
39990815,Max,f,2015-12-29 23:52:00.000,2015-12-29 23:52:00.000
39995139,Don,f,2015-09-19 05:57:20.000,2015-09-19 05:57:20.000
39996875,Mathias,f,2015-09-03 11:04:21.000,2015-09-03 11:04:21.000
39998058,Aouefa,f,2015-08-12 06:47:03.000,2015-08-12 06:47:03.000
39998297,James,f,2020-01-24 13:11:52.000,2020-01-24 13:11:52.000
40001839,Zoltan Paul,f,2016-05-08 21:43:57.000,2016-05-08 21:43:57.000
40017792,Jack,f,2019-07-07 05:12:56.000,2019-07-07 05:12:56.000
40018797,Thomas,f,2015-08-12 04:31:53.000,2015-08-12 04:31:53.000
40020705,Vesna,f,2021-11-04 19:49:01.000,2021-11-04 19:49:01.000
40021867,Güli,f,2016-12-10 20:37:23.000,2016-12-10 20:37:23.000
40024358,Paul,f,2017-06-08 09:40:11.000,2017-06-08 09:40:11.000
40027678,Julia,f,2019-02-27 02:57:37.000,2019-02-27 02:57:37.000
40032745,Johannes + Roxana,f,2015-09-11 12:11:38.000,2015-09-11 12:11:38.000
40039305,Luana,f,2017-07-02 21:05:54.000,2017-07-02 21:05:54.000
40056528,Olga,f,2017-07-22 16:59:46.000,2017-07-22 16:59:46.000
40057741,Susanne,f,2015-09-16 04:32:43.000,2015-09-16 04:32:43.000
40060996,Christoph,f,2016-12-25 07:59:48.000,2016-12-25 07:59:48.000
40068052,Heike,f,2020-07-01 15:43:24.000,2020-07-01 15:43:24.000
40070030,Wanja,f,2021-11-19 13:16:55.000,2021-11-19 13:16:55.000
40074305,Casimir,f,2017-08-19 09:55:12.000,2017-08-19 09:55:12.000
40097900,Clara,f,2021-10-30 01:12:20.000,2021-10-30 01:12:20.000
40100342,Gareo,t,2018-05-05 18:34:42.000,2018-05-05 18:34:42.000
40103500,Viktor,t,2015-08-19 02:47:25.000,2015-08-19 02:47:25.000
40116408,Manoela,f,2015-08-20 04:28:49.000,2015-08-20 04:28:49.000
40120366,H,f,2019-07-27 05:30:07.000,2019-07-27 05:30:07.000
40121503,Alina,f,2015-08-29 02:15:06.000,2015-08-29 02:15:06.000
40124802,Philip,f,2020-08-30 23:39:38.000,2020-08-30 23:39:38.000
40127360,Klara,f,2016-06-01 19:08:26.000,2016-06-01 19:08:26.000
40132891,Patrick,f,2017-09-05 10:10:29.000,2017-09-05 10:10:29.000
40139191,Michel,f,2021-02-15 07:11:29.000,2021-02-15 07:11:29.000
40141747,Jami,f,2015-08-24 21:12:33.000,2015-08-24 21:12:33.000
40144621,Eva,f,2019-12-13 14:17:19.000,2019-12-13 14:17:19.000
40174341,Kilah,f,2015-08-26 06:20:51.000,2015-08-26 06:20:51.000
40176643,Anja,f,2015-08-29 00:03:43.000,2015-08-29 00:03:43.000
40181949,Tobi,f,2015-08-06 02:27:20.000,2015-08-06 02:27:20.000
40186338,Jacopo,f,2017-08-17 21:51:52.000,2017-08-17 21:51:52.000
40186677,Harriet,f,2019-11-26 20:24:04.000,2019-11-26 20:24:04.000
40205655,Camilo,f,2019-05-12 17:35:46.000,2019-05-12 17:35:46.000
40212664,Samuel,f,2015-08-26 16:25:37.000,2015-08-26 16:25:37.000
40255961,Pablo,f,2021-11-08 22:09:32.000,2021-11-08 22:09:32.000
40255982,Amanda,f,2017-05-17 20:00:35.000,2017-05-17 20:00:35.000
40260704,Jana,f,2015-09-09 00:32:41.000,2015-09-09 00:32:41.000
40269671,Miriam,f,2015-08-08 15:30:59.000,2015-08-08 15:30:59.000
40281005,Sabine G.,f,2021-11-17 21:53:45.000,2021-11-17 21:53:45.000
40283566,Sara,f,2015-08-20 14:41:16.000,2015-08-20 14:41:16.000
40292658,Albert,f,2015-08-10 00:29:24.000,2015-08-10 00:29:24.000
40309339,SImon,f,2015-08-04 05:12:47.000,2015-08-04 05:12:47.000
40321159,Thomas,f,2016-08-17 06:34:50.000,2016-08-17 06:34:50.000
40347565,Rob,f,2015-07-30 06:39:46.000,2015-07-30 06:39:46.000
40351180,Pia,f,2021-05-30 07:34:25.000,2021-05-30 07:34:25.000
40355262,Giorgio,f,2021-10-26 09:19:16.000,2021-10-26 09:19:16.000
40356727,Xandra,f,2021-10-30 20:07:08.000,2021-10-30 20:07:08.000
40364833,Eva,f,2016-10-13 18:22:33.000,2016-10-13 18:22:33.000
40392695,Sven,t,2015-10-12 08:00:01.000,2015-10-12 08:00:01.000
40395803,Björn,f,2019-10-24 00:41:26.000,2019-10-24 00:41:26.000
40411587,Florencia,f,2021-11-01 06:47:53.000,2021-11-01 06:47:53.000
40449942,Dan,f,2019-12-26 20:24:28.000,2019-12-26 20:24:28.000
40451869,Markus,t,2019-04-06 01:51:37.000,2019-04-06 01:51:37.000
40461699,Kaya,f,2017-07-06 10:19:37.000,2017-07-06 10:19:37.000
40469920,Sjard,f,2018-06-04 05:45:02.000,2018-06-04 05:45:02.000
40479900,Julien,f,2016-07-18 05:36:29.000,2016-07-18 05:36:29.000
40488839,Lara,f,2017-02-20 13:56:02.000,2017-02-20 13:56:02.000
40494047,Julia & Maria,t,2018-12-20 23:30:59.000,2018-12-20 23:30:59.000
40499192,Jens,f,2015-08-31 21:57:38.000,2015-08-31 21:57:38.000
40502269,Dominic,f,2017-01-27 00:36:43.000,2017-01-27 00:36:43.000
40508122,Alex,f,2017-04-06 20:37:57.000,2017-04-06 20:37:57.000
40513856,An,f,2016-09-17 17:45:49.000,2016-09-17 17:45:49.000
40516760,Joshua,f,2016-12-30 00:10:39.000,2016-12-30 00:10:39.000
40518674,Christian,f,2017-07-23 17:33:38.000,2017-07-23 17:33:38.000
40522109,Laura Sophie,f,2018-11-27 16:41:18.000,2018-11-27 16:41:18.000
40523129,Manuel,f,2015-07-27 01:09:06.000,2015-07-27 01:09:06.000
40531040,Dario,f,2016-03-14 10:25:44.000,2016-03-14 10:25:44.000
40532515,Tobias,f,2015-09-07 12:17:34.000,2015-09-07 12:17:34.000
40534951,Selçuk,t,2019-06-27 05:52:32.000,2019-06-27 05:52:32.000
40557631,Albert,f,2015-08-09 17:19:39.000,2015-08-09 17:19:39.000
40568436,Alexandrina,f,2019-07-29 02:48:58.000,2019-07-29 02:48:58.000
40575106,Lucie,f,2018-04-06 02:27:20.000,2018-04-06 02:27:20.000
40575151,Camille,f,2015-09-29 09:22:06.000,2015-09-29 09:22:06.000
40584731,Lutz,f,2017-05-17 03:04:05.000,2017-05-17 03:04:05.000
40586748,Konstantin,f,2015-09-17 07:25:25.000,2015-09-17 07:25:25.000
40589682,Natalie,f,2019-10-02 10:59:41.000,2019-10-02 10:59:41.000
40595512,Beska,f,2021-08-23 14:53:52.000,2021-08-23 14:53:52.000
40603249,Andreas,f,2018-06-08 16:59:34.000,2018-06-08 16:59:34.000
40626548,Amer,f,2017-07-25 05:20:40.000,2017-07-25 05:20:40.000
40631120,Mohamed,f,2016-07-27 23:44:03.000,2016-07-27 23:44:03.000
40656291,Mariele,f,2021-11-09 01:26:37.000,2021-11-09 01:26:37.000
40656306,Eva,f,2021-08-05 23:08:47.000,2021-08-05 23:08:47.000
40657365,Alexandra,f,2021-11-13 11:14:54.000,2021-11-13 11:14:54.000
40660291,Anh,f,2016-05-08 21:14:05.000,2016-05-08 21:14:05.000
40663692,Bernak,f,2019-09-16 12:06:20.000,2019-09-16 12:06:20.000
40672444,Tobias,f,2015-08-17 18:11:05.000,2015-08-17 18:11:05.000
40677262,Kira,t,2019-01-11 08:17:28.000,2019-01-11 08:17:28.000
40683740,Christin,f,2015-09-07 04:20:03.000,2015-09-07 04:20:03.000
40709854,Siham,f,2016-05-03 11:33:50.000,2016-05-03 11:33:50.000
40717425,Helga,f,2017-08-06 15:22:45.000,2017-08-06 15:22:45.000
40724275,Regina,f,2016-09-14 00:06:00.000,2016-09-14 00:06:00.000
40726115,Quentin,t,2018-12-13 23:39:18.000,2018-12-13 23:39:18.000
40761241,Sabrina,f,2015-08-06 05:52:08.000,2015-08-06 05:52:08.000
40761610,Sebastianos,f,2021-04-18 00:14:43.000,2021-04-18 00:14:43.000
40764363,Helena,f,2016-03-24 17:26:42.000,2016-03-24 17:26:42.000
40770035,Johannes,f,2021-10-26 06:15:38.000,2021-10-26 06:15:38.000
40784796,Faye,f,2015-08-15 04:24:13.000,2015-08-15 04:24:13.000
40797629,Gabriele,f,2015-08-24 17:09:03.000,2015-08-24 17:09:03.000
40805433,Diana,f,2015-08-26 07:47:02.000,2015-08-26 07:47:02.000
40806462,Kerstin,f,2015-07-31 12:52:56.000,2015-07-31 12:52:56.000
40853016,Ina,f,2020-08-26 01:53:52.000,2020-08-26 01:53:52.000
40856127,Charleen,f,2021-11-09 22:24:02.000,2021-11-09 22:24:02.000
40858637,Alexandra,f,2021-11-10 03:39:48.000,2021-11-10 03:39:48.000
40870381,Carolin,f,2016-12-16 16:06:56.000,2016-12-16 16:06:56.000
40871414,Miriam,f,2021-10-28 11:20:32.000,2021-10-28 11:20:32.000
40875766,Ruth,f,2017-07-20 04:18:44.000,2017-07-20 04:18:44.000
40881447,Teresa,f,2016-08-20 22:45:32.000,2016-08-20 22:45:32.000
40887048,Anja & Maria,f,2016-11-02 12:03:28.000,2016-11-02 12:03:28.000
40888163,Bea,f,2019-02-15 15:02:42.000,2019-02-15 15:02:42.000
40917101,Katja,f,2021-11-12 17:23:11.000,2021-11-12 17:23:11.000
40922118,Johanna,f,2016-09-17 15:17:16.000,2016-09-17 15:17:16.000
40926379,Johanna,f,2015-08-20 20:55:36.000,2015-08-20 20:55:36.000
40942794,Beate,f,2015-08-24 01:37:14.000,2015-08-24 01:37:14.000
40947775,Daria,f,2021-10-30 07:07:11.000,2021-10-30 07:07:11.000
40955804,Sama,f,2015-12-27 04:03:34.000,2015-12-27 04:03:34.000
40957972,Andrea,f,2015-10-02 12:41:24.000,2015-10-02 12:41:24.000
40966027,Sonja,f,2016-07-29 14:47:59.000,2016-07-29 14:47:59.000
40983069,Niclas,f,2021-09-11 04:58:44.000,2021-09-11 04:58:44.000
41009856,Franciska,f,2015-08-11 19:38:50.000,2015-08-11 19:38:50.000
41016354,Julian,f,2019-01-26 07:32:20.000,2019-01-26 07:32:20.000
41029683,Julanda,f,2017-03-10 05:35:41.000,2017-03-10 05:35:41.000
41030609,Clara,f,2015-08-12 05:47:38.000,2015-08-12 05:47:38.000
41053818,Blk,f,2021-11-18 14:54:35.000,2021-11-18 14:54:35.000
41056012,Felix,f,2015-09-17 18:07:13.000,2015-09-17 18:07:13.000
41063068,Hannes,f,2015-09-01 14:01:01.000,2015-09-01 14:01:01.000
41071584,Mischo,f,2020-08-11 04:21:19.000,2020-08-11 04:21:19.000
41075376,Lisa-Marie,f,2017-04-06 20:31:31.000,2017-04-06 20:31:31.000
41077105,Gitta,t,2017-04-26 23:52:59.000,2017-04-26 23:52:59.000
41077554,Cédric,f,2016-01-23 19:17:59.000,2016-01-23 19:17:59.000
41083910,Alex,t,2016-06-17 11:24:31.000,2016-06-17 11:24:31.000
41088899,Iris,f,2015-09-25 09:22:43.000,2015-09-25 09:22:43.000
41093498,Garrelt,t,2020-01-25 16:23:45.000,2020-01-25 16:23:45.000
41105727,Colin,f,2021-08-18 19:24:47.000,2021-08-18 19:24:47.000
41117572,Coco,f,2015-08-15 08:28:49.000,2015-08-15 08:28:49.000
41119131,Robert,t,2016-06-12 10:50:54.000,2016-06-12 10:50:54.000
41120852,Lisa And Ahmed,f,2019-09-17 17:03:11.000,2019-09-17 17:03:11.000
41123257,Charlotte,f,2016-01-27 18:41:36.000,2016-01-27 18:41:36.000
41125067,Sylvia,f,2018-12-28 03:21:31.000,2018-12-28 03:21:31.000
41128294,Helene,f,2021-10-31 02:48:03.000,2021-10-31 02:48:03.000
41144216,Lorenza,f,2019-11-30 01:34:34.000,2019-11-30 01:34:34.000
41144716,Mariya,t,2017-05-19 18:59:41.000,2017-05-19 18:59:41.000
41153328,Carla,f,2018-07-29 15:36:17.000,2018-07-29 15:36:17.000
41158467,Franziska,f,2015-09-10 20:37:33.000,2015-09-10 20:37:33.000
41170062,Ilja,f,2015-08-13 15:21:20.000,2015-08-13 15:21:20.000
41171820,Britta,f,2021-04-22 05:16:31.000,2021-04-22 05:16:31.000
41177374,Media,t,2019-04-21 08:40:34.000,2019-04-21 08:40:34.000
41194865,Denise,f,2019-11-19 00:53:55.000,2019-11-19 00:53:55.000
41199304,Berit,f,2021-11-19 11:21:50.000,2021-11-19 11:21:50.000
41233712,Juliette,f,2021-10-26 03:18:08.000,2021-10-26 03:18:08.000
41233792,Laura,f,2017-08-11 13:28:40.000,2017-08-11 13:28:40.000
41238410,Sydney,f,2017-07-24 23:05:24.000,2017-07-24 23:05:24.000
41240080,Caroline,f,2015-08-31 06:44:46.000,2015-08-31 06:44:46.000
41243527,Maria,f,2018-06-19 20:08:48.000,2018-06-19 20:08:48.000
41250002,Ulrike,f,2021-11-14 10:13:48.000,2021-11-14 10:13:48.000
41259734,Florence,f,2016-11-16 20:26:37.000,2016-11-16 20:26:37.000
41261503,Baerbel,f,2015-09-10 14:22:25.000,2015-09-10 14:22:25.000
41264080,Friedrich,f,2017-05-31 23:15:10.000,2017-05-31 23:15:10.000
41285506,Susanne,f,2017-07-08 10:46:45.000,2017-07-08 10:46:45.000
41286554,Luise,f,2015-09-18 21:45:13.000,2015-09-18 21:45:13.000
41288219,Katharina,f,2016-02-12 17:45:56.000,2016-02-12 17:45:56.000
41295048,Josef,t,2015-09-01 11:50:20.000,2015-09-01 11:50:20.000
41296382,Federico,f,2021-11-18 22:42:35.000,2021-11-18 22:42:35.000
41298886,Dominik,f,2015-08-27 11:13:50.000,2015-08-27 11:13:50.000
41337194,Christine,f,2016-08-28 06:26:40.000,2016-08-28 06:26:40.000
41348192,Johannes,f,2018-05-30 10:14:30.000,2018-05-30 10:14:30.000
41356834,Nina,f,2021-11-11 13:57:42.000,2021-11-11 13:57:42.000
41360991,Bernd,t,2015-08-15 17:21:14.000,2015-08-15 17:21:14.000
41363537,Dani,f,2017-02-19 10:51:26.000,2017-02-19 10:51:26.000
41369494,Vanessa,f,2021-11-07 21:28:32.000,2021-11-07 21:28:32.000
41379158,Andrea,f,2017-09-24 03:12:48.000,2017-09-24 03:12:48.000
41398115,Franziska,f,2015-09-17 05:54:45.000,2015-09-17 05:54:45.000
41432446,Michaela,t,2017-12-23 18:17:53.000,2017-12-23 18:17:53.000
41439625,Benjamin,f,2017-08-03 17:55:01.000,2017-08-03 17:55:01.000
41441779,Felîx,f,2021-07-07 11:28:37.000,2021-07-07 11:28:37.000
41442735,Lukas,f,2021-11-04 11:15:42.000,2021-11-04 11:15:42.000
41443544,Hans,f,2016-06-16 13:15:14.000,2016-06-16 13:15:14.000
41446909,Kaarel,f,2019-07-15 23:48:53.000,2019-07-15 23:48:53.000
41469808,Markus,f,2015-09-12 16:05:06.000,2015-09-12 16:05:06.000
41471832,Franz,f,2015-08-11 00:03:42.000,2015-08-11 00:03:42.000
41472652,Asiya,f,2021-11-17 18:40:51.000,2021-11-17 18:40:51.000
41516940,Jonna,f,2015-09-17 05:00:25.000,2015-09-17 05:00:25.000
41524088,Luna,f,2021-11-05 19:02:13.000,2021-11-05 19:02:13.000
41528195,Niklas,f,2018-03-08 08:41:25.000,2018-03-08 08:41:25.000
41529545,Michaela,f,2021-06-28 09:31:02.000,2021-06-28 09:31:02.000
41552976,Jonathan,f,2015-08-20 23:53:09.000,2015-08-20 23:53:09.000
41559199,Stefano,f,2017-04-08 18:03:20.000,2017-04-08 18:03:20.000
41569616,David R.,f,2015-09-25 05:45:26.000,2015-09-25 05:45:26.000
41571358,Anne Y Juan,f,2018-11-02 21:39:07.000,2018-11-02 21:39:07.000
41572417,Martin,f,2017-03-25 16:18:49.000,2017-03-25 16:18:49.000
41599772,Zito,t,2015-08-24 18:01:57.000,2015-08-24 18:01:57.000
41601764,Philip,f,2021-10-27 06:10:28.000,2021-10-27 06:10:28.000
41602451,Anabell,f,2018-02-06 18:15:24.000,2018-02-06 18:15:24.000
41613056,Alexander,f,2021-11-03 19:43:54.000,2021-11-03 19:43:54.000
41628025,Kasia,f,2017-12-21 10:41:05.000,2017-12-21 10:41:05.000
41632895,Yasemin,f,2019-02-10 10:05:44.000,2019-02-10 10:05:44.000
41642408,Alexander,f,2021-10-27 00:38:34.000,2021-10-27 00:38:34.000
41644608,Johannes,f,2016-09-02 03:58:57.000,2016-09-02 03:58:57.000
41686927,Derya,f,2021-11-11 10:02:29.000,2021-11-11 10:02:29.000
41687573,Alex,f,2021-10-24 23:37:25.000,2021-10-24 23:37:25.000
41691310,Sebastian,f,2021-10-26 22:05:43.000,2021-10-26 22:05:43.000
41699865,Julius,f,2015-08-14 06:42:34.000,2015-08-14 06:42:34.000
41700664,Jannes,f,2015-08-12 03:53:44.000,2015-08-12 03:53:44.000
41718759,Tibor,f,2015-08-19 06:45:13.000,2015-08-19 06:45:13.000
41724536,Kitty,f,2015-09-02 04:34:10.000,2015-09-02 04:34:10.000
41734728,Joeri,f,2017-09-02 05:08:50.000,2017-09-02 05:08:50.000
41741297,Jörn,f,2015-09-26 07:36:40.000,2015-09-26 07:36:40.000
41757235,Nastassja,f,2016-06-21 23:03:41.000,2016-06-21 23:03:41.000
41791537,Henning,f,2019-10-27 17:49:28.000,2019-10-27 17:49:28.000
41799582,Stefano,f,2019-10-20 13:33:38.000,2019-10-20 13:33:38.000
41803487,Andrea,f,2016-10-12 19:29:22.000,2016-10-12 19:29:22.000
41812675,Basak,f,2021-11-17 17:40:58.000,2021-11-17 17:40:58.000
41818828,Stephanie,f,2017-08-03 23:43:25.000,2017-08-03 23:43:25.000
41828928,Sarah,f,2019-08-18 09:41:04.000,2019-08-18 09:41:04.000
41841666,Laura,f,2016-06-01 08:27:52.000,2016-06-01 08:27:52.000
41848444,Amandara M.,f,2021-11-18 18:20:26.000,2021-11-18 18:20:26.000
41849657,Tim,f,2015-10-02 04:34:38.000,2015-10-02 04:34:38.000
41854215,Marc,f,2021-11-02 17:05:49.000,2021-11-02 17:05:49.000
41858531,Jonas,f,2016-06-02 08:58:50.000,2016-06-02 08:58:50.000
41900053,Peter,t,2015-09-04 23:45:40.000,2015-09-04 23:45:40.000
41904321,Evgenia,f,2020-08-11 11:55:26.000,2020-08-11 11:55:26.000
41905769,Nea,f,2015-08-24 03:55:59.000,2015-08-24 03:55:59.000
41906597,Greta,f,2021-11-18 03:44:16.000,2021-11-18 03:44:16.000
41917526,Thomas,f,2015-09-08 02:19:24.000,2015-09-08 02:19:24.000
41918583,Petra,f,2016-12-15 14:52:51.000,2016-12-15 14:52:51.000
41931389,Marius,f,2020-02-27 12:33:00.000,2020-02-27 12:33:00.000
41936957,Caroline,f,2018-08-30 07:22:29.000,2018-08-30 07:22:29.000
41938571,Ulli,f,2017-08-01 09:45:23.000,2017-08-01 09:45:23.000
41973103,Christine,f,2019-12-26 21:31:46.000,2019-12-26 21:31:46.000
41975318,Andre,f,2015-08-21 09:57:52.000,2015-08-21 09:57:52.000
41984328,Claudia,f,2015-08-25 05:33:54.000,2015-08-25 05:33:54.000
41997303,Francisco,t,2016-08-09 17:04:52.000,2016-08-09 17:04:52.000
42005910,Brigita,f,2019-08-19 08:52:38.000,2019-08-19 08:52:38.000
42044906,Julia,t,2015-08-30 14:51:47.000,2015-08-30 14:51:47.000
42046007,Hanna,f,2017-03-20 20:17:51.000,2017-03-20 20:17:51.000
42048631,Archibald,f,2015-09-17 22:33:46.000,2015-09-17 22:33:46.000
42058077,Klaus,f,2015-08-26 01:18:25.000,2015-08-26 01:18:25.000
42060232,Tsameret,f,2021-09-16 18:38:12.000,2021-09-16 18:38:12.000
42061066,Michael,f,2015-08-23 23:32:30.000,2015-08-23 23:32:30.000
42092298,Anne,f,2019-12-29 23:55:40.000,2019-12-29 23:55:40.000
42099958,Lena,f,2017-08-27 19:19:48.000,2017-08-27 19:19:48.000
42101625,Hannes,f,2016-09-25 05:55:30.000,2016-09-25 05:55:30.000
42111980,Morin,f,2016-07-11 11:36:04.000,2016-07-11 11:36:04.000
42115198,Anna,f,2021-10-24 12:37:16.000,2021-10-24 12:37:16.000
42115726,Lars,f,2015-09-24 01:08:14.000,2015-09-24 01:08:14.000
42120559,Bastian,f,2019-01-15 05:55:51.000,2019-01-15 05:55:51.000
42137393,Hélène,f,2020-02-29 21:38:17.000,2020-02-29 21:38:17.000
42149492,Anika,f,2015-12-30 18:20:57.000,2015-12-30 18:20:57.000
42152805,Mai,f,2018-10-27 11:57:33.000,2018-10-27 11:57:33.000
42154834,Daniella,f,2016-03-17 19:40:49.000,2016-03-17 19:40:49.000
42177679,Debbi,f,2017-11-27 15:56:20.000,2017-11-27 15:56:20.000
42181495,Philipp,f,2019-07-08 16:58:52.000,2019-07-08 16:58:52.000
42184515,Silvia,f,2019-12-23 20:02:06.000,2019-12-23 20:02:06.000
42193019,Benjamin,f,2015-12-23 10:41:57.000,2015-12-23 10:41:57.000
42200198,André,f,2016-07-08 10:31:31.000,2016-07-08 10:31:31.000
42233403,Moritz,f,2021-10-30 12:54:19.000,2021-10-30 12:54:19.000
42255515,Nele,f,2017-12-22 05:32:36.000,2017-12-22 05:32:36.000
42289115,Kevin,f,2018-02-13 21:42:19.000,2018-02-13 21:42:19.000
42289939,Lutz,f,2015-08-26 18:09:08.000,2015-08-26 18:09:08.000
42296181,Lara,f,2015-08-30 23:50:38.000,2015-08-30 23:50:38.000
42341081,Alexandra,f,2021-11-09 17:53:50.000,2021-11-09 17:53:50.000
42344555,Sebastian,f,2018-03-01 21:32:03.000,2018-03-01 21:32:03.000
42350439,Jessy,f,2021-11-19 00:35:49.000,2021-11-19 00:35:49.000
42355525,Heidi,f,2016-06-09 17:16:29.000,2016-06-09 17:16:29.000
42370054,Ulrike,f,2021-11-07 02:17:53.000,2021-11-07 02:17:53.000
42372777,Vivi,f,2016-08-08 04:16:38.000,2016-08-08 04:16:38.000
42374921,Rainer,t,2015-09-14 03:39:07.000,2015-09-14 03:39:07.000
42375281,Michael Brent,f,2015-09-22 12:26:13.000,2015-09-22 12:26:13.000
42380726,Gerrit,f,2015-10-11 18:07:33.000,2015-10-11 18:07:33.000
42382293,Stefanie,f,2015-09-05 09:30:05.000,2015-09-05 09:30:05.000
42398354,Andrea,f,2021-10-29 14:20:26.000,2021-10-29 14:20:26.000
42399854,Leni,f,2021-11-18 21:52:04.000,2021-11-18 21:52:04.000
42400591,Layla,f,2021-11-02 02:55:20.000,2021-11-02 02:55:20.000
42406759,Sarah,f,2021-11-15 04:52:06.000,2021-11-15 04:52:06.000
42446331,Benjamin,f,2021-11-13 21:39:58.000,2021-11-13 21:39:58.000
42450550,Fulda,f,2015-09-05 09:46:14.000,2015-09-05 09:46:14.000
42458349,Lea,f,2015-09-05 14:06:59.000,2015-09-05 14:06:59.000
42465270,Ted,f,2015-11-28 08:00:46.000,2015-11-28 08:00:46.000
42475992,Sarah,f,2021-10-27 22:21:14.000,2021-10-27 22:21:14.000
42476536,Gesine,f,2021-11-19 07:02:44.000,2021-11-19 07:02:44.000
42489049,Friedrich,f,2021-11-11 22:28:33.000,2021-11-11 22:28:33.000
42490374,Joel & Peggy,f,2018-02-09 09:43:25.000,2018-02-09 09:43:25.000
42506714,Constanze,t,2016-06-23 07:15:49.000,2016-06-23 07:15:49.000
42517224,Lajana,f,2015-09-07 00:50:07.000,2015-09-07 00:50:07.000
42549572,Justus,f,2015-09-03 15:52:51.000,2015-09-03 15:52:51.000
42557404,Maike,f,2019-09-19 13:27:16.000,2019-09-19 13:27:16.000
42571558,Bettina Irene,f,2021-11-14 00:55:04.000,2021-11-14 00:55:04.000
42577792,Marlon,f,2015-08-24 23:35:12.000,2015-08-24 23:35:12.000
42586497,Alina,f,2019-10-02 15:57:48.000,2019-10-02 15:57:48.000
42589440,Michael,t,2019-06-28 16:44:53.000,2019-06-28 16:44:53.000
42591447,Dominik,f,2015-08-30 01:25:46.000,2015-08-30 01:25:46.000
42599778,Jeannette,f,2015-09-05 10:58:18.000,2015-09-05 10:58:18.000
42611958,Lara,f,2017-01-01 00:35:52.000,2017-01-01 00:35:52.000
42620176,Nora,f,2021-10-29 13:40:13.000,2021-10-29 13:40:13.000
42642490,Tal,f,2019-05-04 00:21:14.000,2019-05-04 00:21:14.000
42648992,Sylvia,t,2018-04-04 02:19:53.000,2018-04-04 02:19:53.000
42649960,Mia,f,2015-08-27 18:59:26.000,2015-08-27 18:59:26.000
42655330,Daphne,f,2016-06-01 06:20:04.000,2016-06-01 06:20:04.000
42657352,Flo,f,2019-04-09 00:29:38.000,2019-04-09 00:29:38.000
42665776,Josephine,f,2019-09-01 00:03:05.000,2019-09-01 00:03:05.000
42667148,Jascha,f,2019-05-12 13:58:23.000,2019-05-12 13:58:23.000
42667991,Katharina,t,2019-06-14 07:09:59.000,2019-06-14 07:09:59.000
42671030,Gorki Apartments,t,2018-11-03 05:17:17.000,2018-11-03 05:17:17.000
42687196,Céline,t,2016-06-29 12:13:40.000,2016-06-29 12:13:40.000
42694217,Caren,f,2016-05-19 13:19:49.000,2016-05-19 13:19:49.000
42696213,Micki,f,2017-06-02 21:16:55.000,2017-06-02 21:16:55.000
42704504,Linda,t,2016-05-07 09:46:03.000,2016-05-07 09:46:03.000
42706552,Laura,f,2016-03-21 16:16:39.000,2016-03-21 16:16:39.000
42743763,Marfa,f,2021-09-08 09:08:25.000,2021-09-08 09:08:25.000
42746984,Luise,f,2019-07-06 22:14:19.000,2019-07-06 22:14:19.000
42748955,Kerstin,f,2020-06-22 02:38:15.000,2020-06-22 02:38:15.000
42751688,Caroline,f,2015-09-04 09:38:02.000,2015-09-04 09:38:02.000
42782522,Klara,f,2015-09-26 19:38:12.000,2015-09-26 19:38:12.000
42790135,Alice,f,2020-08-26 18:59:39.000,2020-08-26 18:59:39.000
42813937,Josephine,f,2021-11-11 08:16:45.000,2021-11-11 08:16:45.000
42814731,Matthias,f,2016-07-29 17:36:03.000,2016-07-29 17:36:03.000
42815772,Jocelyne,t,2016-04-24 09:44:10.000,2016-04-24 09:44:10.000
42816969,Ben,f,2020-07-06 08:31:00.000,2020-07-06 08:31:00.000
42826266,Marie,f,2015-09-08 08:25:45.000,2015-09-08 08:25:45.000
42840062,Annika,f,2017-07-30 04:57:05.000,2017-07-30 04:57:05.000
42848396,Lena,f,2018-04-01 21:39:34.000,2018-04-01 21:39:34.000
42851391,Ferdinand,f,2015-09-08 04:17:58.000,2015-09-08 04:17:58.000
42856127,Coline,f,2017-06-27 07:59:32.000,2017-06-27 07:59:32.000
42886938,Nico,f,2017-08-09 21:13:28.000,2017-08-09 21:13:28.000
42890789,Trajan,f,2015-08-31 18:10:01.000,2015-08-31 18:10:01.000
42891109,Zoé,f,2015-09-28 01:36:34.000,2015-09-28 01:36:34.000
42904836,Micha,f,2015-09-10 05:09:36.000,2015-09-10 05:09:36.000
42907773,Inès,f,2021-11-07 23:40:38.000,2021-11-07 23:40:38.000
42908172,Stefan,f,2021-11-02 05:21:31.000,2021-11-02 05:21:31.000
42911160,El,f,2015-09-19 21:17:22.000,2015-09-19 21:17:22.000
42937040,Jannes,f,2021-10-24 01:23:42.000,2021-10-24 01:23:42.000
42941673,Ane,f,2021-10-29 21:10:11.000,2021-10-29 21:10:11.000
42963996,Tereza,f,2016-03-07 20:14:53.000,2016-03-07 20:14:53.000
42964366,Linda,f,2015-09-01 06:14:34.000,2015-09-01 06:14:34.000
42968102,Anna,f,2017-12-21 23:57:11.000,2017-12-21 23:57:11.000
42990588,Babs,f,2021-10-26 03:06:06.000,2021-10-26 03:06:06.000
42994777,Doreen,f,2015-10-03 18:32:39.000,2015-10-03 18:32:39.000
42995258,Marina,f,2021-10-29 09:47:09.000,2021-10-29 09:47:09.000
42997060,Sarah,f,2017-10-07 14:30:24.000,2017-10-07 14:30:24.000
43016864,Hella,f,2018-01-03 22:36:47.000,2018-01-03 22:36:47.000
43021258,Jonah,f,2016-03-21 21:09:37.000,2016-03-21 21:09:37.000
43028367,Christine,f,2016-05-10 22:41:56.000,2016-05-10 22:41:56.000
43047137,Jorge,f,2021-10-26 17:02:50.000,2021-10-26 17:02:50.000
43056286,Nora,f,2019-07-08 06:01:10.000,2019-07-08 06:01:10.000
43062433,Katja And Christian,f,2015-10-20 06:36:27.000,2015-10-20 06:36:27.000
43067122,Felix,f,2018-03-07 04:22:00.000,2018-03-07 04:22:00.000
43083106,Joshua,f,2017-02-21 03:06:42.000,2017-02-21 03:06:42.000
43094644,Felix,f,2015-09-06 06:48:55.000,2015-09-06 06:48:55.000
43158330,Michael,f,2015-09-22 03:48:06.000,2015-09-22 03:48:06.000
43165302,Pinar,f,2019-04-19 16:38:33.000,2019-04-19 16:38:33.000
43166516,Rike,f,2015-09-11 10:33:04.000,2015-09-11 10:33:04.000
43171102,Christin,f,2015-08-30 01:03:03.000,2015-08-30 01:03:03.000
43178346,Nora,f,2017-09-20 20:39:43.000,2017-09-20 20:39:43.000
43191658,Ninell,f,2018-03-05 23:50:16.000,2018-03-05 23:50:16.000
43198232,Frederikje,f,2015-09-22 20:51:47.000,2015-09-22 20:51:47.000
43199279,Günter,f,2021-11-07 12:13:46.000,2021-11-07 12:13:46.000
43199378,Gaby,f,2015-09-08 14:35:08.000,2015-09-08 14:35:08.000
43237520,Serafima,f,2019-05-08 04:35:22.000,2019-05-08 04:35:22.000
43238879,Katharina,f,2021-11-06 17:56:10.000,2021-11-06 17:56:10.000
43257754,Nora,f,2015-08-31 06:52:42.000,2015-08-31 06:52:42.000
43270338,Jakob,f,2015-11-03 14:07:46.000,2015-11-03 14:07:46.000
43320357,Lucía,f,2015-09-04 07:30:43.000,2015-09-04 07:30:43.000
43322389,Moji,f,2021-04-19 02:12:41.000,2021-04-19 02:12:41.000
43325004,Nadine,f,2016-08-04 17:44:31.000,2016-08-04 17:44:31.000
43358860,Jana,f,2021-11-14 00:55:10.000,2021-11-14 00:55:10.000
43368912,Anastacia,f,2019-11-26 01:55:14.000,2019-11-26 01:55:14.000
43370113,Adir,t,2016-01-04 10:39:31.000,2016-01-04 10:39:31.000
43401067,Michael,f,2017-03-18 07:00:52.000,2017-03-18 07:00:52.000
43403657,Linda,f,2017-08-28 23:15:24.000,2017-08-28 23:15:24.000
43414352,Elisa,f,2016-04-03 18:14:09.000,2016-04-03 18:14:09.000
43417586,Carlos,f,2015-09-17 03:45:54.000,2015-09-17 03:45:54.000
43425959,Olga,f,2019-06-09 02:35:02.000,2019-06-09 02:35:02.000
43438099,Martin,f,2015-09-06 09:24:57.000,2015-09-06 09:24:57.000
43444878,Elena,f,2018-01-08 22:04:40.000,2018-01-08 22:04:40.000
43474796,Cada,f,2018-02-21 23:40:40.000,2018-02-21 23:40:40.000
43480546,Amadou,f,2021-10-23 16:00:13.000,2021-10-23 16:00:13.000
43482521,Yacine,f,2015-09-01 05:50:35.000,2015-09-01 05:50:35.000
43486948,Khoa H.,f,2021-11-03 03:02:10.000,2021-11-03 03:02:10.000
43488611,Gerrit,f,2015-09-07 04:30:30.000,2015-09-07 04:30:30.000
43499342,Ingrid,f,2015-10-18 20:13:03.000,2015-10-18 20:13:03.000
43502635,Valeria,f,2021-10-26 07:35:53.000,2021-10-26 07:35:53.000
43507112,Julia,f,2019-05-07 10:06:33.000,2019-05-07 10:06:33.000
43516924,Daniel,f,2015-09-04 11:34:44.000,2015-09-04 11:34:44.000
43525474,Ines,t,2016-12-07 01:17:31.000,2016-12-07 01:17:31.000
43577409,Milena,f,2021-11-08 07:22:49.000,2021-11-08 07:22:49.000
43585547,Andy,t,2018-08-15 22:21:06.000,2018-08-15 22:21:06.000
43586355,Thais,f,2015-10-09 15:33:39.000,2015-10-09 15:33:39.000
43588306,Christian,f,2021-11-01 04:53:26.000,2021-11-01 04:53:26.000
43608525,Felix,t,2016-08-18 21:10:24.000,2016-08-18 21:10:24.000
43617459,Rococolosi,f,2015-09-29 17:12:25.000,2015-09-29 17:12:25.000
43669228,Michael,f,2018-03-19 00:25:33.000,2018-03-19 00:25:33.000
43675671,Liese,f,2018-05-05 09:27:00.000,2018-05-05 09:27:00.000
43695618,Fernando,f,2017-02-19 01:13:40.000,2017-02-19 01:13:40.000
43701440,Aline,f,2021-11-03 04:25:34.000,2021-11-03 04:25:34.000
43715685,Yanan,f,2021-06-14 03:59:37.000,2021-06-14 03:59:37.000
43716656,Ruben,f,2015-09-06 06:36:14.000,2015-09-06 06:36:14.000
43722604,Felix,f,2021-11-01 07:13:35.000,2021-11-01 07:13:35.000
43749352,Henrika,f,2021-08-25 17:32:03.000,2021-08-25 17:32:03.000
43750894,Christina,f,2021-11-12 16:37:42.000,2021-11-12 16:37:42.000
43757428,Laura,f,2019-12-21 16:16:44.000,2019-12-21 16:16:44.000
43763425,Pablo,f,2021-10-23 14:38:27.000,2021-10-23 14:38:27.000
43764714,Sandra,f,2015-09-17 21:03:12.000,2015-09-17 21:03:12.000
43770352,Corinne,f,2021-11-17 18:34:19.000,2021-11-17 18:34:19.000
43771657,Wolfgang,f,2016-03-22 21:11:07.000,2016-03-22 21:11:07.000
43771825,Franziska,f,2017-05-21 16:59:19.000,2017-05-21 16:59:19.000
43792354,Amanda,f,2021-11-05 12:47:02.000,2021-11-05 12:47:02.000
43825083,Susanne,f,2021-10-23 06:34:15.000,2021-10-23 06:34:15.000
43836552,Kay,f,2016-02-01 01:11:48.000,2016-02-01 01:11:48.000
43842015,Lea,f,2017-02-13 22:01:03.000,2017-02-13 22:01:03.000
43853738,Alexandra,f,2016-08-04 13:26:01.000,2016-08-04 13:26:01.000
43856294,Hannes,t,2015-11-03 10:31:08.000,2015-11-03 10:31:08.000
43865666,Sören,f,2020-07-10 21:27:48.000,2020-07-10 21:27:48.000
43868228,Judith,f,2015-09-21 13:56:33.000,2015-09-21 13:56:33.000
43876170,Juliane,f,2015-10-25 14:30:11.000,2015-10-25 14:30:11.000
43880258,Marie,f,2019-06-23 20:03:58.000,2019-06-23 20:03:58.000
43883738,Ewa,f,2017-11-24 06:09:14.000,2017-11-24 06:09:14.000
43917610,Antje,f,2019-10-02 14:20:16.000,2019-10-02 14:20:16.000
43917936,Stefanie,f,2021-11-18 23:42:18.000,2021-11-18 23:42:18.000
43920580,Daniel,f,2019-07-31 23:31:55.000,2019-07-31 23:31:55.000
43920655,Katie,f,2015-09-27 22:51:43.000,2015-09-27 22:51:43.000
43926678,Orsi,f,2018-12-28 00:49:09.000,2018-12-28 00:49:09.000
43935521,Johannes,f,2021-11-19 10:36:19.000,2021-11-19 10:36:19.000
43946346,Luana,f,2017-12-30 06:33:09.000,2017-12-30 06:33:09.000
43946838,Saket,f,2021-10-30 06:07:16.000,2021-10-30 06:07:16.000
43951582,Max,f,2020-07-14 18:37:57.000,2020-07-14 18:37:57.000
43954549,Sabine,f,2021-09-21 20:32:38.000,2021-09-21 20:32:38.000
44014950,Maximilian,f,2016-09-15 00:26:54.000,2016-09-15 00:26:54.000
44016520,Natalia,f,2015-11-11 11:10:43.000,2015-11-11 11:10:43.000
44062595,Nadine,f,2021-10-24 05:27:18.000,2021-10-24 05:27:18.000
44070994,Lea,f,2020-08-07 13:11:48.000,2020-08-07 13:11:48.000
44092893,Pia,f,2017-03-30 04:57:53.000,2017-03-30 04:57:53.000
44097204,Martina,f,2015-09-05 21:15:17.000,2015-09-05 21:15:17.000
44100369,Franziska,f,2021-11-11 13:24:07.000,2021-11-11 13:24:07.000
44106573,Omar,f,2019-10-23 14:36:05.000,2019-10-23 14:36:05.000
44108226,Michela,f,2021-10-21 11:31:29.000,2021-10-21 11:31:29.000
44108387,Sarah,f,2019-07-22 22:19:59.000,2019-07-22 22:19:59.000
44108734,Emma,f,2021-11-16 04:16:45.000,2021-11-16 04:16:45.000
44122116,Fee,f,2015-09-08 16:44:48.000,2015-09-08 16:44:48.000
44138349,Rico,f,2015-12-19 15:27:03.000,2015-12-19 15:27:03.000
44139855,Emma Louise,f,2018-09-18 11:56:59.000,2018-09-18 11:56:59.000
44149259,Natalie,f,2015-09-14 16:27:04.000,2015-09-14 16:27:04.000
44182516,Yutta,f,2015-10-24 23:13:27.000,2015-10-24 23:13:27.000
44186418,Kai,f,2017-09-30 06:02:59.000,2017-09-30 06:02:59.000
44188079,Christina,f,2017-06-20 23:15:00.000,2017-06-20 23:15:00.000
44195790,Philipp,f,2015-12-27 16:54:05.000,2015-12-27 16:54:05.000
44199038,Ali-Adnan,f,2017-08-28 00:52:57.000,2017-08-28 00:52:57.000
44200428,Lora,f,2015-12-30 12:14:07.000,2015-12-30 12:14:07.000
44202490,Igne,f,2017-01-19 11:56:44.000,2017-01-19 11:56:44.000
44227999,Annie,f,2016-12-21 14:35:29.000,2016-12-21 14:35:29.000
44230864,Daniel,f,2021-10-24 08:35:54.000,2021-10-24 08:35:54.000
44257772,Lukas,f,2019-08-28 11:20:03.000,2019-08-28 11:20:03.000
44309225,Julianne,f,2021-11-01 15:44:25.000,2021-11-01 15:44:25.000
44314509,Inge,f,2021-09-12 03:09:59.000,2021-09-12 03:09:59.000
44322194,Karl-Luis,f,2021-10-22 03:07:36.000,2021-10-22 03:07:36.000
44325953,David,f,2015-09-22 11:10:09.000,2015-09-22 11:10:09.000
44330617,Jeremiah,f,2016-11-16 22:25:24.000,2016-11-16 22:25:24.000
44336966,Kevin,f,2021-11-07 02:21:48.000,2021-11-07 02:21:48.000
44343822,Johanna,f,2020-02-15 18:36:34.000,2020-02-15 18:36:34.000
44349864,Jerome,f,2017-09-30 15:16:43.000,2017-09-30 15:16:43.000
44350311,Alexander,f,2015-09-28 01:31:52.000,2015-09-28 01:31:52.000
44363182,Friederike,f,2021-11-07 20:37:43.000,2021-11-07 20:37:43.000
44373619,Lars,f,2016-12-31 22:36:05.000,2016-12-31 22:36:05.000
44375747,Luís,f,2021-11-08 01:06:27.000,2021-11-08 01:06:27.000
44376435,Dina,f,2017-05-06 12:56:54.000,2017-05-06 12:56:54.000
44376821,Sarah,f,2015-09-24 21:38:30.000,2015-09-24 21:38:30.000
44408086,Konstanze,f,2021-10-25 20:30:14.000,2021-10-25 20:30:14.000
44409698,Thomas,f,2015-09-07 18:53:24.000,2015-09-07 18:53:24.000
44426935,Arno,f,2015-09-17 06:03:55.000,2015-09-17 06:03:55.000
44473569,Daniel,f,2017-02-25 01:02:42.000,2017-02-25 01:02:42.000
44484956,Laura,f,2021-11-03 19:38:29.000,2021-11-03 19:38:29.000
44498472,Palina,f,2016-08-24 20:58:47.000,2016-08-24 20:58:47.000
44498576,Daniel,f,2017-04-19 06:21:27.000,2017-04-19 06:21:27.000
44510867,Holly,f,2016-07-16 07:05:05.000,2016-07-16 07:05:05.000
44548791,Roman,f,2021-10-29 22:48:36.000,2021-10-29 22:48:36.000
44583899,Madrilena,f,2016-01-03 07:36:36.000,2016-01-03 07:36:36.000
44604265,Alex,f,2016-03-16 17:03:13.000,2016-03-16 17:03:13.000
44638848,Alexander,f,2020-07-26 16:02:03.000,2020-07-26 16:02:03.000
44643673,Til,f,2019-09-17 16:38:13.000,2019-09-17 16:38:13.000
44658454,Asher,f,2019-03-11 03:20:23.000,2019-03-11 03:20:23.000
44661538,Isabel,f,2015-10-06 11:28:30.000,2015-10-06 11:28:30.000
44661738,Mona,f,2021-10-15 06:54:38.000,2021-10-15 06:54:38.000
44668946,Friederieke,f,2021-10-28 02:01:33.000,2021-10-28 02:01:33.000
44675430,Christian,f,2017-12-21 00:29:05.000,2017-12-21 00:29:05.000
44677005,Surlulu,f,2017-06-08 13:29:44.000,2017-06-08 13:29:44.000
44677449,Lisa,f,2021-10-31 20:11:16.000,2021-10-31 20:11:16.000
44679969,Viktor,f,2017-09-06 02:55:26.000,2017-09-06 02:55:26.000
44689441,Fabienne,f,2019-12-07 17:15:45.000,2019-12-07 17:15:45.000
44696672,Josh,f,2015-12-20 00:38:29.000,2015-12-20 00:38:29.000
44735331,Kai,f,2015-09-17 16:33:28.000,2015-09-17 16:33:28.000
44744915,Carmine,f,2017-02-25 13:26:40.000,2017-02-25 13:26:40.000
44764833,Ute,t,2015-09-20 06:57:09.000,2015-09-20 06:57:09.000
44778624,Jane,f,2015-10-31 13:27:11.000,2015-10-31 13:27:11.000
44785701,Saleem,f,2017-08-12 02:24:04.000,2017-08-12 02:24:04.000
44816934,Luca,f,2016-06-21 01:28:38.000,2016-06-21 01:28:38.000
44819858,James,f,2015-09-15 09:03:50.000,2015-09-15 09:03:50.000
44821687,Lukas & Salome,f,2017-05-24 04:39:08.000,2017-05-24 04:39:08.000
44824768,Farid,f,2021-11-11 18:53:50.000,2021-11-11 18:53:50.000
44824849,Anastasia,f,2021-09-06 15:22:09.000,2021-09-06 15:22:09.000
44826697,Ylva,f,2016-09-08 11:28:34.000,2016-09-08 11:28:34.000
44848794,Alan,f,2016-12-29 10:39:58.000,2016-12-29 10:39:58.000
44866580,Büke,t,2019-12-25 21:05:57.000,2019-12-25 21:05:57.000
44868519,Niclas,f,2017-08-03 12:25:04.000,2017-08-03 12:25:04.000
44933998,Ilia,f,2016-02-13 09:14:15.000,2016-02-13 09:14:15.000
44970672,Axel,f,2021-11-07 21:17:55.000,2021-11-07 21:17:55.000
44976207,Kim Larissa,f,2017-12-26 02:22:21.000,2017-12-26 02:22:21.000
44980957,Enikő,f,2019-03-25 13:39:07.000,2019-03-25 13:39:07.000
44985737,Luisa,t,2019-12-16 23:12:48.000,2019-12-16 23:12:48.000
45047587,Bernd,t,2018-05-11 07:44:56.000,2018-05-11 07:44:56.000
45050399,Alexandra,f,2015-09-22 20:11:13.000,2015-09-22 20:11:13.000
45051506,Laura,f,2021-10-30 03:31:00.000,2021-10-30 03:31:00.000
45055089,Melanie,f,2016-06-09 13:46:07.000,2016-06-09 13:46:07.000
45055865,Martin,f,2021-10-09 14:38:41.000,2021-10-09 14:38:41.000
45072888,Linda,f,2021-11-13 07:46:23.000,2021-11-13 07:46:23.000
45102795,Antonios,f,2018-04-18 22:40:30.000,2018-04-18 22:40:30.000
45133591,Anna,f,2018-10-28 05:14:33.000,2018-10-28 05:14:33.000
45151605,Maike,f,2021-11-15 22:24:31.000,2021-11-15 22:24:31.000
45152962,Sebastian,f,2016-02-23 20:46:04.000,2016-02-23 20:46:04.000
45160095,Annette,f,2021-11-18 12:53:41.000,2021-11-18 12:53:41.000
45192826,Geri,f,2018-09-04 23:42:07.000,2018-09-04 23:42:07.000
45201339,Amelie,f,2021-11-10 15:21:55.000,2021-11-10 15:21:55.000
45204224,Sabine,f,2015-12-31 05:37:19.000,2015-12-31 05:37:19.000
45209606,Michael,f,2015-09-29 04:58:22.000,2015-09-29 04:58:22.000
45212257,Lina,f,2015-11-27 00:56:42.000,2015-11-27 00:56:42.000
45251393,Vanessa,f,2017-12-15 19:32:33.000,2017-12-15 19:32:33.000
45273793,Severin,f,2019-02-11 01:04:47.000,2019-02-11 01:04:47.000
45280196,Jenni,f,2017-01-08 13:14:53.000,2017-01-08 13:14:53.000
45316649,Pheobe,f,2019-09-24 00:39:24.000,2019-09-24 00:39:24.000
45341447,Marlene,f,2017-07-01 00:04:22.000,2017-07-01 00:04:22.000
45342773,Estella,t,2017-07-25 11:18:49.000,2017-07-25 11:18:49.000
45345963,Philipp,f,2016-07-10 17:09:18.000,2016-07-10 17:09:18.000
45352166,Katharina,f,2021-11-15 20:18:47.000,2021-11-15 20:18:47.000
45362991,Nico,f,2016-02-14 10:06:24.000,2016-02-14 10:06:24.000
45368929,Astrid & Ingmar,f,2016-04-15 20:45:39.000,2016-04-15 20:45:39.000
45386071,Iris,f,2021-11-05 08:14:47.000,2021-11-05 08:14:47.000
45386440,York,f,2019-04-12 03:04:56.000,2019-04-12 03:04:56.000
45387947,Akribis,t,2017-12-31 01:06:57.000,2017-12-31 01:06:57.000
45392170,Luis,f,2016-01-03 03:10:40.000,2016-01-03 03:10:40.000
45395148,Arthur&Marina,t,2016-10-12 05:48:39.000,2016-10-12 05:48:39.000
45398028,Fritz,f,2019-07-10 15:57:06.000,2019-07-10 15:57:06.000
45424106,Florian,f,2016-12-21 10:48:31.000,2016-12-21 10:48:31.000
45425132,Christopher,f,2017-03-28 13:16:42.000,2017-03-28 13:16:42.000
45430486,Franziska,f,2019-09-16 23:43:54.000,2019-09-16 23:43:54.000
45439548,Laura,f,2017-10-14 12:14:12.000,2017-10-14 12:14:12.000
45464828,Dani,f,2021-11-10 22:34:54.000,2021-11-10 22:34:54.000
45467143,Seren,f,2019-06-02 03:14:13.000,2019-06-02 03:14:13.000
45496468,Christoph,t,2017-05-26 05:24:25.000,2017-05-26 05:24:25.000
45499567,Christian,t,2018-09-10 02:35:41.000,2018-09-10 02:35:41.000
45529183,Noor,f,2015-12-04 05:48:52.000,2015-12-04 05:48:52.000
45529243,Carmen,t,2018-06-02 23:18:12.000,2018-06-02 23:18:12.000
45534888,Svetlana,f,2021-10-28 21:05:34.000,2021-10-28 21:05:34.000
45541229,Sarah,f,2018-08-03 06:46:25.000,2018-08-03 06:46:25.000
45543558,Monika,f,2015-12-28 21:05:44.000,2015-12-28 21:05:44.000
45569143,Marc,t,2017-03-18 15:35:50.000,2017-03-18 15:35:50.000
45572867,Martin,f,2021-11-19 10:31:16.000,2021-11-19 10:31:16.000
45575503,Jennifer,f,2021-11-14 14:44:52.000,2021-11-14 14:44:52.000
45577950,Carlo,f,2015-10-19 17:08:02.000,2015-10-19 17:08:02.000
45585790,Adrienne,t,2018-10-31 14:41:58.000,2018-10-31 14:41:58.000
45591521,Simon,f,2015-10-01 14:51:08.000,2015-10-01 14:51:08.000
45637295,Laura,f,2017-08-10 03:49:59.000,2017-08-10 03:49:59.000
45642183,Joshua,f,2016-04-27 04:07:51.000,2016-04-27 04:07:51.000
45668745,Nora,f,2016-06-06 05:51:12.000,2016-06-06 05:51:12.000
45671942,Daniel,t,2020-01-25 01:21:56.000,2020-01-25 01:21:56.000
45673085,Jean,f,2015-11-24 15:27:53.000,2015-11-24 15:27:53.000
45715140,Diana,f,2016-01-04 01:54:07.000,2016-01-04 01:54:07.000
45717831,Lars,f,2015-11-21 12:52:57.000,2015-11-21 12:52:57.000
45717910,Judith,f,2021-10-28 21:23:06.000,2021-10-28 21:23:06.000
45719851,Julia,f,2021-11-16 11:09:02.000,2021-11-16 11:09:02.000
45723329,Tobias,f,2021-10-25 09:46:48.000,2021-10-25 09:46:48.000
45725092,Summer,f,2016-08-03 05:27:03.000,2016-08-03 05:27:03.000
45729642,Carolin,f,2015-10-16 00:17:16.000,2015-10-16 00:17:16.000
45739980,Morten,f,2021-10-30 09:08:42.000,2021-10-30 09:08:42.000
45740535,,,2021-10-25 07:35:03.000,2021-10-25 07:35:03.000
45754389,Marie-Wally,f,2016-04-01 06:01:30.000,2016-04-01 06:01:30.000
45792607,Tim,t,2015-10-18 19:45:00.000,2015-10-18 19:45:00.000
45811217,Victoria,f,2021-08-17 07:43:30.000,2021-08-17 07:43:30.000
45812828,Garrett,f,2021-11-09 18:31:27.000,2021-11-09 18:31:27.000
45813075,Katharina,f,2018-05-16 12:04:04.000,2018-05-16 12:04:04.000
45822466,Alexander,f,2015-10-08 11:12:14.000,2015-10-08 11:12:14.000
45825783,Linda,f,2020-08-06 06:44:16.000,2020-08-06 06:44:16.000
45832597,Nadine,f,2021-04-18 12:49:27.000,2021-04-18 12:49:27.000
45841317,Pascale,f,2015-12-27 12:58:12.000,2015-12-27 12:58:12.000
45848709,Belinda,f,2021-11-15 11:18:24.000,2021-11-15 11:18:24.000
45876750,Elena,f,2021-10-26 19:21:25.000,2021-10-26 19:21:25.000
45882986,Carsten,f,2017-04-11 04:59:28.000,2017-04-11 04:59:28.000
45890233,Cenk,t,2021-04-12 06:03:59.000,2021-04-12 06:03:59.000
45897464,Mehmet,f,2021-11-10 00:49:29.000,2021-11-10 00:49:29.000
45903314,Khôi,f,2021-11-08 01:34:37.000,2021-11-08 01:34:37.000
45903660,Maja,f,2019-02-13 05:25:02.000,2019-02-13 05:25:02.000
45921351,Judy,f,2019-08-23 13:37:36.000,2019-08-23 13:37:36.000
45924027,Anne,f,2020-08-22 16:42:41.000,2020-08-22 16:42:41.000
45925318,Nora,f,2021-06-02 17:23:27.000,2021-06-02 17:23:27.000
45954186,Karl,f,2019-11-13 14:04:56.000,2019-11-13 14:04:56.000
45962440,Sophie,f,2020-08-11 17:43:02.000,2020-08-11 17:43:02.000
45971163,Katja,f,2017-03-08 23:19:34.000,2017-03-08 23:19:34.000
45974421,Helen,f,2021-10-30 16:43:52.000,2021-10-30 16:43:52.000
45975496,Marjann,t,2015-10-24 11:58:25.000,2015-10-24 11:58:25.000
45983276,Andrzej,f,2021-10-26 17:57:26.000,2021-10-26 17:57:26.000
45988375,Klaudia,f,2015-10-07 15:04:49.000,2015-10-07 15:04:49.000
46002067,Matthew,f,2015-11-14 21:38:58.000,2015-11-14 21:38:58.000
46012848,Damir,f,2021-10-29 17:43:49.000,2021-10-29 17:43:49.000
46018761,Alfredo,f,2017-02-21 04:30:37.000,2017-02-21 04:30:37.000
46056998,Thomas,f,2015-10-25 06:03:11.000,2015-10-25 06:03:11.000
46058193,Dirk,f,2016-04-15 22:51:02.000,2016-04-15 22:51:02.000
46070872,Martin,f,2021-04-29 02:04:45.000,2021-04-29 02:04:45.000
46076661,Miso,f,2021-11-06 00:30:15.000,2021-11-06 00:30:15.000
46096418,Tomer,f,2017-02-05 02:05:38.000,2017-02-05 02:05:38.000
46130963,Chung,f,2021-11-06 10:47:51.000,2021-11-06 10:47:51.000
46136643,Katharina,t,2015-10-05 09:08:48.000,2015-10-05 09:08:48.000
46139071,Janna,f,2020-01-24 04:09:05.000,2020-01-24 04:09:05.000
46149557,Lucia,f,2021-11-18 06:04:10.000,2021-11-18 06:04:10.000
46157018,Lea Katharina,f,2021-07-23 07:01:44.000,2021-07-23 07:01:44.000
46160332,Elias,t,2021-04-15 12:34:28.000,2021-04-15 12:34:28.000
46163740,Joana,f,2019-09-25 11:27:58.000,2019-09-25 11:27:58.000
46198476,Nico,f,2021-03-23 12:40:25.000,2021-03-23 12:40:25.000
46243075,Enchmaa,f,2021-06-23 06:22:05.000,2021-06-23 06:22:05.000
46272411,Michael,f,2015-10-23 12:37:56.000,2015-10-23 12:37:56.000
46279782,Nash,f,2021-11-16 06:34:20.000,2021-11-16 06:34:20.000
46284369,Peter,f,2016-12-31 22:33:26.000,2016-12-31 22:33:26.000
46285756,Anna,f,2015-11-12 06:47:16.000,2015-11-12 06:47:16.000
46288883,Olivia,f,2021-03-16 23:20:10.000,2021-03-16 23:20:10.000
46303349,Martin,f,2021-11-13 20:48:40.000,2021-11-13 20:48:40.000
46312235,Killian,f,2017-08-04 20:21:19.000,2017-08-04 20:21:19.000
46344547,Cassandre,f,2018-06-20 18:22:04.000,2018-06-20 18:22:04.000
46357364,Vladimir,t,2017-07-29 23:39:25.000,2017-07-29 23:39:25.000
46359595,Christian,f,2021-11-18 10:22:47.000,2021-11-18 10:22:47.000
46371452,Aneta,f,2019-12-30 07:32:18.000,2019-12-30 07:32:18.000
46401301,Kristina,f,2015-12-31 16:08:33.000,2015-12-31 16:08:33.000
46402384,Marion,f,2015-11-17 02:10:23.000,2015-11-17 02:10:23.000
46404626,Anton,f,2021-08-01 13:40:40.000,2021-08-01 13:40:40.000
46448446,Larissa,f,2016-08-01 03:54:50.000,2016-08-01 03:54:50.000
46473860,Petra,t,2021-03-05 19:37:54.000,2021-03-05 19:37:54.000
46474213,Diana,f,2015-11-02 10:39:51.000,2015-11-02 10:39:51.000
46477100,Paul,f,2021-11-02 16:41:27.000,2021-11-02 16:41:27.000
46479799,Youssef,f,2020-09-11 22:01:29.000,2020-09-11 22:01:29.000
46485082,Sarah,f,2016-03-17 02:00:01.000,2016-03-17 02:00:01.000
46540344,Karsten,f,2021-10-25 01:16:49.000,2021-10-25 01:16:49.000
46541025,Jochen,f,2018-07-02 01:17:01.000,2018-07-02 01:17:01.000
46554922,Dang-Khoa,f,2021-11-04 03:43:40.000,2021-11-04 03:43:40.000
46566344,Heiko,f,2017-03-05 10:56:05.000,2017-03-05 10:56:05.000
46573787,Eileen,f,2018-11-11 11:13:37.000,2018-11-11 11:13:37.000
46580167,Klara,f,2018-10-15 09:05:09.000,2018-10-15 09:05:09.000
46585760,Viv,f,2018-07-19 09:46:25.000,2018-07-19 09:46:25.000
46602342,Judith,f,2016-06-16 12:19:19.000,2016-06-16 12:19:19.000
46618819,Mohamed,f,2021-10-29 17:02:28.000,2021-10-29 17:02:28.000
46621075,Simone,t,2018-09-13 03:52:20.000,2018-09-13 03:52:20.000
46638999,Katharina,f,2019-12-23 23:48:00.000,2019-12-23 23:48:00.000
46640381,Stefan,t,2016-01-22 09:06:09.000,2016-01-22 09:06:09.000
46645842,Sonja,f,2019-08-31 14:32:40.000,2019-08-31 14:32:40.000
46646266,Cornelia,f,2020-08-05 03:49:01.000,2020-08-05 03:49:01.000
46659004,Bruno,f,2018-08-23 02:59:15.000,2018-08-23 02:59:15.000
46662948,Kyra,f,2020-06-21 04:59:21.000,2020-06-21 04:59:21.000
46692555,Max,t,2019-02-02 21:53:17.000,2019-02-02 21:53:17.000
46703425,Nick,f,2019-01-27 09:37:31.000,2019-01-27 09:37:31.000
46704861,Nikolas,f,2021-10-26 08:14:31.000,2021-10-26 08:14:31.000
46708018,Marine,f,2016-02-01 04:44:33.000,2016-02-01 04:44:33.000
46716635,Mahmoud,f,2019-10-12 18:15:59.000,2019-10-12 18:15:59.000
46719504,Maria Jose,f,2021-11-06 14:36:44.000,2021-11-06 14:36:44.000
46720356,Anna,f,2015-12-11 19:00:00.000,2015-12-11 19:00:00.000
46721242,Sabine,f,2021-07-18 04:51:14.000,2021-07-18 04:51:14.000
46755090,Judith,f,2016-07-31 18:20:42.000,2016-07-31 18:20:42.000
46778937,Rémi,f,2015-10-27 07:01:04.000,2015-10-27 07:01:04.000
46835837,Igor,f,2016-05-09 04:44:11.000,2016-05-09 04:44:11.000
46837469,Christine,f,2017-06-03 23:36:34.000,2017-06-03 23:36:34.000
46854651,Theres,t,2015-10-14 21:59:55.000,2015-10-14 21:59:55.000
46911033,Silke,t,2015-11-05 09:02:59.000,2015-11-05 09:02:59.000
46945775,Frank,f,2021-09-19 12:56:57.000,2021-09-19 12:56:57.000
46947919,David,f,2019-07-08 15:49:17.000,2019-07-08 15:49:17.000
46963247,Stephanie,f,2015-11-02 10:40:40.000,2015-11-02 10:40:40.000
46964992,Laurent,t,2018-02-19 01:02:49.000,2018-02-19 01:02:49.000
46994432,Patrick,f,2018-09-26 05:08:12.000,2018-09-26 05:08:12.000
47010115,Alex,f,2017-10-22 02:26:48.000,2017-10-22 02:26:48.000
47028092,Patrick,f,2017-12-09 08:23:38.000,2017-12-09 08:23:38.000
47038452,Eva,f,2021-11-03 04:33:38.000,2021-11-03 04:33:38.000
47039426,Antonia,f,2016-09-02 13:29:00.000,2016-09-02 13:29:00.000
47080687,Eduard,f,2016-06-26 06:51:48.000,2016-06-26 06:51:48.000
47085194,Matthew,f,2021-11-04 10:44:48.000,2021-11-04 10:44:48.000
47120621,Janine,f,2020-08-01 19:13:27.000,2020-08-01 19:13:27.000
47121206,Eileen,f,2021-10-31 06:25:05.000,2021-10-31 06:25:05.000
47125192,Manfred,t,2016-03-03 18:49:33.000,2016-03-03 18:49:33.000
47128495,Jonas,f,2021-11-16 18:47:30.000,2021-11-16 18:47:30.000
47167162,Tatiana,f,2019-04-23 00:23:56.000,2019-04-23 00:23:56.000
47172283,Jana,f,2016-07-22 05:13:13.000,2016-07-22 05:13:13.000
47208068,Pia,f,2021-08-01 00:37:56.000,2021-08-01 00:37:56.000
47246194,Marius,f,2015-10-30 05:29:49.000,2015-10-30 05:29:49.000
47248832,Paloma,f,2017-09-01 11:16:41.000,2017-09-01 11:16:41.000
47255295,Liam,f,2021-11-11 07:27:52.000,2021-11-11 07:27:52.000
47262014,Can,f,2019-07-21 06:45:50.000,2019-07-21 06:45:50.000
47270451,Ab,f,2019-03-19 05:09:07.000,2019-03-19 05:09:07.000
47306584,Irina,f,2019-04-05 05:30:54.000,2019-04-05 05:30:54.000
47313556,Gergö,f,2017-07-30 11:50:55.000,2017-07-30 11:50:55.000
47315556,Laura,f,2016-03-10 20:46:33.000,2016-03-10 20:46:33.000
47337300,Ployz & Moritz,f,2021-11-12 10:14:42.000,2021-11-12 10:14:42.000
47368524,Moritz,f,2016-04-29 06:29:49.000,2016-04-29 06:29:49.000
47371579,Max,f,2015-10-28 03:36:45.000,2015-10-28 03:36:45.000
47375711,Luise,f,2016-04-30 12:25:17.000,2016-04-30 12:25:17.000
47378753,Johanna,f,2017-08-15 02:55:52.000,2017-08-15 02:55:52.000
47381542,Polina,f,2018-10-27 06:54:24.000,2018-10-27 06:54:24.000
47397164,Bernd,f,2018-01-06 15:53:23.000,2018-01-06 15:53:23.000
47402784,Lara,f,2021-11-08 23:33:22.000,2021-11-08 23:33:22.000
47409384,Holger,f,2021-10-22 04:42:47.000,2021-10-22 04:42:47.000
47452769,Meike,f,2020-11-30 20:49:35.000,2020-11-30 20:49:35.000
47454008,Miho,f,2021-11-10 19:57:38.000,2021-11-10 19:57:38.000
47456791,Sami,f,2021-11-07 18:47:45.000,2021-11-07 18:47:45.000
47458713,Ayelen,f,2021-11-15 03:38:13.000,2021-11-15 03:38:13.000
47467330,Elena,t,2018-07-31 02:53:05.000,2018-07-31 02:53:05.000
47469652,Tina,f,2017-04-07 20:20:11.000,2017-04-07 20:20:11.000
47478452,Sara,f,2015-11-05 20:23:28.000,2015-11-05 20:23:28.000
47479755,Katja,f,2021-11-14 23:01:31.000,2021-11-14 23:01:31.000
47496936,Ekaterine,f,2017-11-03 12:00:52.000,2017-11-03 12:00:52.000
47532556,Julita,f,2019-11-04 03:24:41.000,2019-11-04 03:24:41.000
47533432,Moritz,f,2016-09-01 01:53:08.000,2016-09-01 01:53:08.000
47544802,Adrian,f,2015-12-26 12:28:40.000,2015-12-26 12:28:40.000
47554561,Robert,f,2021-11-16 07:20:22.000,2021-11-16 07:20:22.000
47556192,Roland,f,2015-12-16 08:52:03.000,2015-12-16 08:52:03.000
47560915,Parima,f,2017-12-21 19:52:47.000,2017-12-21 19:52:47.000
47561096,Daniel,f,2020-07-11 05:04:10.000,2020-07-11 05:04:10.000
47580317,Stefan,f,2021-11-11 20:43:00.000,2021-11-11 20:43:00.000
47580450,Eric,t,2019-06-04 06:50:47.000,2019-06-04 06:50:47.000
47594510,Rene,f,2019-08-15 22:43:20.000,2019-08-15 22:43:20.000
47614334,Linda,f,2015-12-03 17:35:52.000,2015-12-03 17:35:52.000
47619590,Martin,f,2019-12-28 09:28:44.000,2019-12-28 09:28:44.000
47625075,Despina,f,2021-11-07 11:27:33.000,2021-11-07 11:27:33.000
47640324,Ines + Olaf,f,2021-11-01 12:21:31.000,2021-11-01 12:21:31.000
47641026,Damaris,f,2018-12-25 20:14:38.000,2018-12-25 20:14:38.000
47658174,Rod,f,2021-03-30 19:34:05.000,2021-03-30 19:34:05.000
47680711,Taiga,f,2018-07-28 21:50:01.000,2018-07-28 21:50:01.000
47684936,Louise,f,2021-11-10 23:46:41.000,2021-11-10 23:46:41.000
47690727,Jakob,f,2017-09-13 22:08:26.000,2017-09-13 22:08:26.000
47702685,Paul,f,2017-03-06 05:49:07.000,2017-03-06 05:49:07.000
47703190,Liv,f,2015-11-04 14:10:11.000,2015-11-04 14:10:11.000
47710864,Lena,f,2021-11-11 15:21:22.000,2021-11-11 15:21:22.000
47722314,Paul,f,2017-08-25 23:05:28.000,2017-08-25 23:05:28.000
47755065,Francisco,f,2016-03-30 21:50:46.000,2016-03-30 21:50:46.000
47795570,David I.,f,2019-12-25 12:03:03.000,2019-12-25 12:03:03.000
47861241,Deli,f,2021-11-05 16:08:36.000,2021-11-05 16:08:36.000
47879767,Robert,f,2021-11-07 12:39:42.000,2021-11-07 12:39:42.000
47884220,Carlos,f,2015-12-25 04:03:04.000,2015-12-25 04:03:04.000
47886835,Florentin,f,2015-12-11 11:24:27.000,2015-12-11 11:24:27.000
47888163,Lars,f,2015-12-21 22:58:10.000,2015-12-21 22:58:10.000
47888597,Christian,f,2019-09-29 13:54:45.000,2019-09-29 13:54:45.000
47890530,Jana,f,2016-01-30 10:59:23.000,2016-01-30 10:59:23.000
47907928,Tanguy,f,2018-12-20 04:10:30.000,2018-12-20 04:10:30.000
47920551,Jürgen,t,2018-10-25 06:35:53.000,2018-10-25 06:35:53.000
47941864,O.,f,2017-05-15 14:55:22.000,2017-05-15 14:55:22.000
47953713,Grünau,f,2020-08-06 18:20:20.000,2020-08-06 18:20:20.000
47963145,Tim,f,2019-02-24 21:34:35.000,2019-02-24 21:34:35.000
47997989,Julian,f,2021-11-05 14:59:55.000,2021-11-05 14:59:55.000
48036963,Josephine,f,2017-08-25 15:58:41.000,2017-08-25 15:58:41.000
48042546,Pascal,f,2017-04-19 01:28:26.000,2017-04-19 01:28:26.000
48047539,Sarah,f,2016-03-15 03:54:54.000,2016-03-15 03:54:54.000
48067170,Tommy,f,2021-10-21 21:09:25.000,2021-10-21 21:09:25.000
48067287,Annina,f,2021-11-11 23:14:07.000,2021-11-11 23:14:07.000
48073704,Andrea,t,2019-08-29 20:07:42.000,2019-08-29 20:07:42.000
48075317,Lodovica,f,2016-01-01 05:56:08.000,2016-01-01 05:56:08.000
48088037,Hendrik,f,2020-07-23 13:36:36.000,2020-07-23 13:36:36.000
48090800,Stephan,t,2017-08-11 07:38:09.000,2017-08-11 07:38:09.000
48094926,Paul,f,2017-07-07 21:26:29.000,2017-07-07 21:26:29.000
48098445,Johanna,f,2017-08-06 14:50:00.000,2017-08-06 14:50:00.000
48117755,Diego,f,2018-01-03 02:08:24.000,2018-01-03 02:08:24.000
48135956,Katharina,f,2017-07-27 09:26:11.000,2017-07-27 09:26:11.000
48143121,Cristina,f,2019-09-19 22:02:51.000,2019-09-19 22:02:51.000
48155013,Christine,f,2018-05-13 09:19:45.000,2018-05-13 09:19:45.000
48182523,Anupam,f,2020-03-01 21:56:55.000,2020-03-01 21:56:55.000
48194724,Marian,t,2020-12-14 02:16:26.000,2020-12-14 02:16:26.000
48235962,Lukas,f,2017-08-23 14:49:16.000,2017-08-23 14:49:16.000
48242833,Sarah,t,2015-11-05 15:44:12.000,2015-11-05 15:44:12.000
48246874,Celine,f,2015-11-07 18:00:37.000,2015-11-07 18:00:37.000
48267425,Kalle,f,2021-11-02 06:04:19.000,2021-11-02 06:04:19.000
48268160,Reini,f,2021-11-19 01:15:38.000,2021-11-19 01:15:38.000
48273473,Marcel,f,2021-11-19 16:52:09.000,2021-11-19 16:52:09.000
48304780,Yingya,f,2021-11-09 04:28:50.000,2021-11-09 04:28:50.000
48309527,Dominik,f,2021-09-23 10:59:50.000,2021-09-23 10:59:50.000
48311536,Jenny,f,2015-12-17 19:36:44.000,2015-12-17 19:36:44.000
48315402,Benjamin,f,2021-10-29 22:20:45.000,2021-10-29 22:20:45.000
48324223,Lisa,f,2017-07-08 14:05:00.000,2017-07-08 14:05:00.000
48330762,Oliver,t,2019-03-09 02:17:05.000,2019-03-09 02:17:05.000
48388657,Julia,f,2019-07-18 17:27:37.000,2019-07-18 17:27:37.000
48388688,Blandine,f,2015-11-09 12:31:21.000,2015-11-09 12:31:21.000
48406225,Boro,f,2015-11-09 19:14:08.000,2015-11-09 19:14:08.000
48414419,Si,f,2017-04-09 19:43:34.000,2017-04-09 19:43:34.000
48416458,Christoph,f,2015-12-28 09:09:47.000,2015-12-28 09:09:47.000
48422365,Berit,f,2016-08-06 08:10:52.000,2016-08-06 08:10:52.000
48462085,Franzi Viktualia,f,2019-05-07 15:27:45.000,2019-05-07 15:27:45.000
48464380,Wilhelm,f,2019-11-20 07:25:29.000,2019-11-20 07:25:29.000
48477297,Vera,f,2017-05-09 13:51:31.000,2017-05-09 13:51:31.000
48479194,Tim,f,2017-08-17 20:01:49.000,2017-08-17 20:01:49.000
48494537,Marc,f,2020-06-23 11:19:48.000,2020-06-23 11:19:48.000
48494867,Fayez,f,2017-08-26 20:53:47.000,2017-08-26 20:53:47.000
48503637,Alexandra,f,2016-02-28 07:53:13.000,2016-02-28 07:53:13.000
48504151,Lukas,f,2017-01-05 23:39:27.000,2017-01-05 23:39:27.000
48505274,Philipp,f,2017-04-03 13:57:51.000,2017-04-03 13:57:51.000
48549359,Lise,f,2021-10-29 22:48:48.000,2021-10-29 22:48:48.000
48554991,Beate,t,2019-05-03 00:08:22.000,2019-05-03 00:08:22.000
48563928,Lisa,f,2021-11-12 21:53:04.000,2021-11-12 21:53:04.000
48573522,Markus,f,2020-02-14 02:27:07.000,2020-02-14 02:27:07.000
48584829,Thun,f,2019-06-28 04:01:51.000,2019-06-28 04:01:51.000
48598844,Astrid,t,2016-04-24 08:57:10.000,2016-04-24 08:57:10.000
48600187,Rick Maria,t,2018-12-30 07:24:38.000,2018-12-30 07:24:38.000
48608070,Anastasios,f,2015-12-20 08:46:28.000,2015-12-20 08:46:28.000
48651119,Hannelore,f,2016-01-31 15:35:04.000,2016-01-31 15:35:04.000
48658819,Rocinta,f,2021-11-17 18:40:34.000,2021-11-17 18:40:34.000
48660131,Benjamin,f,2018-09-21 05:53:08.000,2018-09-21 05:53:08.000
48666378,Maria,t,2018-01-16 14:18:33.000,2018-01-16 14:18:33.000
48674492,Hannah,f,2020-02-20 06:31:09.000,2020-02-20 06:31:09.000
48681616,Sebastian,f,2017-10-18 11:34:40.000,2017-10-18 11:34:40.000
48693209,Clara,f,2019-09-08 07:58:20.000,2019-09-08 07:58:20.000
48743231,Faustin,f,2016-05-06 04:54:10.000,2016-05-06 04:54:10.000
48746782,Liliana,f,2016-01-05 11:27:03.000,2016-01-05 11:27:03.000
48750397,Eva,f,2020-07-03 19:29:26.000,2020-07-03 19:29:26.000
48765425,Nadine,f,2017-05-25 16:57:08.000,2017-05-25 16:57:08.000
48767494,Mathias,f,2019-07-27 22:17:04.000,2019-07-27 22:17:04.000
48772258,Beatrice,f,2020-02-01 15:37:12.000,2020-02-01 15:37:12.000
48788385,Kaspar,f,2017-05-21 09:02:29.000,2017-05-21 09:02:29.000
48796721,Sascha,f,2019-05-29 09:43:43.000,2019-05-29 09:43:43.000
48805100,René,f,2021-10-31 04:40:54.000,2021-10-31 04:40:54.000
48830587,Jochen,f,2018-08-16 06:33:40.000,2018-08-16 06:33:40.000
48842094,Merve,f,2021-10-11 11:45:26.000,2021-10-11 11:45:26.000
48848836,Ekaterina,f,2019-05-13 23:08:22.000,2019-05-13 23:08:22.000
48850702,Yuval,f,2019-05-12 02:34:31.000,2019-05-12 02:34:31.000
48853122,Antonia,f,2018-09-24 20:49:04.000,2018-09-24 20:49:04.000
48858677,Alessandro,f,2019-07-17 05:04:40.000,2019-07-17 05:04:40.000
48860904,Juli,f,2017-05-18 13:49:39.000,2017-05-18 13:49:39.000
48872858,Robin,f,2021-11-18 09:43:04.000,2021-11-18 09:43:04.000
48919884,Aleksandra,f,2021-11-13 13:06:05.000,2021-11-13 13:06:05.000
48929254,Vilhelm 7,f,2015-11-18 13:55:50.000,2015-11-18 13:55:50.000
48945955,Lariane,f,2021-11-12 16:31:57.000,2021-11-12 16:31:57.000
48956046,Heike,f,2021-10-24 14:22:22.000,2021-10-24 14:22:22.000
48961235,Stella,f,2015-11-16 19:52:17.000,2015-11-16 19:52:17.000
49019837,July,t,2018-07-14 02:50:50.000,2018-07-14 02:50:50.000
49068215,Dan & Robert,t,2016-05-06 13:54:34.000,2016-05-06 13:54:34.000
49071383,Amina,f,2016-08-13 15:54:13.000,2016-08-13 15:54:13.000
49146055,Gabriele,f,2021-11-04 04:55:41.000,2021-11-04 04:55:41.000
49233032,Marina,f,2019-04-14 05:09:20.000,2019-04-14 05:09:20.000
49234052,Cathleen,f,2015-12-26 05:06:20.000,2015-12-26 05:06:20.000
49237705,Tilo,f,2017-10-22 19:14:48.000,2017-10-22 19:14:48.000
49239290,Ann,f,2021-11-11 07:11:39.000,2021-11-11 07:11:39.000
49252413,Robert,f,2015-12-20 20:28:15.000,2015-12-20 20:28:15.000
49331865,Vanni,t,2018-04-23 11:36:14.000,2018-04-23 11:36:14.000
49342944,Caro,f,2015-12-25 17:08:56.000,2015-12-25 17:08:56.000
49350373,Andrea &Miri,f,2016-09-21 09:28:46.000,2016-09-21 09:28:46.000
49360311,Julie,f,2019-09-25 10:10:24.000,2019-09-25 10:10:24.000
49404245,Lukas,f,2019-04-14 19:01:50.000,2019-04-14 19:01:50.000
49416896,Antonio,f,2021-11-01 18:40:56.000,2021-11-01 18:40:56.000
49418427,Pinyapat,f,2021-08-27 23:28:40.000,2021-08-27 23:28:40.000
49423227,Svenja,f,2019-05-16 12:11:55.000,2019-05-16 12:11:55.000
49423896,Beate,t,2015-11-21 02:49:56.000,2015-11-21 02:49:56.000
49432458,Markus,f,2016-02-19 04:46:38.000,2016-02-19 04:46:38.000
49467735,Pierre,f,2019-05-26 19:51:42.000,2019-05-26 19:51:42.000
49469944,Hannes,f,2021-11-18 03:59:43.000,2021-11-18 03:59:43.000
49472627,Michael,f,2018-09-01 03:21:26.000,2018-09-01 03:21:26.000
49480576,Vincenzina,t,2017-03-27 09:37:10.000,2017-03-27 09:37:10.000
49509822,Ingo,f,2019-06-19 20:26:43.000,2019-06-19 20:26:43.000
49562507,Lea,f,2019-04-29 05:00:17.000,2019-04-29 05:00:17.000
49563005,Lilli,f,2021-11-08 09:26:56.000,2021-11-08 09:26:56.000
49566100,Andrew,f,2020-01-30 09:35:04.000,2020-01-30 09:35:04.000
49571456,Linda,f,2015-12-19 11:52:59.000,2015-12-19 11:52:59.000
49602552,Boris,f,2018-07-08 16:46:40.000,2018-07-08 16:46:40.000
49613218,Babette,f,2016-08-16 08:31:33.000,2016-08-16 08:31:33.000
49613896,Lucy,f,2021-11-06 16:43:06.000,2021-11-06 16:43:06.000
49616494,Hassan,f,2021-10-25 04:50:26.000,2021-10-25 04:50:26.000
49636918,Danukie,f,2016-01-04 20:35:46.000,2016-01-04 20:35:46.000
49646679,Katrin,f,2017-02-15 02:40:41.000,2017-02-15 02:40:41.000
49655698,Noura,f,2021-10-27 01:48:12.000,2021-10-27 01:48:12.000
49687874,Maximilian,f,2021-11-12 21:50:10.000,2021-11-12 21:50:10.000
49699722,Timotée (Lily),f,2021-02-23 10:11:54.000,2021-02-23 10:11:54.000
49700718,Lily,f,2016-08-10 23:17:45.000,2016-08-10 23:17:45.000
49706106,Nico,f,2015-11-26 06:13:30.000,2015-11-26 06:13:30.000
49721186,Christian,f,2021-11-17 02:20:41.000,2021-11-17 02:20:41.000
49764282,Christopher,f,2016-02-27 10:16:48.000,2016-02-27 10:16:48.000
49765839,Daniel,f,2019-10-21 01:15:44.000,2019-10-21 01:15:44.000
49768068,Jannis,f,2017-04-04 11:33:34.000,2017-04-04 11:33:34.000
49771951,Sören,f,2016-02-02 14:19:05.000,2016-02-02 14:19:05.000
49788899,Kieran,f,2021-11-13 23:09:21.000,2021-11-13 23:09:21.000
49790112,Valentin,f,2015-12-14 05:44:33.000,2015-12-14 05:44:33.000
49795321,Monica,f,2019-09-26 05:44:24.000,2019-09-26 05:44:24.000
49801167,Sarah,f,2020-07-10 05:59:54.000,2020-07-10 05:59:54.000
49805293,Elisabeth,f,2018-11-16 21:09:10.000,2018-11-16 21:09:10.000
49810575,Matthias,f,2017-02-09 14:31:33.000,2017-02-09 14:31:33.000
49812588,Ronja,f,2016-03-24 07:51:19.000,2016-03-24 07:51:19.000
49815862,Jacob,t,2016-04-27 18:08:01.000,2016-04-27 18:08:01.000
49837605,Iris,f,2018-09-26 13:40:21.000,2018-09-26 13:40:21.000
49838469,Jacob,f,2021-11-10 10:03:50.000,2021-11-10 10:03:50.000
49840372,Ana,f,2019-04-16 02:56:32.000,2019-04-16 02:56:32.000
49843827,Helene,f,2018-11-28 10:34:21.000,2018-11-28 10:34:21.000
49845399,Daniel,f,2021-11-14 12:02:17.000,2021-11-14 12:02:17.000
49846799,David,f,2018-07-14 11:40:25.000,2018-07-14 11:40:25.000
49850828,Benjamin,t,2017-03-25 23:11:37.000,2017-03-25 23:11:37.000
49862464,Hequn,f,2015-12-19 18:07:51.000,2015-12-19 18:07:51.000
49878241,Ezgi,t,2020-01-19 19:47:17.000,2020-01-19 19:47:17.000
49883896,Sigrun,f,2015-12-31 01:25:29.000,2015-12-31 01:25:29.000
49886215,Sepulveda,f,2015-12-30 03:46:42.000,2015-12-30 03:46:42.000
49886297,Lisa,f,2021-11-10 21:29:38.000,2021-11-10 21:29:38.000
49893886,Peter,f,2019-08-19 00:38:40.000,2019-08-19 00:38:40.000
49908413,Rachel,f,2019-09-16 16:05:25.000,2019-09-16 16:05:25.000
49916080,Franziska,t,2019-09-06 23:21:14.000,2019-09-06 23:21:14.000
49941234,Katia,f,2015-12-19 05:30:58.000,2015-12-19 05:30:58.000
49955987,Klaus,f,2015-12-30 07:06:32.000,2015-12-30 07:06:32.000
49971189,Younes,f,2021-11-17 21:12:58.000,2021-11-17 21:12:58.000
49980517,Verena,f,2019-06-24 07:59:17.000,2019-06-24 07:59:17.000
49982491,Christian,f,2015-12-17 11:39:49.000,2015-12-17 11:39:49.000
49985632,Michiel,f,2021-11-11 01:27:59.000,2021-11-11 01:27:59.000
49986729,Monika,f,2016-04-24 20:52:32.000,2016-04-24 20:52:32.000
50011456,Alysha,f,2016-02-12 08:05:16.000,2016-02-12 08:05:16.000
50032593,Irina,f,2015-12-26 08:51:07.000,2015-12-26 08:51:07.000
50046135,Betty & Stefan,t,2015-12-19 14:16:26.000,2015-12-19 14:16:26.000
50056316,Graf,f,2021-11-05 16:34:59.000,2021-11-05 16:34:59.000
50061239,Aida,f,2021-10-31 14:56:44.000,2021-10-31 14:56:44.000
50081741,Sarah,f,2021-11-14 16:11:45.000,2021-11-14 16:11:45.000
50100689,Guido,t,2017-01-01 08:25:11.000,2017-01-01 08:25:11.000
50107682,Katja,f,2021-11-03 04:25:19.000,2021-11-03 04:25:19.000
50110974,Cecilia,f,2016-01-09 01:09:41.000,2016-01-09 01:09:41.000
50183407,Johann,f,2017-05-23 01:23:57.000,2017-05-23 01:23:57.000
50197206,Jurgen,f,2021-11-07 07:06:36.000,2021-11-07 07:06:36.000
50198806,Julian,f,2016-02-22 12:31:22.000,2016-02-22 12:31:22.000
50203920,Lisa,f,2021-10-30 22:26:21.000,2021-10-30 22:26:21.000
50214277,Giuseppe,f,2021-11-14 22:31:17.000,2021-11-14 22:31:17.000
50248574,Petra,f,2017-05-18 17:47:29.000,2017-05-18 17:47:29.000
50259108,Thais,f,2021-11-09 10:55:32.000,2021-11-09 10:55:32.000
50259787,Maren,f,2021-10-25 11:09:41.000,2021-10-25 11:09:41.000
50260808,Katharina,f,2017-11-18 23:28:50.000,2017-11-18 23:28:50.000
50277048,David,f,2021-11-10 01:59:58.000,2021-11-10 01:59:58.000
50277358,Johannes,f,2017-07-05 22:43:58.000,2017-07-05 22:43:58.000
50294639,Anja,f,2015-12-22 22:45:55.000,2015-12-22 22:45:55.000
50297007,Sarah,f,2016-07-30 05:51:28.000,2016-07-30 05:51:28.000
50304667,Janez,f,2021-11-02 00:35:19.000,2021-11-02 00:35:19.000
50311596,Lara,f,2021-11-05 04:11:56.000,2021-11-05 04:11:56.000
50350370,Matthias,f,2021-11-14 13:24:59.000,2021-11-14 13:24:59.000
50360863,Aaron,f,2021-09-22 03:03:32.000,2021-09-22 03:03:32.000
50368299,Rafał,f,2018-10-29 21:06:55.000,2018-10-29 21:06:55.000
50373075,Benjamin,f,2015-12-20 06:57:47.000,2015-12-20 06:57:47.000
50382442,Ramona,f,2017-04-30 15:46:58.000,2017-04-30 15:46:58.000
50383687,Constantin,f,2017-04-22 17:06:52.000,2017-04-22 17:06:52.000
50393653,Ute,t,2015-12-05 00:31:13.000,2015-12-05 00:31:13.000
50423467,Sarah,f,2016-02-23 08:37:38.000,2016-02-23 08:37:38.000
50438926,Mats,f,2018-04-02 09:28:00.000,2018-04-02 09:28:00.000
50467317,Tara,f,2021-10-21 05:48:08.000,2021-10-21 05:48:08.000
50496223,Christoph,f,2016-01-03 23:35:01.000,2016-01-03 23:35:01.000
50511360,Felix,f,2016-08-10 13:15:43.000,2016-08-10 13:15:43.000
50523833,Tuan,f,2019-03-08 08:42:29.000,2019-03-08 08:42:29.000
50526984,Korbi,f,2021-11-14 03:03:46.000,2021-11-14 03:03:46.000
50534425,Carolin,f,2016-02-28 04:33:18.000,2016-02-28 04:33:18.000
50549834,Rikesh,f,2020-10-06 16:33:02.000,2020-10-06 16:33:02.000
50568003,Alexandra,f,2017-06-17 23:29:55.000,2017-06-17 23:29:55.000
50569695,Margareta,f,2017-09-17 22:58:43.000,2017-09-17 22:58:43.000
50582454,Toni,f,2016-03-03 02:04:59.000,2016-03-03 02:04:59.000
50583468,Josefin,f,2021-10-29 02:06:13.000,2021-10-29 02:06:13.000
50637258,David,f,2016-01-17 16:28:13.000,2016-01-17 16:28:13.000
50644449,Linus,f,2016-08-09 08:35:14.000,2016-08-09 08:35:14.000
50649075,Paula,f,2016-01-04 02:52:23.000,2016-01-04 02:52:23.000
50653519,Till,f,2017-12-15 21:13:53.000,2017-12-15 21:13:53.000
50658705,Paul,t,2020-06-14 13:55:36.000,2020-06-14 13:55:36.000
50661784,Pujanito,f,2020-07-17 03:41:43.000,2020-07-17 03:41:43.000
50673065,Jeremy,f,2020-10-23 17:40:16.000,2020-10-23 17:40:16.000
50673335,Manoj,f,2021-07-10 23:24:31.000,2021-07-10 23:24:31.000
50679189,Sanne Maria & Natalie,t,2016-01-03 09:09:38.000,2016-01-03 09:09:38.000
50714275,Ly,f,2021-10-22 15:49:14.000,2021-10-22 15:49:14.000
50720713,Dwight,f,2020-01-10 09:51:07.000,2020-01-10 09:51:07.000
50725594,Franzi,t,2021-05-23 09:21:49.000,2021-05-23 09:21:49.000
50728537,Juli,f,2015-12-16 21:11:34.000,2015-12-16 21:11:34.000
50736153,Febin,f,2015-12-13 02:39:06.000,2015-12-13 02:39:06.000
50737554,Paul,f,2017-12-29 22:30:40.000,2017-12-29 22:30:40.000
50745892,N.,f,2015-12-13 06:21:18.000,2015-12-13 06:21:18.000
50750555,Dana,f,2016-04-25 20:12:20.000,2016-04-25 20:12:20.000
50752827,Kostas,f,2018-10-06 10:51:28.000,2018-10-06 10:51:28.000
50758515,Borja,f,2021-10-31 10:33:39.000,2021-10-31 10:33:39.000
50792170,Miriam,f,2016-07-13 16:40:48.000,2016-07-13 16:40:48.000
50793856,Vasco,f,2020-06-05 12:23:52.000,2020-06-05 12:23:52.000
50796520,Karsten,f,2021-11-02 18:20:00.000,2021-11-02 18:20:00.000
50796551,Tina,f,2017-07-05 18:21:53.000,2017-07-05 18:21:53.000
50798217,Christine,f,2015-12-21 19:02:00.000,2015-12-21 19:02:00.000
50800966,Corentine,f,2016-03-18 01:38:34.000,2016-03-18 01:38:34.000
50802586,Suzanne,f,2016-07-14 16:03:09.000,2016-07-14 16:03:09.000
50805687,Shari,f,2018-04-18 10:21:04.000,2018-04-18 10:21:04.000
50814368,Nino,f,2021-11-19 08:07:24.000,2021-11-19 08:07:24.000
50820030,Iason,f,2017-11-04 16:04:15.000,2017-11-04 16:04:15.000
50820600,Jan,f,2015-12-12 04:26:12.000,2015-12-12 04:26:12.000
50821931,Gabriel,f,2021-11-16 14:41:47.000,2021-11-16 14:41:47.000
50822706,Davide,f,2021-11-13 16:54:26.000,2021-11-13 16:54:26.000
50822759,Laura,f,2015-12-20 01:47:29.000,2015-12-20 01:47:29.000
50830032,Kristina,f,2015-12-25 16:36:03.000,2015-12-25 16:36:03.000
50832967,Joanne,f,2015-12-22 02:51:57.000,2015-12-22 02:51:57.000
50843503,Stefan,f,2016-01-18 07:39:29.000,2016-01-18 07:39:29.000
50884171,Lana,t,2018-04-24 12:11:43.000,2018-04-24 12:11:43.000
50897882,Laura,f,2016-03-13 23:07:30.000,2016-03-13 23:07:30.000
50906247,Kerstin,f,2015-12-30 07:10:04.000,2015-12-30 07:10:04.000
50937757,Will,f,2021-07-29 23:53:08.000,2021-07-29 23:53:08.000
50964385,Lourdes,f,2021-11-02 10:31:41.000,2021-11-02 10:31:41.000
50969015,Juliane,f,2021-10-31 00:47:21.000,2021-10-31 00:47:21.000
50976411,Ash,f,2021-10-25 05:20:24.000,2021-10-25 05:20:24.000
50979010,Julia,f,2015-12-19 10:43:27.000,2015-12-19 10:43:27.000
50995835,Sinah,f,2016-03-25 03:21:42.000,2016-03-25 03:21:42.000
50997131,Aisling,f,2021-10-23 13:21:02.000,2021-10-23 13:21:02.000
51048394,Britta,f,2016-01-02 01:37:17.000,2016-01-02 01:37:17.000
51049226,Anna,f,2016-11-08 09:12:18.000,2016-11-08 09:12:18.000
51049470,Pia,f,2017-05-25 22:47:02.000,2017-05-25 22:47:02.000
51050498,Jan,f,2017-01-01 23:46:36.000,2017-01-01 23:46:36.000
51051469,Aina,f,2018-09-16 01:32:16.000,2018-09-16 01:32:16.000
51052515,Asia,f,2016-03-02 15:54:52.000,2016-03-02 15:54:52.000
51052716,Violetta,f,2020-01-14 03:38:13.000,2020-01-14 03:38:13.000
51068248,Kevin,f,2021-11-11 08:27:26.000,2021-11-11 08:27:26.000
51069713,Sebastian,f,2021-11-18 10:16:38.000,2021-11-18 10:16:38.000
51107633,Tina,f,2021-11-12 20:41:43.000,2021-11-12 20:41:43.000
51122032,Alessandra,f,2019-04-24 02:28:17.000,2019-04-24 02:28:17.000
51174259,Sara,f,2018-01-16 06:34:18.000,2018-01-16 06:34:18.000
51197882,Lena,f,2017-10-16 04:53:33.000,2017-10-16 04:53:33.000
51213122,Elisabeth,f,2020-05-28 02:59:16.000,2020-05-28 02:59:16.000
51226717,Christel,f,2016-01-04 11:57:24.000,2016-01-04 11:57:24.000
51230229,Julia,f,2016-01-01 01:43:27.000,2016-01-01 01:43:27.000
51232479,Tamara,f,2015-12-26 01:13:01.000,2015-12-26 01:13:01.000
51239150,Sophia,t,2016-04-26 05:57:21.000,2016-04-26 05:57:21.000
51248015,Karolina,f,2016-02-13 05:00:48.000,2016-02-13 05:00:48.000
51251225,Alessa,f,2018-12-17 15:06:16.000,2018-12-17 15:06:16.000
51255053,Jakob,f,2021-10-22 09:00:34.000,2021-10-22 09:00:34.000
51285750,Luca,f,2015-12-23 04:45:21.000,2015-12-23 04:45:21.000
51303476,Thanos,f,2021-11-13 19:47:03.000,2021-11-13 19:47:03.000
51318915,Albert,f,2016-01-01 16:33:53.000,2016-01-01 16:33:53.000
51322446,Andrea,f,2021-10-25 20:49:53.000,2021-10-25 20:49:53.000
51352517,Isabella,f,2016-06-29 04:18:12.000,2016-06-29 04:18:12.000
51389821,Friedrich,f,2016-02-03 18:20:35.000,2016-02-03 18:20:35.000
51396796,Eike,f,2021-10-25 17:10:44.000,2021-10-25 17:10:44.000
51402378,Johanna,f,2018-02-25 00:09:29.000,2018-02-25 00:09:29.000
51404370,Malon,f,2021-11-03 14:22:32.000,2021-11-03 14:22:32.000
51414448,Hendrik,f,2018-03-08 03:51:04.000,2018-03-08 03:51:04.000
51416094,Mona,t,2019-12-28 15:20:45.000,2019-12-28 15:20:45.000
51420774,Alexis,f,2019-12-25 03:57:59.000,2019-12-25 03:57:59.000
51438995,Martin,f,2021-11-09 18:10:40.000,2021-11-09 18:10:40.000
51446835,Hannes,f,2018-02-18 14:01:46.000,2018-02-18 14:01:46.000
51501207,Torsten,f,2016-01-02 09:27:10.000,2016-01-02 09:27:10.000
51505141,Arndt,f,2021-11-08 10:04:01.000,2021-11-08 10:04:01.000
51505587,Borja,f,2015-12-20 00:20:03.000,2015-12-20 00:20:03.000
51508411,Jessy,t,2015-12-25 13:22:51.000,2015-12-25 13:22:51.000
51508677,Janine,f,2021-11-06 02:55:40.000,2021-11-06 02:55:40.000
51512740,Katja,f,2015-12-28 23:23:55.000,2015-12-28 23:23:55.000
51512938,Max,f,2016-07-13 17:55:40.000,2016-07-13 17:55:40.000
51529869,Paul,f,2020-08-01 19:24:36.000,2020-08-01 19:24:36.000
51559117,Nino,f,2019-01-03 20:50:11.000,2019-01-03 20:50:11.000
51563805,Georgia,f,2021-11-03 03:00:56.000,2021-11-03 03:00:56.000
51567830,Robinson,f,2021-10-25 06:16:45.000,2021-10-25 06:16:45.000
51568728,Lukas,f,2018-12-25 08:23:07.000,2018-12-25 08:23:07.000
51583947,Annelie,f,2015-12-26 14:15:54.000,2015-12-26 14:15:54.000
51587389,Laure,f,2015-12-22 19:30:27.000,2015-12-22 19:30:27.000
51590153,KwangnO,f,2021-11-14 17:35:29.000,2021-11-14 17:35:29.000
51590547,Richard,f,2016-03-02 13:03:02.000,2016-03-02 13:03:02.000
51592203,Vincens,f,2021-10-25 09:49:18.000,2021-10-25 09:49:18.000
51642830,Caroline,f,2015-12-27 15:00:14.000,2015-12-27 15:00:14.000
51643455,Franz,f,2020-09-11 01:18:26.000,2020-09-11 01:18:26.000
51643679,Christopher,f,2019-12-19 15:45:40.000,2019-12-19 15:45:40.000
51655251,Moni,f,2021-09-19 01:37:19.000,2021-09-19 01:37:19.000
51660980,Grazyna,f,2021-10-21 09:55:56.000,2021-10-21 09:55:56.000
51667677,Can,f,2015-12-25 18:56:32.000,2015-12-25 18:56:32.000
51670549,Paolo,f,2018-01-08 21:48:12.000,2018-01-08 21:48:12.000
51671248,Layla,f,2021-11-19 10:43:04.000,2021-11-19 10:43:04.000
51713592,Eloy,f,2018-11-02 07:21:28.000,2018-11-02 07:21:28.000
51715237,Marie-Louise,f,2017-06-05 21:56:07.000,2017-06-05 21:56:07.000
51716465,Martin,f,2021-11-08 09:30:42.000,2021-11-08 09:30:42.000
51720664,Stefanie,f,2021-11-15 10:40:13.000,2021-11-15 10:40:13.000
51721219,Andrea,f,2021-10-30 11:02:11.000,2021-10-30 11:02:11.000
51744892,Georg,f,2017-09-17 00:22:41.000,2017-09-17 00:22:41.000
51773775,Oscar,f,2018-12-21 02:43:39.000,2018-12-21 02:43:39.000
51776727,Franz,f,2018-06-16 12:23:23.000,2018-06-16 12:23:23.000
51790334,Roi,t,2018-04-11 21:28:04.000,2018-04-11 21:28:04.000
51797521,Iris,f,2019-11-03 19:53:48.000,2019-11-03 19:53:48.000
51817833,Eleni,f,2016-03-20 18:13:06.000,2016-03-20 18:13:06.000
51819353,Jan,f,2021-11-04 00:37:49.000,2021-11-04 00:37:49.000
51835782,Markus,f,2020-07-13 11:13:30.000,2020-07-13 11:13:30.000
51840096,Julia,f,2015-12-21 20:42:00.000,2015-12-21 20:42:00.000
51843024,Berlin Innovation StreetService,f,2021-11-14 02:15:22.000,2021-11-14 02:15:22.000
51845971,Kev,f,2021-10-28 02:08:14.000,2021-10-28 02:08:14.000
51885311,Eric & Gini,t,2015-12-30 03:08:23.000,2015-12-30 03:08:23.000
51885813,Vartan,f,2020-07-31 16:15:14.000,2020-07-31 16:15:14.000
51891596,Islam,f,2021-06-13 15:32:20.000,2021-06-13 15:32:20.000
51894938,Kamal,f,2019-12-01 09:49:14.000,2019-12-01 09:49:14.000
51894996,Lara,f,2021-11-13 11:07:06.000,2021-11-13 11:07:06.000
51902100,Sarasati,f,2019-03-13 08:02:56.000,2019-03-13 08:02:56.000
51906700,Fion,f,2015-12-24 17:27:23.000,2015-12-24 17:27:23.000
51910103,Rosa,f,2017-08-14 14:30:10.000,2017-08-14 14:30:10.000
51910388,Martin,f,2018-07-23 05:29:04.000,2018-07-23 05:29:04.000
51921461,Yakob,f,2015-12-29 20:47:42.000,2015-12-29 20:47:42.000
51937300,Nele,f,2018-06-08 17:01:36.000,2018-06-08 17:01:36.000
51948019,Hendryk,f,2016-07-24 17:28:17.000,2016-07-24 17:28:17.000
51948404,Sam,f,2019-11-18 10:20:47.000,2019-11-18 10:20:47.000
51975484,Eva,f,2021-11-14 03:41:09.000,2021-11-14 03:41:09.000
51984795,Petra,f,2021-10-22 10:09:12.000,2021-10-22 10:09:12.000
51991086,Natalia,f,2019-07-30 11:36:15.000,2019-07-30 11:36:15.000
51991295,Marcus,f,2016-03-19 20:13:36.000,2016-03-19 20:13:36.000
52028112,Martin,f,2015-12-24 10:36:44.000,2015-12-24 10:36:44.000
52029487,Sascha,f,2019-12-25 20:30:15.000,2019-12-25 20:30:15.000
52064539,Isa,f,2021-11-16 18:22:09.000,2021-11-16 18:22:09.000
52076119,Timocin,f,2021-10-25 09:19:36.000,2021-10-25 09:19:36.000
52108855,Andreas,t,2016-01-13 00:23:25.000,2016-01-13 00:23:25.000
52118104,Gustavo,f,2016-03-26 07:16:17.000,2016-03-26 07:16:17.000
52145267,Angelina,f,2016-03-20 05:02:59.000,2016-03-20 05:02:59.000
52147903,Ngoc Anh,f,2016-04-13 13:04:41.000,2016-04-13 13:04:41.000
52155493,Simon,f,2018-02-11 09:30:37.000,2018-02-11 09:30:37.000
52201553,Johan Philippe,f,2017-05-15 03:56:29.000,2017-05-15 03:56:29.000
52202834,Edina,f,2021-10-24 22:52:06.000,2021-10-24 22:52:06.000
52224371,Hans-Günter,f,2021-11-04 18:44:57.000,2021-11-04 18:44:57.000
52226561,Isabel,f,2021-07-24 00:32:53.000,2021-07-24 00:32:53.000
52229437,Reza,f,2016-01-13 09:40:59.000,2016-01-13 09:40:59.000
52238768,Claudia,f,2017-04-02 13:29:41.000,2017-04-02 13:29:41.000
52263903,Max,f,2018-05-09 00:51:03.000,2018-05-09 00:51:03.000
52292041,Sirin,f,2021-07-25 19:38:28.000,2021-07-25 19:38:28.000
52296044,Sabine,t,2016-05-22 04:39:50.000,2016-05-22 04:39:50.000
52309277,Regina,t,2017-08-30 23:12:31.000,2017-08-30 23:12:31.000
52327150,Tanita,f,2021-10-25 17:47:37.000,2021-10-25 17:47:37.000
52347599,Felix,t,2018-01-23 23:33:46.000,2018-01-23 23:33:46.000
52397861,Klaus,f,2016-02-20 11:48:34.000,2016-02-20 11:48:34.000
52411447,Arne,f,2021-10-22 04:35:02.000,2021-10-22 04:35:02.000
52413786,Mara,f,2018-06-23 03:25:11.000,2018-06-23 03:25:11.000
52429570,Alexandre,f,2017-12-29 09:40:43.000,2017-12-29 09:40:43.000
52455568,Leonie-Viktoria,f,2017-09-13 16:12:40.000,2017-09-13 16:12:40.000
52474500,Demo,f,2018-12-29 20:56:59.000,2018-12-29 20:56:59.000
52498946,Raphael,f,2015-12-28 04:00:17.000,2015-12-28 04:00:17.000
52505576,Lisa,f,2020-01-04 14:25:58.000,2020-01-04 14:25:58.000
52518826,Susanne,f,2018-04-21 22:43:39.000,2018-04-21 22:43:39.000
52538700,Ye,f,2021-10-30 20:30:36.000,2021-10-30 20:30:36.000
52547830,Stefan,t,2015-12-25 02:40:03.000,2015-12-25 02:40:03.000
52556807,Stephane,f,2019-03-02 00:11:41.000,2019-03-02 00:11:41.000
52581674,Michael,f,2015-12-31 20:20:32.000,2015-12-31 20:20:32.000
52613128,Benedikt,f,2017-05-31 23:20:38.000,2017-05-31 23:20:38.000
52622613,Svenja,f,2016-09-28 22:17:06.000,2016-09-28 22:17:06.000
52625108,Christian,f,2019-04-20 12:28:45.000,2019-04-20 12:28:45.000
52638602,Lena,f,2021-07-11 13:47:12.000,2021-07-11 13:47:12.000
52646342,Stefanie,f,2018-09-03 10:43:01.000,2018-09-03 10:43:01.000
52662658,Andrew,f,2021-11-15 07:23:31.000,2021-11-15 07:23:31.000
52681915,Kirsten,f,2016-07-28 04:42:51.000,2016-07-28 04:42:51.000
52682609,Stella,f,2021-11-06 19:28:12.000,2021-11-06 19:28:12.000
52695146,Sebastian & Katya,t,2016-08-30 14:23:09.000,2016-08-30 14:23:09.000
52747435,Asel,f,2016-02-26 00:47:09.000,2016-02-26 00:47:09.000
52778138,Charlie,f,2015-12-28 17:49:43.000,2015-12-28 17:49:43.000
52846636,Timo,t,2016-03-16 05:13:43.000,2016-03-16 05:13:43.000
52856310,Benedikt&Edi,t,2017-09-04 04:41:32.000,2017-09-04 04:41:32.000
52856486,Jonas,f,2020-12-17 07:23:33.000,2020-12-17 07:23:33.000
52873071,Andreas,f,2018-12-26 20:12:32.000,2018-12-26 20:12:32.000
52911616,Dorothea,f,2018-10-17 01:34:29.000,2018-10-17 01:34:29.000
52913342,Gabriela,f,2016-07-31 10:15:57.000,2016-07-31 10:15:57.000
52933591,Scarlett,f,2016-01-18 21:50:23.000,2016-01-18 21:50:23.000
53007190,Oxana,f,2021-11-10 19:54:13.000,2021-11-10 19:54:13.000
53025541,Jeannine,t,2017-07-13 22:29:01.000,2017-07-13 22:29:01.000
53067818,Faivel,f,2016-02-04 22:10:55.000,2016-02-04 22:10:55.000
53070331,Jimena,f,2021-11-08 07:06:18.000,2021-11-08 07:06:18.000
53120094,Simon,f,2018-08-21 05:04:57.000,2018-08-21 05:04:57.000
53142449,Sandra,f,2016-03-22 00:22:07.000,2016-03-22 00:22:07.000
53153293,Ida,t,2017-10-31 02:39:04.000,2017-10-31 02:39:04.000
53155471,Cedric,f,2021-10-22 15:21:20.000,2021-10-22 15:21:20.000
53158363,Christopher,f,2021-11-18 13:12:45.000,2021-11-18 13:12:45.000
53175788,Yanina And Maruan,f,2017-05-18 02:32:42.000,2017-05-18 02:32:42.000
53178054,Philipp,f,2016-12-26 22:13:38.000,2016-12-26 22:13:38.000
53185812,Nelli,f,2021-07-13 09:15:23.000,2021-07-13 09:15:23.000
53194897,Keivon,f,2018-02-02 22:31:56.000,2018-02-02 22:31:56.000
53195002,Carlotta,t,2020-09-07 15:16:21.000,2020-09-07 15:16:21.000
53211747,Alejandro,f,2017-12-25 21:57:23.000,2017-12-25 21:57:23.000
53321230,Björn,f,2021-10-23 00:14:51.000,2021-10-23 00:14:51.000
53335761,Katharina,f,2017-02-28 09:02:54.000,2017-02-28 09:02:54.000
53348908,Gizem,f,2019-09-11 22:45:19.000,2019-09-11 22:45:19.000
53371818,Heiko,f,2017-07-02 16:56:25.000,2017-07-02 16:56:25.000
53393720,Nikolas,t,2018-08-25 10:55:15.000,2018-08-25 10:55:15.000
53403922,Johanna,f,2019-04-21 06:15:44.000,2019-04-21 06:15:44.000
53404947,Katja,f,2017-08-22 07:35:18.000,2017-08-22 07:35:18.000
53448879,Daniela,f,2021-11-05 05:39:36.000,2021-11-05 05:39:36.000
53449782,Michael,f,2018-05-12 02:09:47.000,2018-05-12 02:09:47.000
53454109,Myriel,t,2018-03-27 23:03:17.000,2018-03-27 23:03:17.000
53477610,Sebastian,f,2021-10-27 14:01:34.000,2021-10-27 14:01:34.000
53488427,Cristobal,f,2020-02-12 21:37:11.000,2020-02-12 21:37:11.000
53491919,Silvana,f,2021-11-16 18:48:54.000,2021-11-16 18:48:54.000
53549768,Valdimar,f,2021-10-27 08:23:02.000,2021-10-27 08:23:02.000
53570607,Miguel,f,2016-08-21 14:19:51.000,2016-08-21 14:19:51.000
53586404,Andreas,f,2021-10-31 20:51:49.000,2021-10-31 20:51:49.000
53589203,Katharina,f,2020-09-27 21:50:40.000,2020-09-27 21:50:40.000
53591283,Sören,f,2016-06-14 09:13:25.000,2016-06-14 09:13:25.000
53597265,Marlies,f,2017-03-01 22:53:14.000,2017-03-01 22:53:14.000
53606053,Blumen,f,2016-05-07 14:16:43.000,2016-05-07 14:16:43.000
53612210,Joy,f,2020-01-25 16:26:56.000,2020-01-25 16:26:56.000
53623589,Sandra,f,2016-01-17 04:25:06.000,2016-01-17 04:25:06.000
53670626,Felix,f,2021-02-03 00:24:22.000,2021-02-03 00:24:22.000
53684639,Stefanie Und Otto,t,2016-02-26 02:29:19.000,2016-02-26 02:29:19.000
53687492,Mathias,f,2021-10-27 14:32:20.000,2021-10-27 14:32:20.000
53693060,Valerie,f,2018-04-08 15:55:01.000,2018-04-08 15:55:01.000
53752240,Jan,f,2017-07-15 06:40:01.000,2017-07-15 06:40:01.000
53788404,Stefan,f,2017-08-06 04:28:47.000,2017-08-06 04:28:47.000
53794130,Gabriel,f,2020-06-30 02:27:26.000,2020-06-30 02:27:26.000
53808299,Marlies,t,2021-06-13 01:24:12.000,2021-06-13 01:24:12.000
53843329,Francisco,f,2017-06-25 05:34:15.000,2017-06-25 05:34:15.000
53851752,Franka,f,2018-11-17 02:27:41.000,2018-11-17 02:27:41.000
53872456,Miriam,f,2019-08-24 17:32:49.000,2019-08-24 17:32:49.000
53930872,Maria,f,2019-06-23 23:08:57.000,2019-06-23 23:08:57.000
53955833,Edna,f,2018-04-05 12:19:47.000,2018-04-05 12:19:47.000
53993442,Miguel,f,2021-11-11 06:23:27.000,2021-11-11 06:23:27.000
54011227,Nicola,f,2021-11-05 15:23:39.000,2021-11-05 15:23:39.000
54015623,Kathrin,f,2016-10-21 15:10:20.000,2016-10-21 15:10:20.000
54026785,Lori,f,2018-09-16 16:33:18.000,2018-09-16 16:33:18.000
54039179,Lana,f,2016-01-27 21:49:46.000,2016-01-27 21:49:46.000
54045095,Carolin,f,2021-10-09 05:17:06.000,2021-10-09 05:17:06.000
54084178,Luna,f,2017-12-24 19:33:06.000,2017-12-24 19:33:06.000
54084595,Ricardo,f,2016-01-22 16:21:25.000,2016-01-22 16:21:25.000
54091912,Nephèle,f,2019-03-21 14:18:28.000,2019-03-21 14:18:28.000
54093691,Svea,f,2019-01-21 07:26:26.000,2019-01-21 07:26:26.000
54111539,Marieke,f,2020-03-12 16:48:55.000,2020-03-12 16:48:55.000
54113594,Gaia,f,2016-01-21 00:37:33.000,2016-01-21 00:37:33.000
54117705,Karo,f,2016-01-24 02:42:42.000,2016-01-24 02:42:42.000
54120928,Mikka,f,2017-08-20 04:42:52.000,2017-08-20 04:42:52.000
54185699,Laura,f,2016-02-01 17:41:55.000,2016-02-01 17:41:55.000
54188129,Linda,f,2019-02-28 09:58:54.000,2019-02-28 09:58:54.000
54202482,Tavy,f,2017-04-22 07:02:08.000,2017-04-22 07:02:08.000
54213236,Stäff,f,2018-12-04 19:29:44.000,2018-12-04 19:29:44.000
54224455,,,2016-01-09 12:59:04.000,2016-01-09 12:59:04.000
54238656,Sascha,f,2016-02-17 16:23:50.000,2016-02-17 16:23:50.000
54250758,Nick,f,2021-08-01 07:02:11.000,2021-08-01 07:02:11.000
54292499,Arash,f,2016-05-14 21:43:50.000,2016-05-14 21:43:50.000
54307874,Ansgar,f,2021-11-08 06:24:39.000,2021-11-08 06:24:39.000
54313999,Sarah,f,2017-08-01 14:31:50.000,2017-08-01 14:31:50.000
54335694,Jens & Cynthia,f,2018-04-22 17:36:21.000,2018-04-22 17:36:21.000
54377152,Kira,f,2021-11-13 15:53:16.000,2021-11-13 15:53:16.000
54389953,Anna,f,2021-11-02 10:37:32.000,2021-11-02 10:37:32.000
54391982,Lola,t,2017-11-11 03:42:52.000,2017-11-11 03:42:52.000
54392178,Rubens,f,2020-01-23 02:24:13.000,2020-01-23 02:24:13.000
54399385,Lew,f,2017-09-15 03:16:58.000,2017-09-15 03:16:58.000
54450641,Mathias,f,2021-11-02 02:12:05.000,2021-11-02 02:12:05.000
54502064,Basti,f,2017-09-13 07:44:06.000,2017-09-13 07:44:06.000
54590771,Vanessa,f,2021-07-31 21:10:04.000,2021-07-31 21:10:04.000
54600196,Barbara,f,2017-05-01 11:45:03.000,2017-05-01 11:45:03.000
54615245,Lika,f,2016-10-07 13:47:48.000,2016-10-07 13:47:48.000
54649737,Scott,f,2017-10-14 05:26:26.000,2017-10-14 05:26:26.000
54732878,Yana,f,2021-07-08 16:43:07.000,2021-07-08 16:43:07.000
54782146,Mahdi,f,2021-11-17 02:07:13.000,2021-11-17 02:07:13.000
54828299,Ida,f,2021-10-28 06:53:06.000,2021-10-28 06:53:06.000
54863461,Robert,f,2017-06-27 20:35:07.000,2017-06-27 20:35:07.000
54900115,Philipp,f,2017-07-18 21:38:50.000,2017-07-18 21:38:50.000
54963541,Marina,f,2017-05-15 23:44:21.000,2017-05-15 23:44:21.000
54992855,Felix,f,2021-03-15 09:27:35.000,2021-03-15 09:27:35.000
54997884,Stefan,f,2016-04-30 23:17:52.000,2016-04-30 23:17:52.000
55002456,Gaelle,f,2016-01-23 18:09:18.000,2016-01-23 18:09:18.000
55015962,Jennifer,f,2016-02-15 13:01:59.000,2016-02-15 13:01:59.000
55078157,Cristina,f,2019-06-29 15:53:05.000,2019-06-29 15:53:05.000
55100686,Celine,f,2021-07-19 12:20:35.000,2021-07-19 12:20:35.000
55112486,Aggelos,f,2017-07-11 16:17:39.000,2017-07-11 16:17:39.000
55119310,Luis,f,2016-06-13 03:09:29.000,2016-06-13 03:09:29.000
55133496,Joana,f,2016-02-07 14:57:33.000,2016-02-07 14:57:33.000
55150317,Frank,f,2021-11-11 10:21:25.000,2021-11-11 10:21:25.000
55156277,Julian,f,2021-09-29 07:29:49.000,2021-09-29 07:29:49.000
55168797,Caroline,f,2021-05-29 03:53:39.000,2021-05-29 03:53:39.000
55235883,Christoph,f,2016-03-09 19:34:23.000,2016-03-09 19:34:23.000
55282143,Alex,f,2021-11-04 16:46:41.000,2021-11-04 16:46:41.000
55312310,Yenon,f,2016-02-24 02:10:23.000,2016-02-24 02:10:23.000
55365825,Sebastian,f,2017-11-26 04:47:40.000,2017-11-26 04:47:40.000
55367578,Lucia,f,2021-11-14 09:55:06.000,2021-11-14 09:55:06.000
55368306,Andrea,f,2017-01-01 04:57:37.000,2017-01-01 04:57:37.000
55372447,Joon,f,2018-12-19 07:53:31.000,2018-12-19 07:53:31.000
55398739,Laurentiu,f,2016-02-14 13:03:02.000,2016-02-14 13:03:02.000
55421464,Janna,f,2018-07-14 23:36:15.000,2018-07-14 23:36:15.000
55428645,Ricardo,f,2016-12-15 13:34:19.000,2016-12-15 13:34:19.000
55437697,Siam,f,2021-05-10 18:36:26.000,2021-05-10 18:36:26.000
55448723,Anouk,f,2021-10-21 19:36:35.000,2021-10-21 19:36:35.000
55492341,Natalie,f,2018-06-19 19:04:12.000,2018-06-19 19:04:12.000
55498571,Lisa,f,2017-05-21 11:12:40.000,2017-05-21 11:12:40.000
55499527,Jan-Friedrich,f,2020-07-04 09:58:52.000,2020-07-04 09:58:52.000
55519959,Rolf,f,2020-01-21 21:21:19.000,2020-01-21 21:21:19.000
55521033,Bruno,f,2021-11-13 16:07:32.000,2021-11-13 16:07:32.000
55575904,Laura,f,2019-12-17 21:57:49.000,2019-12-17 21:57:49.000
55580816,Sophia,f,2016-09-22 02:31:04.000,2016-09-22 02:31:04.000
55642741,Kati Und Corinna,f,2017-12-29 06:03:08.000,2017-12-29 06:03:08.000
55649888,Sani,f,2021-10-22 01:02:15.000,2021-10-22 01:02:15.000
55673009,Volker,f,2020-02-15 10:24:17.000,2020-02-15 10:24:17.000
55674119,Ute,t,2019-04-17 01:08:19.000,2019-04-17 01:08:19.000
55739926,Carolina,f,2017-07-24 11:38:49.000,2017-07-24 11:38:49.000
55743225,Nora,t,2017-02-06 23:21:49.000,2017-02-06 23:21:49.000
55780190,Fraenze,f,2020-02-04 12:22:21.000,2020-02-04 12:22:21.000
55799917,Mika,f,2019-04-20 07:20:26.000,2019-04-20 07:20:26.000
55803398,Svea,f,2017-08-02 23:03:35.000,2017-08-02 23:03:35.000
55816301,Finn Juniper,f,2016-02-09 15:09:13.000,2016-02-09 15:09:13.000
55867725,Anna,f,2019-07-05 21:16:46.000,2019-07-05 21:16:46.000
55871108,Lilith,f,2018-12-30 00:57:25.000,2018-12-30 00:57:25.000
55901347,Amelie,f,2018-11-08 14:23:09.000,2018-11-08 14:23:09.000
55907695,Fabian,f,2016-04-21 08:52:13.000,2016-04-21 08:52:13.000
55922747,Jacqueline,f,2019-12-30 22:29:06.000,2019-12-30 22:29:06.000
55963418,Jeff,f,2021-10-30 03:57:42.000,2021-10-30 03:57:42.000
55965188,Kubilay,f,2017-05-05 14:10:11.000,2017-05-05 14:10:11.000
55971801,Jochen,f,2017-12-31 06:55:52.000,2017-12-31 06:55:52.000
56013348,Boris,f,2016-03-09 23:35:50.000,2016-03-09 23:35:50.000
56014099,Viktoria,t,2017-06-09 13:06:54.000,2017-06-09 13:06:54.000
56016871,Katrin,f,2021-10-21 21:15:34.000,2021-10-21 21:15:34.000
56044034,Jasmin,f,2016-02-20 10:29:35.000,2016-02-20 10:29:35.000
56075624,Janina,f,2016-02-02 10:03:12.000,2016-02-02 10:03:12.000
56107463,Kai,f,2019-10-14 07:26:27.000,2019-10-14 07:26:27.000
56141754,Romina Schalisar,f,2021-07-23 20:05:15.000,2021-07-23 20:05:15.000
56155617,Louise,f,2018-12-23 17:31:20.000,2018-12-23 17:31:20.000
56159154,Jan,f,2021-10-30 22:46:53.000,2021-10-30 22:46:53.000
56162819,Anne-Britt,f,2016-02-05 05:13:01.000,2016-02-05 05:13:01.000
56165003,Rene,f,2021-03-16 05:52:21.000,2021-03-16 05:52:21.000
56170557,Julia,t,2016-04-30 02:51:21.000,2016-04-30 02:51:21.000
56173831,Amelie,f,2017-03-31 09:28:22.000,2017-03-31 09:28:22.000
56179378,Alexandre,t,2019-10-28 15:18:59.000,2019-10-28 15:18:59.000
56183072,Bliss,f,2021-11-11 00:42:25.000,2021-11-11 00:42:25.000
56188476,Angelique,f,2021-10-01 11:57:22.000,2021-10-01 11:57:22.000
56236881,Eric,t,2018-11-13 00:45:09.000,2018-11-13 00:45:09.000
56291501,Lutz,f,2018-01-01 20:33:28.000,2018-01-01 20:33:28.000
56322931,Dino,f,2016-02-29 04:27:06.000,2016-02-29 04:27:06.000
56325270,Sevil,f,2016-05-03 04:07:06.000,2016-05-03 04:07:06.000
56349256,Manuela,t,2019-06-03 21:13:40.000,2019-06-03 21:13:40.000
56366659,Julian,f,2016-02-26 00:19:14.000,2016-02-26 00:19:14.000
56375778,Natalie,f,2016-10-07 20:24:05.000,2016-10-07 20:24:05.000
56440069,Michael,f,2019-02-12 07:38:30.000,2019-02-12 07:38:30.000
56443445,Lucas,f,2018-09-26 11:49:14.000,2018-09-26 11:49:14.000
56470016,Owen,t,2017-12-02 21:49:37.000,2017-12-02 21:49:37.000
56471494,Mara,f,2021-10-26 05:19:44.000,2021-10-26 05:19:44.000
56484481,Gabriele,f,2021-11-11 20:54:26.000,2021-11-11 20:54:26.000
56528258,Alexander,t,2018-05-11 14:59:33.000,2018-05-11 14:59:33.000
56532225,Lea,f,2018-09-17 23:21:27.000,2018-09-17 23:21:27.000
56573811,Waldemar,t,2021-08-28 17:00:18.000,2021-08-28 17:00:18.000
56584911,Benjamin,f,2021-10-23 14:34:58.000,2021-10-23 14:34:58.000
56625319,Christa,f,2017-10-24 00:47:05.000,2017-10-24 00:47:05.000
56677332,Robea,f,2016-03-30 20:38:58.000,2016-03-30 20:38:58.000
56679285,Sagar,f,2021-11-14 21:16:50.000,2021-11-14 21:16:50.000
56683403,Franziska,f,2016-02-05 15:31:05.000,2016-02-05 15:31:05.000
56744627,Rosie Rui,f,2019-12-27 01:24:40.000,2019-12-27 01:24:40.000
56794825,Luciano,f,2018-02-23 05:13:47.000,2018-02-23 05:13:47.000
56796487,Helena,t,2016-02-28 21:04:17.000,2016-02-28 21:04:17.000
56812807,Fernando,f,2019-10-17 19:30:40.000,2019-10-17 19:30:40.000
56854091,Boris,f,2017-07-16 12:18:02.000,2017-07-16 12:18:02.000
56855980,Ann,f,2016-04-26 01:08:22.000,2016-04-26 01:08:22.000
56862190,Kathrin,f,2021-09-30 22:10:55.000,2021-09-30 22:10:55.000
56868136,Alexander,f,2019-09-15 18:14:56.000,2019-09-15 18:14:56.000
56876031,Tobi,t,2019-02-18 04:58:14.000,2019-02-18 04:58:14.000
56900314,Frank,f,2017-08-24 01:27:17.000,2017-08-24 01:27:17.000
56953386,Anne,f,2019-08-15 03:52:49.000,2019-08-15 03:52:49.000
56956645,Merel Maan,f,2019-08-12 05:33:33.000,2019-08-12 05:33:33.000
56991364,Julian,f,2021-09-09 05:03:13.000,2021-09-09 05:03:13.000
57020742,Anna,f,2016-06-07 01:42:10.000,2016-06-07 01:42:10.000
57021007,Busch,f,2019-07-05 16:52:11.000,2019-07-05 16:52:11.000
57034784,Barbara+Martin,f,2016-03-26 22:15:33.000,2016-03-26 22:15:33.000
57080564,Olivier,f,2018-05-29 03:48:09.000,2018-05-29 03:48:09.000
57082778,Vici,f,2021-10-28 08:09:10.000,2021-10-28 08:09:10.000
57086331,Melanie,f,2019-12-27 02:52:52.000,2019-12-27 02:52:52.000
57089655,Reiner,f,2021-11-01 06:43:54.000,2021-11-01 06:43:54.000
57105200,Harald,f,2016-03-25 23:52:28.000,2016-03-25 23:52:28.000
57113592,Marian,f,2019-12-28 23:47:39.000,2019-12-28 23:47:39.000
57133876,Fred,t,2016-07-12 18:34:30.000,2016-07-12 18:34:30.000
57137320,Simon Dom,t,2019-12-19 23:20:42.000,2019-12-19 23:20:42.000
57148500,Melani,f,2017-05-29 09:37:13.000,2017-05-29 09:37:13.000
57173681,Igor,f,2016-04-22 16:18:28.000,2016-04-22 16:18:28.000
57226171,Benjamin,f,2016-03-21 10:05:09.000,2016-03-21 10:05:09.000
57226699,Lucas,f,2018-03-17 07:00:08.000,2018-03-17 07:00:08.000
57233161,Maayan & Roy,f,2017-04-14 16:06:10.000,2017-04-14 16:06:10.000
57241645,Klara,f,2021-11-17 13:42:37.000,2021-11-17 13:42:37.000
57245428,Selena,f,2020-08-21 08:11:04.000,2020-08-21 08:11:04.000
57301036,Chris,f,2021-11-02 07:32:53.000,2021-11-02 07:32:53.000
57302248,Tim,f,2021-11-13 09:08:31.000,2021-11-13 09:08:31.000
57305253,Anna-Maria,f,2016-09-09 18:53:35.000,2016-09-09 18:53:35.000
57341996,Maria,f,2021-10-21 02:32:43.000,2021-10-21 02:32:43.000
57353713,Alyona,f,2021-10-27 20:14:24.000,2021-10-27 20:14:24.000
57366529,Louise,f,2017-08-11 18:30:23.000,2017-08-11 18:30:23.000
57372870,Jeannette,f,2016-04-28 03:57:04.000,2016-04-28 03:57:04.000
57375609,Finn,f,2019-07-21 12:22:23.000,2019-07-21 12:22:23.000
57386835,Sardor,f,2021-11-10 07:30:24.000,2021-11-10 07:30:24.000
57404824,Christian,f,2020-02-17 15:47:46.000,2020-02-17 15:47:46.000
57412513,Janik,f,2016-03-18 09:05:09.000,2016-03-18 09:05:09.000
57419874,Ina,f,2021-11-11 21:08:29.000,2021-11-11 21:08:29.000
57433866,Paul,f,2020-03-03 11:49:47.000,2020-03-03 11:49:47.000
57438376,Jan,f,2016-12-27 10:56:12.000,2016-12-27 10:56:12.000
57504543,Johannes,f,2021-11-05 08:27:50.000,2021-11-05 08:27:50.000
57511828,Xperior,f,2016-02-17 10:13:35.000,2016-02-17 10:13:35.000
57531053,Hai,f,2019-07-11 03:11:53.000,2019-07-11 03:11:53.000
57539891,Sarah,f,2021-11-11 13:47:28.000,2021-11-11 13:47:28.000
57540342,Paul,f,2018-07-30 04:59:42.000,2018-07-30 04:59:42.000
57552482,David,f,2021-11-05 23:47:47.000,2021-11-05 23:47:47.000
57614831,Tabea,f,2017-06-22 06:08:46.000,2017-06-22 06:08:46.000
57620151,Lucie,f,2017-06-16 16:28:55.000,2017-06-16 16:28:55.000
57628836,Fabian,f,2017-12-22 06:43:53.000,2017-12-22 06:43:53.000
57655540,Rokhaya,f,2019-08-08 00:24:59.000,2019-08-08 00:24:59.000
57687798,Milena,f,2016-03-07 13:38:37.000,2016-03-07 13:38:37.000
57704817,Jan,f,2021-10-29 13:10:39.000,2021-10-29 13:10:39.000
57731537,Olaf,f,2016-05-05 17:02:17.000,2016-05-05 17:02:17.000
57745499,Caren,f,2016-02-15 11:42:27.000,2016-02-15 11:42:27.000
57748497,Uwe,f,2021-11-10 21:17:10.000,2021-11-10 21:17:10.000
57757783,Heidi,f,2016-03-09 11:36:12.000,2016-03-09 11:36:12.000
57767279,Artem,f,2021-10-31 02:55:47.000,2021-10-31 02:55:47.000
57769991,Max,t,2016-02-05 22:16:14.000,2016-02-05 22:16:14.000
57811375,Sophia,f,2018-04-17 11:25:56.000,2018-04-17 11:25:56.000
57819829,Yaeli,f,2017-09-12 05:45:31.000,2017-09-12 05:45:31.000
57848204,Phuong,f,2016-02-13 16:12:23.000,2016-02-13 16:12:23.000
57864044,Ka & Pool,f,2016-06-19 11:33:55.000,2016-06-19 11:33:55.000
57876362,Elita,f,2021-10-27 14:31:12.000,2021-10-27 14:31:12.000
57881607,Lars,f,2017-07-06 23:29:36.000,2017-07-06 23:29:36.000
57881829,Irina,f,2016-02-25 04:43:53.000,2016-02-25 04:43:53.000
57888485,Bar,f,2017-08-21 14:30:12.000,2017-08-21 14:30:12.000
57899176,Annika,f,2019-04-16 08:27:38.000,2019-04-16 08:27:38.000
57917694,Ulrike,f,2021-10-22 13:55:50.000,2021-10-22 13:55:50.000
57963738,Erguven,f,2021-11-18 23:42:42.000,2021-11-18 23:42:42.000
58012780,Thomas,t,2019-11-08 12:05:27.000,2019-11-08 12:05:27.000
58015813,Marck,f,2018-07-04 04:43:34.000,2018-07-04 04:43:34.000
58016126,Houssem,t,2021-08-13 11:45:34.000,2021-08-13 11:45:34.000
58021390,Seoyoung,f,2016-03-01 09:27:47.000,2016-03-01 09:27:47.000
58061545,Saba,f,2016-03-16 04:19:09.000,2016-03-16 04:19:09.000
58065885,"Hildegard, Manuela",f,2018-07-02 12:37:21.000,2018-07-02 12:37:21.000
58068423,Miro,f,2016-02-27 23:39:05.000,2016-02-27 23:39:05.000
58083308,Nicholas,f,2016-02-22 23:36:23.000,2016-02-22 23:36:23.000
58083600,Lukas Samuel,f,2021-10-21 15:18:35.000,2021-10-21 15:18:35.000
58094207,Huong Lien,f,2019-12-27 20:39:17.000,2019-12-27 20:39:17.000
58127486,Edyta,f,2016-03-17 08:54:20.000,2016-03-17 08:54:20.000
58152822,Juliane,f,2016-02-09 16:52:34.000,2016-02-09 16:52:34.000
58158119,Paulina,f,2021-10-28 06:58:40.000,2021-10-28 06:58:40.000
58158328,Christian,f,2018-01-30 11:05:12.000,2018-01-30 11:05:12.000
58215670,Jakob,f,2021-11-11 12:01:17.000,2021-11-11 12:01:17.000
58223207,Bob,f,2016-03-24 15:32:51.000,2016-03-24 15:32:51.000
58229083,Ciara,f,2021-10-25 16:26:24.000,2021-10-25 16:26:24.000
58291331,Safa,f,2019-06-28 18:59:35.000,2019-06-28 18:59:35.000
58298580,Norbert,f,2017-11-06 19:02:56.000,2017-11-06 19:02:56.000
58309097,Julia,t,2019-12-14 06:47:07.000,2019-12-14 06:47:07.000
58319595,Lauren,f,2019-04-16 06:02:19.000,2019-04-16 06:02:19.000
58360269,Dila,f,2021-11-05 22:10:03.000,2021-11-05 22:10:03.000
58367024,Jelle,f,2016-03-06 08:03:17.000,2016-03-06 08:03:17.000
58415773,Paloma,f,2017-06-09 10:32:11.000,2017-06-09 10:32:11.000
58422296,Bettina,f,2016-02-16 04:25:02.000,2016-02-16 04:25:02.000
58425619,Katalin,f,2016-02-19 08:23:41.000,2016-02-19 08:23:41.000
58429157,Bárbara  De,f,2021-10-01 05:34:18.000,2021-10-01 05:34:18.000
58433789,John,f,2021-11-14 20:41:09.000,2021-11-14 20:41:09.000
58435806,Shimrit,f,2019-04-09 09:48:04.000,2019-04-09 09:48:04.000
58474737,Jonas,f,2021-11-19 17:01:19.000,2021-11-19 17:01:19.000
58476303,Felipe,f,2019-06-12 03:48:33.000,2019-06-12 03:48:33.000
58503186,Gunther David,f,2016-05-23 04:38:34.000,2016-05-23 04:38:34.000
58543978,Lukas,f,2016-05-14 09:14:30.000,2016-05-14 09:14:30.000
58572681,Smbat,f,2018-01-01 11:40:01.000,2018-01-01 11:40:01.000
58580360,Lisa,f,2016-04-29 08:48:28.000,2016-04-29 08:48:28.000
58590906,Noam,f,2018-08-11 13:23:37.000,2018-08-11 13:23:37.000
58621517,Sven,f,2017-09-07 23:11:47.000,2017-09-07 23:11:47.000
58670355,Jana,f,2016-08-10 19:38:18.000,2016-08-10 19:38:18.000
58685622,Sandra,f,2021-11-08 17:43:27.000,2021-11-08 17:43:27.000
58699310,The.Traveler,f,2016-04-10 04:58:50.000,2016-04-10 04:58:50.000
58699640,Claudia,f,2021-11-01 08:32:30.000,2021-11-01 08:32:30.000
58702250,Natalia,f,2018-06-21 04:39:32.000,2018-06-21 04:39:32.000
58709682,Moritz V.,t,2016-03-26 15:09:49.000,2016-03-26 15:09:49.000
58712095,Myriam + Mathis,f,2016-03-21 06:29:42.000,2016-03-21 06:29:42.000
58729176,Kristina,f,2016-05-01 08:57:24.000,2016-05-01 08:57:24.000
58732796,Isabelle,f,2017-08-01 08:00:54.000,2017-08-01 08:00:54.000
58756297,Christian,t,2019-03-08 11:18:51.000,2019-03-08 11:18:51.000
58760491,Monika,t,2016-02-09 08:05:58.000,2016-02-09 08:05:58.000
58769846,Dani,f,2017-10-06 16:59:14.000,2017-10-06 16:59:14.000
58793477,Alica,t,2016-08-23 20:31:33.000,2016-08-23 20:31:33.000
58843417,Felix,f,2021-10-30 07:20:37.000,2021-10-30 07:20:37.000
58877960,Mario Und Gisela,t,2018-02-24 21:06:18.000,2018-02-24 21:06:18.000
58893392,Bethany,f,2021-08-12 02:23:03.000,2021-08-12 02:23:03.000
58894682,Alina,f,2016-03-19 22:38:05.000,2016-03-19 22:38:05.000
58898991,Deja,f,2019-08-15 23:58:44.000,2019-08-15 23:58:44.000
58953151,Anne,f,2019-04-20 03:14:22.000,2019-04-20 03:14:22.000
58956148,玠庭,f,2017-12-23 12:21:24.000,2017-12-23 12:21:24.000
58965501,Manon,f,2018-08-20 11:29:43.000,2018-08-20 11:29:43.000
58988589,Defne,f,2020-02-09 21:06:17.000,2020-02-09 21:06:17.000
58989886,Yair,f,2016-03-05 03:15:05.000,2016-03-05 03:15:05.000
58995578,Susanne,f,2016-05-04 12:50:49.000,2016-05-04 12:50:49.000
59011125,Silvio,f,2017-04-12 21:58:41.000,2017-04-12 21:58:41.000
59030997,Philipp,f,2018-10-14 07:19:48.000,2018-10-14 07:19:48.000
59043399,Nicolas,f,2019-10-20 15:42:56.000,2019-10-20 15:42:56.000
59053080,Irina,f,2017-06-23 11:35:56.000,2017-06-23 11:35:56.000
59053199,Sonja,f,2021-08-10 03:12:32.000,2021-08-10 03:12:32.000
59073111,Konstantin,f,2017-05-09 23:33:36.000,2017-05-09 23:33:36.000
59133457,Jannika,f,2021-10-24 10:58:35.000,2021-10-24 10:58:35.000
59138020,Matthias,t,2016-07-26 13:28:52.000,2016-07-26 13:28:52.000
59183374,Jay,f,2017-07-21 02:37:56.000,2017-07-21 02:37:56.000
59233319,Jördis,f,2017-02-19 01:07:27.000,2017-02-19 01:07:27.000
59293347,Athanasios,f,2018-08-09 08:00:58.000,2018-08-09 08:00:58.000
59325975,Anne,f,2016-08-14 00:56:21.000,2016-08-14 00:56:21.000
59355611,Monica,f,2016-03-09 22:00:45.000,2016-03-09 22:00:45.000
59420773,Jana,f,2021-10-23 05:33:10.000,2021-10-23 05:33:10.000
59426366,Carolina,f,2021-11-18 02:03:38.000,2021-11-18 02:03:38.000
59430981,Tom,f,2016-03-06 12:51:31.000,2016-03-06 12:51:31.000
59444622,Melanie,f,2021-02-12 18:59:01.000,2021-02-12 18:59:01.000
59467923,Jana,f,2017-05-17 07:35:32.000,2017-05-17 07:35:32.000
59480002,Emily,f,2019-04-16 10:43:17.000,2019-04-16 10:43:17.000
59514628,Stef,f,2021-10-31 15:55:43.000,2021-10-31 15:55:43.000
59518142,Max,f,2017-02-12 23:24:52.000,2017-02-12 23:24:52.000
59579249,Constantin,f,2018-05-09 22:02:38.000,2018-05-09 22:02:38.000
59582559,Rita,f,2018-09-26 02:33:30.000,2018-09-26 02:33:30.000
59612353,Sven,t,2017-09-06 13:45:26.000,2017-09-06 13:45:26.000
59612406,Pauline,f,2018-03-16 11:00:37.000,2018-03-16 11:00:37.000
59620300,Nicole,f,2016-03-07 10:23:31.000,2016-03-07 10:23:31.000
59624172,Anna,f,2017-05-01 02:38:21.000,2017-05-01 02:38:21.000
59650912,Kevin,f,2019-03-17 18:39:33.000,2019-03-17 18:39:33.000
59664105,Kolja,t,2020-09-04 15:12:25.000,2020-09-04 15:12:25.000
59695623,Tom,f,2021-06-22 13:20:35.000,2021-06-22 13:20:35.000
59724629,Monika U. Uve,t,2016-04-26 01:08:48.000,2016-04-26 01:08:48.000
59795743,Jennifer,f,2016-08-03 16:13:19.000,2016-08-03 16:13:19.000
59858355,Ece,t,2016-03-19 07:27:45.000,2016-03-19 07:27:45.000
59859060,Andreas,f,2017-08-27 23:59:30.000,2017-08-27 23:59:30.000
59863274,Silan,f,2019-05-01 12:45:05.000,2019-05-01 12:45:05.000
59868782,Katja,f,2021-10-29 00:46:03.000,2021-10-29 00:46:03.000
59878089,Maximilian,f,2021-02-15 20:57:32.000,2021-02-15 20:57:32.000
59878861,Max,f,2021-10-26 09:29:42.000,2021-10-26 09:29:42.000
59896221,Tamara,f,2020-08-04 18:46:21.000,2020-08-04 18:46:21.000
59913112,Vilius,f,2017-05-17 15:19:47.000,2017-05-17 15:19:47.000
59917656,Lena,f,2021-11-12 03:49:04.000,2021-11-12 03:49:04.000
59922375,Alexander,f,2017-04-20 03:33:47.000,2017-04-20 03:33:47.000
59927929,Julia,f,2021-11-09 16:54:48.000,2021-11-09 16:54:48.000
59933257,Andreas,f,2021-11-15 04:21:34.000,2021-11-15 04:21:34.000
59965761,Benita,f,2021-11-02 20:11:16.000,2021-11-02 20:11:16.000
60031562,Lukas,f,2021-11-11 12:14:07.000,2021-11-11 12:14:07.000
60052672,Chen,f,2019-08-08 01:48:40.000,2019-08-08 01:48:40.000
60090071,Thomas,f,2021-10-31 21:02:54.000,2021-10-31 21:02:54.000
60104515,Roxy,f,2016-07-23 19:15:24.000,2016-07-23 19:15:24.000
60125887,Marian,f,2016-02-20 09:00:54.000,2016-02-20 09:00:54.000
60127795,Anthar,f,2021-07-10 17:11:49.000,2021-07-10 17:11:49.000
60156650,Jonathan,f,2019-12-26 23:03:43.000,2019-12-26 23:03:43.000
60169111,Roland,f,2021-11-08 09:28:07.000,2021-11-08 09:28:07.000
60172051,Melanie,f,2021-11-05 01:36:40.000,2021-11-05 01:36:40.000
60180410,Lulu,f,2020-07-13 07:31:10.000,2020-07-13 07:31:10.000
60199308,L,f,2021-11-02 22:27:43.000,2021-11-02 22:27:43.000
60219707,Sally,f,2019-04-08 22:59:19.000,2019-04-08 22:59:19.000
60260258,Eric,f,2019-07-24 03:26:42.000,2019-07-24 03:26:42.000
60263567,Ulrich,f,2019-07-22 22:39:43.000,2019-07-22 22:39:43.000
60301821,Hans-Peter,f,2017-07-01 16:28:01.000,2017-07-01 16:28:01.000
60332602,Ada,f,2016-08-02 13:47:37.000,2016-08-02 13:47:37.000
60371337,Patrick,f,2016-04-27 06:56:33.000,2016-04-27 06:56:33.000
60383418,Teresa,f,2016-11-26 13:57:16.000,2016-11-26 13:57:16.000
60391230,Faezeh,f,2018-01-01 05:41:08.000,2018-01-01 05:41:08.000
60398146,Angie,f,2021-11-10 00:50:13.000,2021-11-10 00:50:13.000
60405369,Aline,f,2021-08-09 00:10:43.000,2021-08-09 00:10:43.000
60449205,Andrius,f,2016-03-31 14:18:14.000,2016-03-31 14:18:14.000
60453879,Verena,f,2021-10-21 14:01:07.000,2021-10-21 14:01:07.000
60496890,Ferid,f,2016-12-20 05:41:24.000,2016-12-20 05:41:24.000
60519034,Irina,f,2020-09-30 04:18:21.000,2020-09-30 04:18:21.000
60519457,Lea,f,2016-03-10 17:40:13.000,2016-03-10 17:40:13.000
60530735,Ivy,f,2016-07-24 19:08:33.000,2016-07-24 19:08:33.000
60530801,Carina,f,2017-02-28 13:01:33.000,2017-02-28 13:01:33.000
60581773,M. Deniz,f,2021-07-20 14:32:50.000,2021-07-20 14:32:50.000
60621595,Zainab,f,2019-01-19 10:43:01.000,2019-01-19 10:43:01.000
60664957,Junes,f,2021-06-18 23:21:21.000,2021-06-18 23:21:21.000
60709250,Gabriele,t,2016-04-25 13:55:50.000,2016-04-25 13:55:50.000
60712748,Hans,t,2016-04-05 06:20:15.000,2016-04-05 06:20:15.000
60716680,Amelie,f,2016-09-09 03:14:02.000,2016-09-09 03:14:02.000
60720329,Gabriel,f,2017-04-11 00:45:23.000,2017-04-11 00:45:23.000
60742163,Jeremias,f,2019-03-27 03:23:52.000,2019-03-27 03:23:52.000
60763913,Tim,f,2021-08-08 01:11:28.000,2021-08-08 01:11:28.000
60771321,Christiane,f,2019-03-19 12:38:25.000,2019-03-19 12:38:25.000
60804383,Martha,f,2017-06-02 01:29:15.000,2017-06-02 01:29:15.000
60826363,Su,f,2016-03-13 04:45:36.000,2016-03-13 04:45:36.000
60868380,Shridhar,f,2017-12-17 06:20:59.000,2017-12-17 06:20:59.000
60892502,Clara,f,2016-10-23 14:33:18.000,2016-10-23 14:33:18.000
60892662,Theo,f,2021-10-21 17:26:05.000,2021-10-21 17:26:05.000
60897763,Zuzanna,f,2016-10-07 05:35:04.000,2016-10-07 05:35:04.000
60898413,Petra Und Ariane,f,2016-04-08 17:54:21.000,2016-04-08 17:54:21.000
60899747,Sam,f,2021-11-09 07:08:35.000,2021-11-09 07:08:35.000
60917817,Nan,f,2016-09-23 20:08:54.000,2016-09-23 20:08:54.000
60981090,Resi,f,2020-10-03 16:33:58.000,2020-10-03 16:33:58.000
61038050,Marco,f,2018-04-06 12:27:15.000,2018-04-06 12:27:15.000
61053385,Victoria,f,2017-12-13 19:39:31.000,2017-12-13 19:39:31.000
61058931,Julius,f,2016-11-09 14:46:51.000,2016-11-09 14:46:51.000
61060190,Romain,f,2021-11-15 15:37:23.000,2021-11-15 15:37:23.000
61064354,Urte,f,2018-06-14 06:23:05.000,2018-06-14 06:23:05.000
61076770,Adrienne,f,2021-11-01 17:49:59.000,2021-11-01 17:49:59.000
61083875,Malak,f,2021-11-10 22:00:33.000,2021-11-10 22:00:33.000
61098012,Stella,t,2021-05-24 01:55:53.000,2021-05-24 01:55:53.000
61105574,Petra,f,2018-07-26 13:14:41.000,2018-07-26 13:14:41.000
61129099,Sara,f,2018-03-03 06:32:55.000,2018-03-03 06:32:55.000
61129651,Lukas,f,2017-12-03 04:05:19.000,2017-12-03 04:05:19.000
61147879,Isabelle,f,2017-10-11 16:42:40.000,2017-10-11 16:42:40.000
61150316,Alaa,f,2021-06-27 14:34:12.000,2021-06-27 14:34:12.000
61195936,Lukas,f,2021-11-13 03:31:47.000,2021-11-13 03:31:47.000
61200675,Alex,f,2016-08-01 21:11:43.000,2016-08-01 21:11:43.000
61209463,Sirdin,f,2016-11-12 01:58:27.000,2016-11-12 01:58:27.000
61227811,Tcc,f,2021-04-08 03:05:04.000,2021-04-08 03:05:04.000
61252547,Loic,f,2019-09-10 01:20:47.000,2019-09-10 01:20:47.000
61253363,Madelaine,f,2016-05-24 04:22:50.000,2016-05-24 04:22:50.000
61256621,Dustin,f,2016-03-21 11:08:46.000,2016-03-21 11:08:46.000
61268701,Marie-Luise,f,2019-08-26 16:03:32.000,2019-08-26 16:03:32.000
61271001,Waldemar,f,2019-03-17 17:25:42.000,2019-03-17 17:25:42.000
61300139,Justine,f,2021-11-05 12:45:38.000,2021-11-05 12:45:38.000
61302720,Marc,f,2016-02-24 13:46:24.000,2016-02-24 13:46:24.000
61331613,Nikola,f,2016-04-21 19:10:17.000,2016-04-21 19:10:17.000
61347438,Faouzi /Daniela,f,2016-03-23 00:48:57.000,2016-03-23 00:48:57.000
61362397,Trésor,f,2017-07-15 09:27:57.000,2017-07-15 09:27:57.000
61379918,Markus,f,2016-03-04 04:34:11.000,2016-03-04 04:34:11.000
61391295,Uta,f,2016-05-09 03:31:37.000,2016-05-09 03:31:37.000
61417977,Hauke,t,2016-04-10 03:25:36.000,2016-04-10 03:25:36.000
61429400,Prince,f,2016-03-02 16:05:28.000,2016-03-02 16:05:28.000
61478518,Helena,f,2018-04-06 12:45:59.000,2018-04-06 12:45:59.000
61506911,Sören,t,2016-03-31 15:30:19.000,2016-03-31 15:30:19.000
61509100,Nicky,f,2018-05-04 15:07:25.000,2018-05-04 15:07:25.000
61527921,Csaba,f,2016-04-26 13:22:41.000,2016-04-26 13:22:41.000
61554733,Johanna,f,2019-12-24 17:34:57.000,2019-12-24 17:34:57.000
61572570,Jessi,f,2016-07-30 11:35:08.000,2016-07-30 11:35:08.000
61629010,Kristof,f,2021-10-24 02:18:14.000,2021-10-24 02:18:14.000
61651399,Janina Marie,f,2017-03-17 11:04:53.000,2017-03-17 11:04:53.000
61659173,Julie,f,2020-07-26 01:54:35.000,2020-07-26 01:54:35.000
61700071,Data,f,2021-11-15 09:03:12.000,2021-11-15 09:03:12.000
61715259,Petra,f,2016-12-06 22:31:59.000,2016-12-06 22:31:59.000
61752824,Isabelle,f,2019-06-18 04:59:51.000,2019-06-18 04:59:51.000
61783281,Bert,t,2017-08-29 23:26:07.000,2017-08-29 23:26:07.000
61789051,Ewa,f,2021-10-27 09:11:27.000,2021-10-27 09:11:27.000
61791417,Hannah,f,2017-12-18 21:49:39.000,2017-12-18 21:49:39.000
61804359,Alina,f,2021-11-05 04:31:26.000,2021-11-05 04:31:26.000
61821361,Cay,f,2019-12-31 17:47:07.000,2019-12-31 17:47:07.000
61828618,Alicia,f,2019-06-22 17:18:22.000,2019-06-22 17:18:22.000
61830542,Anna & Zamir,f,2016-04-15 21:11:27.000,2016-04-15 21:11:27.000
61914374,Parisa,f,2018-04-20 18:06:35.000,2018-04-20 18:06:35.000
61933589,Mike,f,2016-05-06 20:59:19.000,2016-05-06 20:59:19.000
61963951,Antoine,f,2016-03-23 04:16:09.000,2016-03-23 04:16:09.000
61965787,Bartolomeus,f,2019-12-26 00:55:51.000,2019-12-26 00:55:51.000
61980341,Luca,f,2016-04-15 23:16:10.000,2016-04-15 23:16:10.000
61995297,Frederik,f,2016-03-09 09:52:18.000,2016-03-09 09:52:18.000
62006671,Dana,f,2020-10-10 08:43:04.000,2020-10-10 08:43:04.000
62015907,Lei,f,2017-07-07 02:32:57.000,2017-07-07 02:32:57.000
62055673,Alice,t,2017-11-11 16:54:15.000,2017-11-11 16:54:15.000
62085351,Isabelle,f,2018-09-06 00:21:33.000,2018-09-06 00:21:33.000
62088260,Leah,t,2018-07-04 03:58:34.000,2018-07-04 03:58:34.000
62098133,Tanja,t,2018-07-10 07:06:22.000,2018-07-10 07:06:22.000
62105827,Ralf&Áine,t,2018-06-22 09:51:18.000,2018-06-22 09:51:18.000
62121792,Sarina,f,2017-10-05 13:14:34.000,2017-10-05 13:14:34.000
62126104,Judith,f,2021-11-03 22:53:02.000,2021-11-03 22:53:02.000
62128610,Danai,f,2018-02-17 02:25:19.000,2018-02-17 02:25:19.000
62136209,Marcel,f,2021-11-01 13:01:23.000,2021-11-01 13:01:23.000
62139339,Laura,t,2021-06-28 19:16:56.000,2021-06-28 19:16:56.000
62162239,Zeynep,f,2019-09-08 15:49:37.000,2019-09-08 15:49:37.000
62209648,Manuel,f,2021-09-20 04:10:38.000,2021-09-20 04:10:38.000
62217423,Regitze,f,2017-10-31 08:41:34.000,2017-10-31 08:41:34.000
62226642,Lucile,f,2021-11-05 18:20:15.000,2021-11-05 18:20:15.000
62231229,Waldemar,f,2021-11-05 12:57:33.000,2021-11-05 12:57:33.000
62245695,Vincent,f,2018-03-07 06:59:00.000,2018-03-07 06:59:00.000
62257531,Patrycja,f,2017-05-07 14:37:31.000,2017-05-07 14:37:31.000
62297614,Brad,t,2016-11-17 20:50:10.000,2016-11-17 20:50:10.000
62303873,Luisa,f,2021-11-14 23:48:56.000,2021-11-14 23:48:56.000
62304690,Arne,f,2021-11-18 15:32:03.000,2021-11-18 15:32:03.000
62374655,Rachel,f,2021-10-05 14:12:13.000,2021-10-05 14:12:13.000
62392413,Maurizio,f,2016-03-13 10:22:26.000,2016-03-13 10:22:26.000
62436817,Luca,f,2016-06-01 01:07:32.000,2016-06-01 01:07:32.000
62493437,Marta,f,2017-04-17 10:10:25.000,2017-04-17 10:10:25.000
62495402,Leo,f,2016-06-06 15:31:54.000,2016-06-06 15:31:54.000
62503501,Miriam,f,2016-05-13 07:41:53.000,2016-05-13 07:41:53.000
62518351,Alex,f,2018-08-14 20:48:33.000,2018-08-14 20:48:33.000
62523702,Maximilian,f,2018-02-28 23:32:31.000,2018-02-28 23:32:31.000
62534189,Ulrike,f,2021-10-25 05:12:28.000,2021-10-25 05:12:28.000
62571313,Boris,t,2020-08-31 00:04:21.000,2020-08-31 00:04:21.000
62571948,Matthew,f,2016-11-28 23:16:25.000,2016-11-28 23:16:25.000
62606288,Jule,f,2021-11-04 02:16:36.000,2021-11-04 02:16:36.000
62614252,Maria,t,2017-12-27 04:02:29.000,2017-12-27 04:02:29.000
62616500,Ferdinand,f,2016-03-17 07:28:17.000,2016-03-17 07:28:17.000
62619726,Shahana Yeasmin,f,2021-09-18 17:15:26.000,2021-09-18 17:15:26.000
62632935,Lalo,f,2021-10-24 02:32:49.000,2021-10-24 02:32:49.000
62637965,Birte,f,2018-04-19 09:29:04.000,2018-04-19 09:29:04.000
62639492,Eva,f,2016-07-14 14:35:03.000,2016-07-14 14:35:03.000
62721857,Kirsten,f,2021-04-11 04:54:44.000,2021-04-11 04:54:44.000
62726733,Valeria,f,2016-03-24 03:14:00.000,2016-03-24 03:14:00.000
62732163,Florian,f,2019-02-06 22:36:55.000,2019-02-06 22:36:55.000
62735554,Przemek,f,2016-04-19 07:44:23.000,2016-04-19 07:44:23.000
62747694,Simon,t,2019-04-06 07:47:56.000,2019-04-06 07:47:56.000
62752126,Maissa,f,2020-01-18 03:27:00.000,2020-01-18 03:27:00.000
62794429,Lydía,f,2016-03-31 15:31:04.000,2016-03-31 15:31:04.000
62806514,Igor,t,2021-08-07 09:10:35.000,2021-08-07 09:10:35.000
62812112,Yong Hyun,f,2018-08-14 00:41:40.000,2018-08-14 00:41:40.000
62819516,Carla & Daniel,t,2016-04-22 23:59:43.000,2016-04-22 23:59:43.000
62884180,Markward,f,2016-03-30 00:52:57.000,2016-03-30 00:52:57.000
62893953,Saskia,f,2016-03-24 20:50:44.000,2016-03-24 20:50:44.000
62952853,Tobias,t,2019-07-18 02:50:22.000,2019-07-18 02:50:22.000
63003389,Tex,f,2016-03-22 18:33:06.000,2016-03-22 18:33:06.000
63019606,Lexa,f,2021-11-16 22:36:49.000,2021-11-16 22:36:49.000
63024250,Robert,f,2019-11-25 00:18:37.000,2019-11-25 00:18:37.000
63036794,Peter,f,2017-08-13 11:30:19.000,2017-08-13 11:30:19.000
63055259,Joana,f,2016-08-19 18:25:08.000,2016-08-19 18:25:08.000
63059658,Jana,f,2016-03-28 06:51:43.000,2016-03-28 06:51:43.000
63081753,Nader,f,2017-05-17 17:33:02.000,2017-05-17 17:33:02.000
63091460,Ricarda,f,2021-11-04 09:15:31.000,2021-11-04 09:15:31.000
63093722,Franziska,f,2017-05-20 19:48:29.000,2017-05-20 19:48:29.000
63155773,Dounia,f,2021-04-10 03:00:56.000,2021-04-10 03:00:56.000
63195503,Gerrit,f,2017-08-31 13:08:17.000,2017-08-31 13:08:17.000
63232479,Jürgen,t,2020-02-11 02:38:45.000,2020-02-11 02:38:45.000
63252838,Lukas,f,2021-11-19 08:25:35.000,2021-11-19 08:25:35.000
63254920,Sebastian,f,2019-07-29 09:02:53.000,2019-07-29 09:02:53.000
63298493,Kruno,t,2017-12-18 17:36:09.000,2017-12-18 17:36:09.000
63314427,Véronique,f,2021-11-01 04:56:45.000,2021-11-01 04:56:45.000
63317544,Stephanie,f,2019-06-17 12:55:13.000,2019-06-17 12:55:13.000
63327541,Leopold,f,2016-03-25 08:44:20.000,2016-03-25 08:44:20.000
63334383,Anna,f,2017-12-17 16:44:04.000,2017-12-17 16:44:04.000
63358531,Philipp,f,2016-05-28 22:34:16.000,2016-05-28 22:34:16.000
63362619,Lotus,f,2020-08-15 18:00:38.000,2020-08-15 18:00:38.000
63367802,Moritz,f,2021-11-15 20:38:26.000,2021-11-15 20:38:26.000
63371290,Farid,f,2021-07-04 02:49:18.000,2021-07-04 02:49:18.000
63423885,Thomas,f,2020-10-04 19:18:36.000,2020-10-04 19:18:36.000
63463003,Friederike,f,2021-11-19 19:08:45.000,2021-11-19 19:08:45.000
63501313,Nick,f,2017-09-01 19:43:09.000,2017-09-01 19:43:09.000
63524329,Taniya,f,2021-11-06 07:09:49.000,2021-11-06 07:09:49.000
63565718,Sidonie,f,2019-09-07 22:40:29.000,2019-09-07 22:40:29.000
63574799,Pia,f,2019-07-03 11:40:33.000,2019-07-03 11:40:33.000
63577664,Marta,t,2020-02-06 15:48:21.000,2020-02-06 15:48:21.000
63578281,Elsa,f,2020-03-14 18:53:28.000,2020-03-14 18:53:28.000
63585146,Jim,f,2019-12-16 23:31:17.000,2019-12-16 23:31:17.000
63587105,Bettina,f,2017-09-21 17:37:23.000,2017-09-21 17:37:23.000
63600981,Anna-Maria,f,2021-10-28 19:39:48.000,2021-10-28 19:39:48.000
63615580,Lily,f,2017-03-08 04:47:37.000,2017-03-08 04:47:37.000
63643621,Aksel,f,2021-10-22 00:13:24.000,2021-10-22 00:13:24.000
63704154,Asila,f,2018-04-19 12:42:01.000,2018-04-19 12:42:01.000
63729517,Juliane,f,2021-07-15 20:03:29.000,2021-07-15 20:03:29.000
63730672,Marsal,f,2016-04-08 13:16:30.000,2016-04-08 13:16:30.000
63739282,Katja,f,2017-07-02 15:56:38.000,2017-07-02 15:56:38.000
63745452,Jaron,f,2021-10-27 10:19:00.000,2021-10-27 10:19:00.000
63749755,Muriel Rebecca,f,2016-03-28 07:22:05.000,2016-03-28 07:22:05.000
63779918,Marieke,f,2021-11-08 00:35:22.000,2021-11-08 00:35:22.000
63786570,Michelle,f,2021-10-27 14:49:16.000,2021-10-27 14:49:16.000
63825124,Jennifer,f,2017-07-09 19:11:34.000,2017-07-09 19:11:34.000
63838688,Jo,f,2016-03-29 18:24:56.000,2016-03-29 18:24:56.000
63839916,Lena,f,2018-02-21 14:01:06.000,2018-02-21 14:01:06.000
63847294,Uwe & Elke,t,2017-08-25 14:46:47.000,2017-08-25 14:46:47.000
63864498,Ricky,f,2016-04-26 07:45:02.000,2016-04-26 07:45:02.000
63873726,Nikolas,f,2017-04-13 07:10:16.000,2017-04-13 07:10:16.000
63884016,Marie,f,2016-04-16 20:35:23.000,2016-04-16 20:35:23.000
63897470,Sylvia,f,2021-10-28 21:57:07.000,2021-10-28 21:57:07.000
63897670,Marius,t,2020-11-06 15:40:08.000,2020-11-06 15:40:08.000
63899190,Natalia,f,2017-08-19 23:34:16.000,2017-08-19 23:34:16.000
63913360,Mathis,f,2021-08-11 03:11:33.000,2021-08-11 03:11:33.000
63916127,Otis,f,2018-03-01 10:08:21.000,2018-03-01 10:08:21.000
63939200,Vincent,f,2017-04-09 16:40:25.000,2017-04-09 16:40:25.000
63951654,Jan,t,2017-07-21 19:11:25.000,2017-07-21 19:11:25.000
64027411,Sina,f,2016-06-30 11:39:44.000,2016-06-30 11:39:44.000
64062132,Hops,f,2017-10-19 10:43:53.000,2017-10-19 10:43:53.000
64070571,Katrin,f,2019-12-30 01:07:20.000,2019-12-30 01:07:20.000
64071487,Maxime,f,2016-04-04 02:54:07.000,2016-04-04 02:54:07.000
64093452,Luka,f,2016-05-18 09:50:31.000,2016-05-18 09:50:31.000
64093922,Peter,f,2016-04-04 08:13:21.000,2016-04-04 08:13:21.000
64117760,Marie,f,2017-09-07 09:09:31.000,2017-09-07 09:09:31.000
64132839,Eva,t,2016-06-03 06:00:42.000,2016-06-03 06:00:42.000
64136102,Tim,f,2021-11-13 10:11:29.000,2021-11-13 10:11:29.000
64147753,Shreyas,f,2020-01-29 17:27:55.000,2020-01-29 17:27:55.000
64166708,María Del Mar,t,2016-11-02 01:03:55.000,2016-11-02 01:03:55.000
64186649,James,f,2018-08-12 12:44:05.000,2018-08-12 12:44:05.000
64195170,Richard,f,2019-06-03 08:44:53.000,2019-06-03 08:44:53.000
64199234,Markus,t,2016-04-07 20:24:29.000,2016-04-07 20:24:29.000
64199321,Kostis,f,2018-06-17 18:41:33.000,2018-06-17 18:41:33.000
64264322,Andreas,f,2020-08-01 15:56:25.000,2020-08-01 15:56:25.000
64265667,Lea,f,2016-04-04 21:33:56.000,2016-04-04 21:33:56.000
64266714,Yvonne,f,2021-10-26 14:06:45.000,2021-10-26 14:06:45.000
64267999,Angela,t,2016-05-15 03:23:49.000,2016-05-15 03:23:49.000
64272042,Karolina,f,2016-03-18 07:18:20.000,2016-03-18 07:18:20.000
64272645,Santiago,f,2016-10-11 16:23:25.000,2016-10-11 16:23:25.000
64283028,Hannah,f,2016-03-29 21:12:41.000,2016-03-29 21:12:41.000
64288768,Tim,f,2016-03-27 20:34:56.000,2016-03-27 20:34:56.000
64304129,Johanna,f,2017-12-04 04:02:47.000,2017-12-04 04:02:47.000
64325682,Sandra,f,2018-04-12 00:59:13.000,2018-04-12 00:59:13.000
64327578,Marius,f,2021-10-27 05:22:25.000,2021-10-27 05:22:25.000
64327694,Doris,f,2020-09-17 17:21:23.000,2020-09-17 17:21:23.000
64328126,Henriette,f,2021-11-15 10:53:24.000,2021-11-15 10:53:24.000
64343627,Miriam,f,2018-04-19 19:27:19.000,2018-04-19 19:27:19.000
64345071,Fenja,f,2018-11-07 19:32:41.000,2018-11-07 19:32:41.000
64411319,Rica,f,2016-04-23 09:09:54.000,2016-04-23 09:09:54.000
64423499,Marie,f,2016-04-12 02:50:58.000,2016-04-12 02:50:58.000
64445553,Andrea,f,2021-08-28 08:29:06.000,2021-08-28 08:29:06.000
64504628,Elisabetta,f,2016-07-05 02:32:38.000,2016-07-05 02:32:38.000
64507506,Yoren,f,2018-08-19 13:25:22.000,2018-08-19 13:25:22.000
64508896,Vitalii,f,2016-06-04 05:26:16.000,2016-06-04 05:26:16.000
64511203,Micha,f,2016-05-24 01:15:14.000,2016-05-24 01:15:14.000
64512295,Niek,f,2016-06-26 10:10:58.000,2016-06-26 10:10:58.000
64513223,Alain,f,2016-07-10 11:16:36.000,2016-07-10 11:16:36.000
64515974,Caterina,f,2016-04-19 20:42:35.000,2016-04-19 20:42:35.000
64572073,Thomas,f,2020-08-11 01:02:00.000,2020-08-11 01:02:00.000
64609445,Ina,f,2017-04-27 15:51:38.000,2017-04-27 15:51:38.000
64641410,Alexandra,f,2018-07-01 15:19:26.000,2018-07-01 15:19:26.000
64708663,Mona,f,2021-10-29 11:01:53.000,2021-10-29 11:01:53.000
64718074,Chris,f,2017-02-14 06:17:47.000,2017-02-14 06:17:47.000
64732992,Hasna,f,2017-08-30 10:23:03.000,2017-08-30 10:23:03.000
64734335,Alex,f,2017-05-21 14:56:01.000,2017-05-21 14:56:01.000
64736404,Greta,f,2018-10-02 15:42:38.000,2018-10-02 15:42:38.000
64749230,Fabian,f,2016-05-06 23:10:15.000,2016-05-06 23:10:15.000
64754253,Yan Paul,f,2021-11-04 21:23:42.000,2021-11-04 21:23:42.000
64778126,Kristen,f,2021-10-26 20:04:12.000,2021-10-26 20:04:12.000
64795600,Jan,t,2016-08-13 04:56:05.000,2016-08-13 04:56:05.000
64843165,Kay,t,2017-10-08 13:06:20.000,2017-10-08 13:06:20.000
64892773,Toya,f,2017-10-01 10:50:02.000,2017-10-01 10:50:02.000
64917845,André,f,2016-04-05 07:56:20.000,2016-04-05 07:56:20.000
64923801,Gökhan,f,2021-11-02 07:59:40.000,2021-11-02 07:59:40.000
64941677,Ingo,f,2020-01-07 22:41:00.000,2020-01-07 22:41:00.000
64999998,Theresia,f,2021-10-30 15:56:54.000,2021-10-30 15:56:54.000
65005808,Jürgen,t,2016-04-09 04:40:11.000,2016-04-09 04:40:11.000
65013887,Niko,f,2019-05-14 04:09:30.000,2019-05-14 04:09:30.000
65014731,Lisandro,f,2017-08-06 17:52:32.000,2017-08-06 17:52:32.000
65025515,Antonio,f,2016-08-13 17:22:57.000,2016-08-13 17:22:57.000
65028804,Izabella,f,2019-06-08 19:32:44.000,2019-06-08 19:32:44.000
65046030,Rike,f,2017-07-16 18:01:21.000,2017-07-16 18:01:21.000
65063783,Angelika,t,2020-10-29 19:49:59.000,2020-10-29 19:49:59.000
65122878,Adey,f,2021-09-10 11:29:08.000,2021-09-10 11:29:08.000
65126875,Joshua,f,2016-03-29 23:10:09.000,2016-03-29 23:10:09.000
65129667,Julia,t,2021-08-15 03:48:59.000,2021-08-15 03:48:59.000
65202128,Timo,f,2017-09-08 22:48:43.000,2017-09-08 22:48:43.000
65226110,Maik,f,2021-11-15 06:58:53.000,2021-11-15 06:58:53.000
65230566,Daria,t,2019-06-13 14:42:26.000,2019-06-13 14:42:26.000
65231755,Pia,f,2018-02-26 12:09:44.000,2018-02-26 12:09:44.000
65271566,Amin,f,2017-04-03 15:41:44.000,2017-04-03 15:41:44.000
65325630,Alessandra,f,2021-11-10 16:46:58.000,2021-11-10 16:46:58.000
65332545,Jo Jakob,f,2017-04-20 13:35:00.000,2017-04-20 13:35:00.000
65341940,Tobias,f,2017-04-08 09:30:55.000,2017-04-08 09:30:55.000
65350610,Michele,f,2016-04-11 05:20:57.000,2016-04-11 05:20:57.000
65365224,Alina,f,2017-11-24 04:53:35.000,2017-11-24 04:53:35.000
65400714,Catharina,f,2017-04-02 21:35:09.000,2017-04-02 21:35:09.000
65434751,Ricardo,f,2021-08-26 00:31:11.000,2021-08-26 00:31:11.000
65464380,Carolin,f,2019-08-28 09:06:06.000,2019-08-28 09:06:06.000
65528391,Tatjana,f,2021-08-04 05:41:51.000,2021-08-04 05:41:51.000
65540111,Raphaela,f,2016-09-18 21:55:27.000,2016-09-18 21:55:27.000
65546196,Hausboot,f,2017-02-07 22:58:27.000,2017-02-07 22:58:27.000
65630168,Julia,f,2017-07-29 17:27:47.000,2017-07-29 17:27:47.000
65643050,Donna,f,2017-12-23 08:36:25.000,2017-12-23 08:36:25.000
65741956,Stefanie,f,2021-11-07 17:54:44.000,2021-11-07 17:54:44.000
65746780,Lena,f,2016-04-27 09:23:19.000,2016-04-27 09:23:19.000
65756331,Arabella,f,2021-11-02 05:49:27.000,2021-11-02 05:49:27.000
65776384,Alex,f,2016-04-23 20:31:33.000,2016-04-23 20:31:33.000
65783713,Christo,f,2016-10-20 17:42:59.000,2016-10-20 17:42:59.000
65796946,Constanze,f,2021-10-22 02:45:04.000,2021-10-22 02:45:04.000
65801170,Alex,t,2019-05-02 13:50:52.000,2019-05-02 13:50:52.000
65843690,Laura,f,2016-10-28 18:15:16.000,2016-10-28 18:15:16.000
65844660,Giulia,f,2016-07-10 10:04:08.000,2016-07-10 10:04:08.000
65867906,Andrius,f,2016-04-07 05:34:18.000,2016-04-07 05:34:18.000
65874109,Amadou,f,2021-11-06 10:57:59.000,2021-11-06 10:57:59.000
65888346,Sean Lamont,f,2021-10-31 22:16:59.000,2021-10-31 22:16:59.000
65924455,Philip,t,2017-02-25 14:48:09.000,2017-02-25 14:48:09.000
65956547,Fernanda,f,2017-11-03 14:52:24.000,2017-11-03 14:52:24.000
65993582,Jan,f,2017-12-26 06:42:34.000,2017-12-26 06:42:34.000
66009357,Niloo,f,2019-12-06 08:41:29.000,2019-12-06 08:41:29.000
66015838,Johanna,f,2017-10-21 03:18:37.000,2017-10-21 03:18:37.000
66020516,Sofia,f,2021-10-22 02:00:57.000,2021-10-22 02:00:57.000
66027039,Naz,f,2020-11-12 09:23:00.000,2020-11-12 09:23:00.000
66060971,Max,t,2017-07-18 18:05:40.000,2017-07-18 18:05:40.000
66069238,Maria,f,2018-01-21 10:45:43.000,2018-01-21 10:45:43.000
66074539,Leif,f,2016-04-27 02:45:22.000,2016-04-27 02:45:22.000
66094807,Camilo,f,2020-01-21 00:43:52.000,2020-01-21 00:43:52.000
66145126,Lisa,f,2021-10-06 05:01:25.000,2021-10-06 05:01:25.000
66242460,Lisa,f,2017-03-25 10:06:00.000,2017-03-25 10:06:00.000
66256572,Roukaya,f,2016-05-01 21:20:42.000,2016-05-01 21:20:42.000
66297515,Fran,f,2018-05-05 01:26:34.000,2018-05-05 01:26:34.000
66309353,Thora,f,2016-07-26 10:37:23.000,2016-07-26 10:37:23.000
66314911,Dirk,f,2019-03-24 14:18:30.000,2019-03-24 14:18:30.000
66352019,Liubov,f,2021-11-15 16:24:03.000,2021-11-15 16:24:03.000
66375991,Mario,f,2021-10-25 13:49:08.000,2021-10-25 13:49:08.000
66424364,Toni,f,2016-09-29 09:12:44.000,2016-09-29 09:12:44.000
66481222,Konrad,f,2018-08-14 07:21:00.000,2018-08-14 07:21:00.000
66484573,Sandra,f,2016-04-25 13:10:24.000,2016-04-25 13:10:24.000
66524557,Katinka,f,2019-09-15 13:37:51.000,2019-09-15 13:37:51.000
66540924,Marry,f,2020-01-22 11:25:32.000,2020-01-22 11:25:32.000
66561719,Saty,f,2019-01-24 18:33:00.000,2019-01-24 18:33:00.000
66576238,Angelika,t,2016-04-28 01:23:37.000,2016-04-28 01:23:37.000
66587789,Sophie,f,2016-04-06 11:07:36.000,2016-04-06 11:07:36.000
66589507,J.,f,2016-05-25 04:44:24.000,2016-05-25 04:44:24.000
66598123,Sabine,t,2016-04-12 10:17:10.000,2016-04-12 10:17:10.000
66602341,Fathy,f,2019-06-03 20:02:18.000,2019-06-03 20:02:18.000
66612202,Maik,f,2017-12-25 22:45:50.000,2017-12-25 22:45:50.000
66690175,Brankica,f,2017-06-26 16:16:53.000,2017-06-26 16:16:53.000
66696736,Jessica,f,2021-11-04 08:58:52.000,2021-11-04 08:58:52.000
66698720,Adriaan  Cleton,f,2016-06-21 00:48:48.000,2016-06-21 00:48:48.000
66701551,Miri,t,2019-04-04 10:46:04.000,2019-04-04 10:46:04.000
66764206,Axel,f,2016-04-22 05:35:19.000,2016-04-22 05:35:19.000
66771611,Jonathan,f,2016-12-27 02:14:08.000,2016-12-27 02:14:08.000
66790876,Vasiliki,f,2021-10-23 08:46:02.000,2021-10-23 08:46:02.000
66842375,Hans,f,2021-10-24 06:46:26.000,2021-10-24 06:46:26.000
66875618,Ina,t,2016-05-27 10:57:18.000,2016-05-27 10:57:18.000
66880953,Kerstin,f,2021-11-08 22:14:22.000,2021-11-08 22:14:22.000
66897086,Lucas,f,2021-09-26 03:55:09.000,2021-09-26 03:55:09.000
66927578,Hannes,f,2018-02-16 17:31:28.000,2018-02-16 17:31:28.000
67002483,Arne,f,2021-11-09 06:49:36.000,2021-11-09 06:49:36.000
67010346,Zaher,f,2020-02-28 05:32:04.000,2020-02-28 05:32:04.000
67016434,Sami,f,2016-10-30 15:53:57.000,2016-10-30 15:53:57.000
67022569,Наталья,f,2019-08-30 05:11:25.000,2019-08-30 05:11:25.000
67024403,Detlef,f,2021-10-24 15:34:32.000,2021-10-24 15:34:32.000
67038038,Johannes,f,2016-04-26 01:23:55.000,2016-04-26 01:23:55.000
67060786,Javier,f,2021-11-18 05:29:20.000,2021-11-18 05:29:20.000
67062964,Lisa,f,2016-04-19 02:46:39.000,2016-04-19 02:46:39.000
67093140,Anni,f,2017-08-24 08:45:37.000,2017-08-24 08:45:37.000
67093464,Stephan,f,2016-08-17 09:57:25.000,2016-08-17 09:57:25.000
67152863,Regine,f,2020-07-09 12:42:03.000,2020-07-09 12:42:03.000
67163897,M.,f,2016-06-21 20:24:46.000,2016-06-21 20:24:46.000
67194213,Anke,f,2021-11-01 19:38:10.000,2021-11-01 19:38:10.000
67242547,Leticia A.,f,2017-12-28 17:44:40.000,2017-12-28 17:44:40.000
67287160,Milos,f,2019-10-05 13:33:16.000,2019-10-05 13:33:16.000
67320467,Ekku,f,2021-11-11 13:52:22.000,2021-11-11 13:52:22.000
67326451,Philipp,f,2017-05-26 18:00:25.000,2017-05-26 18:00:25.000
67350806,Paul,f,2016-04-25 20:33:47.000,2016-04-25 20:33:47.000
67357127,Anna,f,2021-06-04 10:40:24.000,2021-06-04 10:40:24.000
67392939,Jonas,f,2018-06-12 08:28:31.000,2018-06-12 08:28:31.000
67412347,Doris,f,2019-09-30 16:01:59.000,2019-09-30 16:01:59.000
67420793,Sonia,f,2019-08-29 23:07:57.000,2019-08-29 23:07:57.000
67456052,Dan,f,2017-07-06 03:27:18.000,2017-07-06 03:27:18.000
67500313,Jamila,f,2021-11-10 05:24:54.000,2021-11-10 05:24:54.000
67565809,Hella,f,2021-01-24 04:28:54.000,2021-01-24 04:28:54.000
67572356,Katharina,f,2016-12-30 23:18:20.000,2016-12-30 23:18:20.000
67575589,René,f,2016-08-11 09:16:05.000,2016-08-11 09:16:05.000
67582543,Eli,f,2021-11-14 07:15:09.000,2021-11-14 07:15:09.000
67620310,Olga,f,2017-06-18 16:01:50.000,2017-06-18 16:01:50.000
67635547,Lily,f,2021-09-12 18:17:56.000,2021-09-12 18:17:56.000
67691029,Malena,f,2021-11-02 14:11:25.000,2021-11-02 14:11:25.000
67694094,Nina,f,2017-04-15 11:56:33.000,2017-04-15 11:56:33.000
67711531,Leonid,f,2016-05-18 18:22:48.000,2016-05-18 18:22:48.000
67720300,Leonid,f,2016-05-13 05:51:34.000,2016-05-13 05:51:34.000
67724711,Johanna Marie,f,2017-07-27 02:22:09.000,2017-07-27 02:22:09.000
67746610,Sami,f,2021-10-27 00:19:13.000,2021-10-27 00:19:13.000
67755967,Leonie,f,2016-07-20 18:52:03.000,2016-07-20 18:52:03.000
67792255,Helmut,t,2017-03-25 10:49:14.000,2017-03-25 10:49:14.000
67805746,Ibrahim,f,2020-09-15 06:36:24.000,2020-09-15 06:36:24.000
67864369,Kathryn,t,2019-08-27 12:14:09.000,2019-08-27 12:14:09.000
67881078,Dirk,f,2018-03-19 05:25:55.000,2018-03-19 05:25:55.000
67889916,Tori,f,2019-02-04 03:41:09.000,2019-02-04 03:41:09.000
67891464,Marta,f,2021-11-13 02:19:42.000,2021-11-13 02:19:42.000
67896776,Iru,f,2019-12-20 04:28:19.000,2019-12-20 04:28:19.000
67915368,Laura,f,2016-04-16 00:57:32.000,2016-04-16 00:57:32.000
67937729,Maxim,f,2016-04-21 20:41:40.000,2016-04-21 20:41:40.000
67964161,Caroline,f,2019-11-04 14:45:39.000,2019-11-04 14:45:39.000
68013211,Jana,f,2016-04-18 23:20:36.000,2016-04-18 23:20:36.000
68033150,Caroline,f,2019-06-30 12:53:08.000,2019-06-30 12:53:08.000
68033159,Matthieu,t,2016-05-01 12:57:51.000,2016-05-01 12:57:51.000
68052439,Henrike,f,2016-07-12 13:30:13.000,2016-07-12 13:30:13.000
68094397,Lydia Nadia,f,2021-11-17 16:24:08.000,2021-11-17 16:24:08.000
68108970,Jasmin,f,2017-10-20 10:24:51.000,2017-10-20 10:24:51.000
68110812,Anki,f,2019-11-30 00:42:32.000,2019-11-30 00:42:32.000
68120677,Sascha,f,2017-07-03 07:14:50.000,2017-07-03 07:14:50.000
68124661,Deya,f,2016-05-11 10:32:19.000,2016-05-11 10:32:19.000
68128660,Mila,f,2017-03-01 10:51:51.000,2017-03-01 10:51:51.000
68182291,Lucy,f,2021-11-04 00:55:01.000,2021-11-04 00:55:01.000
68223723,Sina,f,2017-09-03 20:39:04.000,2017-09-03 20:39:04.000
68250812,Paloma,f,2017-08-09 10:35:46.000,2017-08-09 10:35:46.000
68274690,Sophie,f,2016-07-06 01:45:58.000,2016-07-06 01:45:58.000
68344334,Pietje,f,2019-06-22 21:23:34.000,2019-06-22 21:23:34.000
68430468,Samantha,f,2021-03-28 22:48:25.000,2021-03-28 22:48:25.000
68548589,George,f,2021-11-18 23:19:00.000,2021-11-18 23:19:00.000
68554371,Jens,f,2016-10-15 07:31:18.000,2016-10-15 07:31:18.000
68555431,Nadine,f,2019-11-05 19:21:16.000,2019-11-05 19:21:16.000
68568305,Linus,f,2021-10-22 03:47:40.000,2021-10-22 03:47:40.000
68585977,Hen,f,2019-01-28 19:44:57.000,2019-01-28 19:44:57.000
68606751,Anna,f,2016-08-15 12:20:44.000,2016-08-15 12:20:44.000
68622662,Sali,f,2017-05-16 23:08:10.000,2017-05-16 23:08:10.000
68639985,George,f,2016-04-14 17:52:52.000,2016-04-14 17:52:52.000
68656621,Ido,f,2021-11-17 23:20:34.000,2021-11-17 23:20:34.000
68684251,Samra,f,2020-03-24 04:52:21.000,2020-03-24 04:52:21.000
68690390,Lia,f,2019-10-09 01:59:32.000,2019-10-09 01:59:32.000
68700314,Denise & Jürgen,t,2018-06-30 09:41:29.000,2018-06-30 09:41:29.000
68705877,Olimpia,f,2021-10-26 20:57:16.000,2021-10-26 20:57:16.000
68746536,Titus,f,2020-08-10 15:55:22.000,2020-08-10 15:55:22.000
68759931,Johannes,f,2021-10-29 13:46:39.000,2021-10-29 13:46:39.000
68804999,Maria,f,2016-08-05 23:03:03.000,2016-08-05 23:03:03.000
68815733,Verena,f,2019-07-25 16:19:55.000,2019-07-25 16:19:55.000
68815779,Ariana,t,2016-11-13 22:40:40.000,2016-11-13 22:40:40.000
68820574,Jana,f,2021-07-18 03:42:41.000,2021-07-18 03:42:41.000
68872153,Leonid,f,2016-11-18 21:32:53.000,2016-11-18 21:32:53.000
68895924,Naomi,f,2019-12-21 01:39:38.000,2019-12-21 01:39:38.000
68907115,Siobhan,f,2019-05-28 09:18:42.000,2019-05-28 09:18:42.000
68924778,Marco,t,2019-09-26 09:57:39.000,2019-09-26 09:57:39.000
68930212,Hans,f,2021-01-10 22:52:12.000,2021-01-10 22:52:12.000
68980325,Anna,f,2020-06-24 09:21:43.000,2020-06-24 09:21:43.000
68992345,Maja,f,2018-05-06 23:11:22.000,2018-05-06 23:11:22.000
69016111,Alrun,f,2021-10-23 03:28:02.000,2021-10-23 03:28:02.000
69072790,Patrizia,f,2016-04-20 01:06:50.000,2016-04-20 01:06:50.000
69092800,Derya,f,2021-09-24 21:08:17.000,2021-09-24 21:08:17.000
69136039,Elias,f,2020-03-04 12:37:41.000,2020-03-04 12:37:41.000
69177414,Sophia,f,2018-02-16 16:54:07.000,2018-02-16 16:54:07.000
69210168,Julia,f,2016-07-25 01:36:01.000,2016-07-25 01:36:01.000
69230077,Katja,f,2016-05-06 04:11:25.000,2016-05-06 04:11:25.000
69245029,Ade,f,2021-11-17 03:58:01.000,2021-11-17 03:58:01.000
69310706,Madleine,f,2018-05-10 07:02:49.000,2018-05-10 07:02:49.000
69311530,Yvonne,f,2016-05-13 08:43:39.000,2016-05-13 08:43:39.000
69316355,Markus,f,2021-10-21 07:02:38.000,2021-10-21 07:02:38.000
69323623,Kati,f,2018-05-18 08:18:11.000,2018-05-18 08:18:11.000
69422661,Branislav,f,2021-11-19 23:34:46.000,2021-11-19 23:34:46.000
69514536,Marcel,t,2018-02-19 17:43:32.000,2018-02-19 17:43:32.000
69593480,Jessie,t,2018-04-26 15:26:10.000,2018-04-26 15:26:10.000
69609227,Joan,f,2016-05-14 23:01:16.000,2016-05-14 23:01:16.000
69625119,Henrik,f,2021-10-28 14:07:02.000,2021-10-28 14:07:02.000
69682544,Karina,f,2019-06-23 13:25:14.000,2019-06-23 13:25:14.000
69738956,Paulina,f,2016-04-24 14:38:23.000,2016-04-24 14:38:23.000
69773847,Katrin,f,2019-09-26 09:17:20.000,2019-09-26 09:17:20.000
69808508,Burkhard,f,2021-10-27 18:49:36.000,2021-10-27 18:49:36.000
69907642,Ralf,f,2018-02-09 16:44:39.000,2018-02-09 16:44:39.000
69916445,Christina,f,2017-04-28 08:14:29.000,2017-04-28 08:14:29.000
69925667,Ina,f,2016-05-15 01:22:58.000,2016-05-15 01:22:58.000
69960776,Arne,f,2019-04-08 21:42:18.000,2019-04-08 21:42:18.000
70009491,Martin,f,2016-06-02 20:32:31.000,2016-06-02 20:32:31.000
70019260,Grit,t,2017-07-22 10:52:54.000,2017-07-22 10:52:54.000
70045074,Luisa,f,2020-03-23 03:54:38.000,2020-03-23 03:54:38.000
70140924,Christina,t,2016-04-29 20:40:48.000,2016-04-29 20:40:48.000
70148130,Alex,f,2016-09-30 04:51:41.000,2016-09-30 04:51:41.000
70162844,Ebram,f,2021-11-18 19:09:00.000,2021-11-18 19:09:00.000
70168685,Cyril,f,2021-11-18 00:41:32.000,2021-11-18 00:41:32.000
70181321,Gosia,f,2021-10-27 22:25:02.000,2021-10-27 22:25:02.000
70185347,Isabel,f,2017-07-03 08:32:50.000,2017-07-03 08:32:50.000
70192367,Wesley,f,2021-11-14 13:41:28.000,2021-11-14 13:41:28.000
70192770,Maruxa,f,2018-12-18 22:40:03.000,2018-12-18 22:40:03.000
70269860,Alexandru,f,2017-12-13 09:17:22.000,2017-12-13 09:17:22.000
70300971,Sami,f,2021-09-18 15:10:28.000,2021-09-18 15:10:28.000
70340478,Ksenia,f,2021-10-26 08:33:38.000,2021-10-26 08:33:38.000
70342026,Miguel,f,2021-08-02 14:24:34.000,2021-08-02 14:24:34.000
70443866,Niklas,f,2017-03-16 03:30:08.000,2017-03-16 03:30:08.000
70448673,Olga,f,2019-07-21 20:45:57.000,2019-07-21 20:45:57.000
70456849,Guglielmina,f,2019-02-27 10:22:56.000,2019-02-27 10:22:56.000
70461999,Wale,f,2020-05-18 08:52:02.000,2020-05-18 08:52:02.000
70462237,Anastasia,t,2018-10-24 12:10:51.000,2018-10-24 12:10:51.000
70552356,Mona,f,2021-11-08 03:47:15.000,2021-11-08 03:47:15.000
70554440,Björn,f,2021-11-11 06:55:59.000,2021-11-11 06:55:59.000
70620398,Stefan,f,2019-07-16 07:08:18.000,2019-07-16 07:08:18.000
70628860,Mabyn,f,2017-04-23 02:50:28.000,2017-04-23 02:50:28.000
70643670,Sofie,f,2019-07-14 19:08:48.000,2019-07-14 19:08:48.000
70724549,Caroline,t,2017-06-12 02:52:40.000,2017-06-12 02:52:40.000
70739674,Rich,t,2017-03-20 00:28:32.000,2017-03-20 00:28:32.000
70748690,Miège,f,2021-11-14 16:34:59.000,2021-11-14 16:34:59.000
70812796,Robert,f,2016-09-05 04:15:49.000,2016-09-05 04:15:49.000
70880731,Francisca,f,2016-12-19 17:43:22.000,2016-12-19 17:43:22.000
70898532,Dominik,f,2016-08-23 10:56:10.000,2016-08-23 10:56:10.000
70921239,Germán,t,2020-08-19 07:44:14.000,2020-08-19 07:44:14.000
70945062,Miriam,f,2017-03-25 05:37:32.000,2017-03-25 05:37:32.000
70952834,Ligal,f,2021-10-24 06:02:23.000,2021-10-24 06:02:23.000
70954933,Marcel,f,2019-06-10 05:30:43.000,2019-06-10 05:30:43.000
70970874,Bea,f,2018-12-16 02:23:24.000,2018-12-16 02:23:24.000
70986085,Janine,f,2018-01-30 12:27:53.000,2018-01-30 12:27:53.000
71055664,Livia,t,2017-08-16 22:46:35.000,2017-08-16 22:46:35.000
71058151,Fabian,f,2016-06-08 15:19:08.000,2016-06-08 15:19:08.000
71064300,Oya,f,2017-11-21 08:01:19.000,2017-11-21 08:01:19.000
71079656,Stephanie,f,2017-12-29 15:16:18.000,2017-12-29 15:16:18.000
71113592,Aylin,f,2021-10-21 14:53:00.000,2021-10-21 14:53:00.000
71126388,Mona,f,2016-09-09 10:55:23.000,2016-09-09 10:55:23.000
71194633,Molly,f,2021-03-16 20:30:18.000,2021-03-16 20:30:18.000
71232528,Markus,f,2016-06-21 18:19:46.000,2016-06-21 18:19:46.000
71284069,Pavel,t,2021-05-05 09:05:51.000,2021-05-05 09:05:51.000
71365406,Audrey,f,2021-11-19 00:51:08.000,2021-11-19 00:51:08.000
71388813,Kadin,f,2016-07-08 00:34:38.000,2016-07-08 00:34:38.000
71442210,Illés,f,2016-06-29 20:43:20.000,2016-06-29 20:43:20.000
71476022,Doz,f,2017-12-22 04:12:39.000,2017-12-22 04:12:39.000
71509888,Oliver,f,2017-06-28 20:37:02.000,2017-06-28 20:37:02.000
71523227,Caar,f,2021-11-02 19:47:59.000,2021-11-02 19:47:59.000
71553253,Berto,t,2016-11-05 09:20:16.000,2016-11-05 09:20:16.000
71595442,Antonin & Waranda,f,2021-10-22 05:12:12.000,2021-10-22 05:12:12.000
71613847,Anne,f,2016-05-11 01:03:58.000,2016-05-11 01:03:58.000
71626260,Josefina,t,2020-07-10 19:52:42.000,2020-07-10 19:52:42.000
71639347,Philipp,f,2018-09-03 09:08:52.000,2018-09-03 09:08:52.000
71652298,Uma,f,2021-10-26 11:56:21.000,2021-10-26 11:56:21.000
71670497,Florian,f,2021-10-25 04:09:19.000,2021-10-25 04:09:19.000
71794182,Lindita,f,2021-11-10 17:23:25.000,2021-11-10 17:23:25.000
71794597,Tiphaine,f,2016-05-01 04:02:05.000,2016-05-01 04:02:05.000
71810428,Manuel,f,2019-07-04 16:34:44.000,2019-07-04 16:34:44.000
71837146,Clara,f,2021-09-15 01:29:33.000,2021-09-15 01:29:33.000
71840750,Iria,f,2021-10-29 14:45:11.000,2021-10-29 14:45:11.000
71923378,Lulu,f,2021-10-22 12:08:16.000,2021-10-22 12:08:16.000
71934837,Tassilo,f,2021-10-29 05:36:45.000,2021-10-29 05:36:45.000
71986009,Bent,f,2016-06-06 23:50:40.000,2016-06-06 23:50:40.000
71998042,Anne,f,2016-10-07 01:10:42.000,2016-10-07 01:10:42.000
72077694,Juliane,f,2021-10-24 13:11:46.000,2021-10-24 13:11:46.000
72109274,Nadja,f,2021-11-13 16:25:19.000,2021-11-13 16:25:19.000
72119321,Marc,f,2019-07-01 13:02:49.000,2019-07-01 13:02:49.000
72162602,Anne & Judith,t,2016-07-05 23:02:10.000,2016-07-05 23:02:10.000
72240067,Steffi,f,2021-11-06 15:37:51.000,2021-11-06 15:37:51.000
72240858,Klemens,f,2016-08-03 02:29:00.000,2016-08-03 02:29:00.000
72242359,Linda,f,2018-10-29 03:03:59.000,2018-10-29 03:03:59.000
72257765,Toni,t,2016-09-08 09:39:18.000,2016-09-08 09:39:18.000
72265204,Gunter,f,2021-11-01 01:48:39.000,2021-11-01 01:48:39.000
72289118,Günter,f,2016-08-30 22:24:49.000,2016-08-30 22:24:49.000
72310869,Mat,f,2018-05-10 06:36:26.000,2018-05-10 06:36:26.000
72313581,Danniela,f,2019-07-23 18:48:38.000,2019-07-23 18:48:38.000
72328780,Tim,f,2021-08-05 19:01:17.000,2021-08-05 19:01:17.000
72335504,Sven,f,2016-05-26 19:50:48.000,2016-05-26 19:50:48.000
72353846,Andrea,f,2019-03-14 07:04:22.000,2019-03-14 07:04:22.000
72364634,Ahmed,f,2019-08-15 11:30:51.000,2019-08-15 11:30:51.000
72431890,Vanessa,f,2017-09-06 07:23:01.000,2017-09-06 07:23:01.000
72439399,Leonid,f,2017-02-25 20:57:24.000,2017-02-25 20:57:24.000
72440118,Anna,f,2018-08-04 01:28:07.000,2018-08-04 01:28:07.000
72442040,Michael,t,2019-10-31 18:46:29.000,2019-10-31 18:46:29.000
72447965,Helen,t,2016-06-02 06:34:03.000,2016-06-02 06:34:03.000
72449625,Svenja,f,2016-06-16 22:04:57.000,2016-06-16 22:04:57.000
72451755,Claudia,f,2016-06-17 17:18:38.000,2016-06-17 17:18:38.000
72471738,Sandrina,t,2017-10-16 09:37:50.000,2017-10-16 09:37:50.000
72522890,Corrie,f,2016-05-16 02:57:15.000,2016-05-16 02:57:15.000
72554641,Nina,f,2019-05-21 18:24:27.000,2019-05-21 18:24:27.000
72555952,Martin,f,2019-10-02 21:25:43.000,2019-10-02 21:25:43.000
72652631,Maja,f,2016-07-24 06:29:24.000,2016-07-24 06:29:24.000
72654176,Alida,f,2021-11-04 12:50:03.000,2021-11-04 12:50:03.000
72688639,Lisa,t,2016-06-21 04:44:28.000,2016-06-21 04:44:28.000
72716547,Timur,f,2021-11-07 22:05:05.000,2021-11-07 22:05:05.000
72766229,Oliver,f,2021-11-19 10:13:43.000,2021-11-19 10:13:43.000
72815159,Tatjana,t,2016-07-16 18:29:01.000,2016-07-16 18:29:01.000
72824408,Medhat,f,2019-06-26 22:29:13.000,2019-06-26 22:29:13.000
72857320,Héctor,f,2016-10-26 00:15:23.000,2016-10-26 00:15:23.000
72905027,Annika,f,2016-09-30 16:40:46.000,2016-09-30 16:40:46.000
72930955,Mzungu,f,2016-11-15 16:26:05.000,2016-11-15 16:26:05.000
72934703,Toby,f,2018-06-03 21:13:14.000,2018-06-03 21:13:14.000
72973035,Fiorella,f,2021-10-21 14:39:13.000,2021-10-21 14:39:13.000
73000854,Arne,f,2017-09-09 15:17:19.000,2017-09-09 15:17:19.000
73018934,Fidel,f,2017-08-05 04:50:23.000,2017-08-05 04:50:23.000
73067358,Clara,f,2019-03-19 17:24:06.000,2019-03-19 17:24:06.000
73088810,George Yanni,f,2019-09-13 11:22:28.000,2019-09-13 11:22:28.000
73161620,Domenico,f,2021-09-12 18:03:32.000,2021-09-12 18:03:32.000
73174907,Ani,f,2016-05-26 13:07:04.000,2016-05-26 13:07:04.000
73322120,Veronika,f,2017-08-19 22:32:34.000,2017-08-19 22:32:34.000
73342683,Dario,f,2017-04-13 17:49:01.000,2017-04-13 17:49:01.000
73370091,Javi,t,2016-05-17 04:19:24.000,2016-05-17 04:19:24.000
73471787,Gabriella,f,2019-12-31 05:55:32.000,2019-12-31 05:55:32.000
73473313,Mara,f,2021-11-05 20:28:28.000,2021-11-05 20:28:28.000
73475523,Erika,f,2018-03-26 13:20:06.000,2018-03-26 13:20:06.000
73491067,Norman,f,2016-06-15 06:36:52.000,2016-06-15 06:36:52.000
73494617,Gerald,f,2016-08-16 13:09:05.000,2016-08-16 13:09:05.000
73502259,Matthew,f,2021-10-29 08:51:39.000,2021-10-29 08:51:39.000
73542338,Hannah,f,2021-11-18 11:47:34.000,2021-11-18 11:47:34.000
73542883,Jakob,f,2021-11-04 11:55:04.000,2021-11-04 11:55:04.000
73562643,Stephanie,f,2018-04-24 19:07:08.000,2018-04-24 19:07:08.000
73588899,Laura,f,2019-08-11 11:33:06.000,2019-08-11 11:33:06.000
73682247,Ilona,f,2021-09-28 01:51:48.000,2021-09-28 01:51:48.000
73691876,Nana,f,2018-07-13 13:10:57.000,2018-07-13 13:10:57.000
73697763,Stefan,f,2016-12-04 12:28:57.000,2016-12-04 12:28:57.000
73706066,Marls,f,2016-09-13 09:32:44.000,2016-09-13 09:32:44.000
73713144,Dennis,f,2016-06-18 07:42:28.000,2016-06-18 07:42:28.000
73752556,Hong,t,2021-02-28 20:27:42.000,2021-02-28 20:27:42.000
73780357,Laura,f,2017-09-25 14:19:18.000,2017-09-25 14:19:18.000
73788927,Erika,f,2016-09-03 05:45:37.000,2016-09-03 05:45:37.000
73805884,Adania,f,2016-06-16 22:24:38.000,2016-06-16 22:24:38.000
73828853,Moritz,f,2021-11-16 07:32:38.000,2021-11-16 07:32:38.000
73837237,Salva,f,2016-05-28 23:49:40.000,2016-05-28 23:49:40.000
73885088,Pascal,f,2016-06-21 21:23:07.000,2016-06-21 21:23:07.000
73887217,Julian,f,2016-10-25 01:40:19.000,2016-10-25 01:40:19.000
73897082,Ciara-Angela,f,2019-06-22 15:54:35.000,2019-06-22 15:54:35.000
73899679,Son,f,2017-04-08 00:42:54.000,2017-04-08 00:42:54.000
73921408,Canek,f,2019-08-01 10:45:30.000,2019-08-01 10:45:30.000
73996689,Clara Maj,f,2016-08-03 16:31:17.000,2016-08-03 16:31:17.000
73997598,Daniel,f,2021-11-06 01:42:00.000,2021-11-06 01:42:00.000
73999133,Helen,f,2019-08-26 16:47:52.000,2019-08-26 16:47:52.000
74075195,Paul,t,2016-07-04 18:54:10.000,2016-07-04 18:54:10.000
74078422,Kaja,f,2019-03-21 07:02:35.000,2019-03-21 07:02:35.000
74097470,Valeria,f,2019-05-05 05:15:51.000,2019-05-05 05:15:51.000
74120918,Julia,f,2021-10-26 23:44:33.000,2021-10-26 23:44:33.000
74126798,Emanuel,f,2017-11-19 01:07:43.000,2017-11-19 01:07:43.000
74144895,Fabian,f,2016-06-15 06:41:00.000,2016-06-15 06:41:00.000
74151633,Linda,t,2016-11-18 01:41:08.000,2016-11-18 01:41:08.000
74162849,Stefanie,f,2018-10-23 06:51:20.000,2018-10-23 06:51:20.000
74165726,Jeremiah,f,2016-07-04 11:12:16.000,2016-07-04 11:12:16.000
74248483,Ruth,f,2017-12-23 12:50:08.000,2017-12-23 12:50:08.000
74297835,Serena,f,2016-07-07 20:22:36.000,2016-07-07 20:22:36.000
74326258,Emmanuel,f,2020-07-20 08:40:47.000,2020-07-20 08:40:47.000
74329216,Yannick,f,2016-05-26 18:23:21.000,2016-05-26 18:23:21.000
74361209,Éric,f,2021-07-21 10:15:20.000,2021-07-21 10:15:20.000
74404747,Luisa,f,2019-03-04 22:46:11.000,2019-03-04 22:46:11.000
74499481,Lin,t,2020-02-14 03:50:32.000,2020-02-14 03:50:32.000
74507546,Katharina,f,2016-06-12 11:55:44.000,2016-06-12 11:55:44.000
74515140,Mayra,f,2021-06-19 05:51:42.000,2021-06-19 05:51:42.000
74550374,I.,f,2016-06-19 20:05:47.000,2016-06-19 20:05:47.000
74558752,Philip,t,2017-03-10 08:44:14.000,2017-03-10 08:44:14.000
74574937,Sinan,f,2021-11-08 22:24:39.000,2021-11-08 22:24:39.000
74580038,Ramin,f,2016-05-29 01:49:08.000,2016-05-29 01:49:08.000
74613212,Johanna,f,2021-11-05 16:13:35.000,2021-11-05 16:13:35.000
74629223,Ewa,f,2021-07-30 21:34:57.000,2021-07-30 21:34:57.000
74632259,Sybille,f,2016-07-27 07:51:14.000,2016-07-27 07:51:14.000
74639052,Maia,f,2021-10-25 23:34:51.000,2021-10-25 23:34:51.000
74675449,Imon,f,2017-03-06 04:09:54.000,2017-03-06 04:09:54.000
74694342,Anja,f,2016-07-22 08:18:53.000,2016-07-22 08:18:53.000
74744455,David,f,2021-10-22 13:25:59.000,2021-10-22 13:25:59.000
74747110,Kerstin,f,2016-07-29 23:20:10.000,2016-07-29 23:20:10.000
74750098,Ben,f,2018-01-30 04:40:55.000,2018-01-30 04:40:55.000
74750315,Glenn,f,2016-06-02 08:46:19.000,2016-06-02 08:46:19.000
74750949,Chams,f,2017-06-20 15:53:10.000,2017-06-20 15:53:10.000
74752664,Maru,f,2016-06-16 03:22:42.000,2016-06-16 03:22:42.000
74777299,Isa,f,2018-07-15 07:43:13.000,2018-07-15 07:43:13.000
74777374,Anastasia,f,2016-06-19 16:15:33.000,2016-06-19 16:15:33.000
74781619,Eva,f,2016-06-20 01:25:48.000,2016-06-20 01:25:48.000
74796141,J,f,2016-06-28 09:26:24.000,2016-06-28 09:26:24.000
74816112,Carla,f,2021-10-21 04:05:54.000,2021-10-21 04:05:54.000
74822680,Christoph,f,2016-07-22 14:49:27.000,2016-07-22 14:49:27.000
74848691,Tobias,f,2021-11-10 20:11:17.000,2021-11-10 20:11:17.000
74864800,Anne,t,2016-12-13 14:08:43.000,2016-12-13 14:08:43.000
74871754,Laura,f,2021-11-13 06:48:44.000,2021-11-13 06:48:44.000
74909438,Ken,f,2019-04-15 06:06:50.000,2019-04-15 06:06:50.000
74943200,Jule,f,2016-08-05 09:47:23.000,2016-08-05 09:47:23.000
74961861,Dana,f,2021-10-27 17:43:43.000,2021-10-27 17:43:43.000
75049576,Frederik,t,2016-06-05 01:22:55.000,2016-06-05 01:22:55.000
75158426,Florian,f,2021-11-16 12:36:21.000,2021-11-16 12:36:21.000
75158811,Yvi,f,2016-06-01 17:15:21.000,2016-06-01 17:15:21.000
75177221,Julian,f,2021-09-28 18:25:24.000,2021-09-28 18:25:24.000
75210772,Angel,f,2017-07-01 05:35:43.000,2017-07-01 05:35:43.000
75216153,Virginia,f,2021-04-24 07:15:20.000,2021-04-24 07:15:20.000
75268358,Ida,f,2021-11-01 23:41:05.000,2021-11-01 23:41:05.000
75268813,Vanessa,f,2021-11-05 05:22:12.000,2021-11-05 05:22:12.000
75327580,Sven,t,2016-06-13 08:25:07.000,2016-06-13 08:25:07.000
75338178,Loni,f,2018-12-23 00:46:17.000,2018-12-23 00:46:17.000
75343949,Clara,f,2017-08-29 20:51:02.000,2017-08-29 20:51:02.000
75353292,Rainer,f,2021-11-07 12:38:59.000,2021-11-07 12:38:59.000
75442632,Lisa,f,2016-07-24 02:37:50.000,2016-07-24 02:37:50.000
75460170,Izabela,f,2016-12-26 02:55:44.000,2016-12-26 02:55:44.000
75531056,Michael,t,2016-06-04 21:47:48.000,2016-06-04 21:47:48.000
75559255,Luise,f,2021-11-15 16:00:21.000,2021-11-15 16:00:21.000
75595521,Seratul,f,2021-07-23 03:07:13.000,2021-07-23 03:07:13.000
75612546,Tatiana,f,2016-07-09 15:38:57.000,2016-07-09 15:38:57.000
75616073,Björn,t,2019-02-08 06:21:04.000,2019-02-08 06:21:04.000
75652640,David,f,2019-02-18 17:20:48.000,2019-02-18 17:20:48.000
75689890,Alexander,f,2016-05-24 11:44:03.000,2016-05-24 11:44:03.000
75759783,Lars,f,2020-09-17 08:02:37.000,2020-09-17 08:02:37.000
75762814,Luise,f,2017-05-24 04:44:15.000,2017-05-24 04:44:15.000
75774508,Claire,f,2018-08-13 04:00:02.000,2018-08-13 04:00:02.000
75774649,Johanna,f,2018-08-25 02:41:46.000,2018-08-25 02:41:46.000
75776324,Olaf,t,2016-08-25 01:44:47.000,2016-08-25 01:44:47.000
75787504,Sophie,f,2018-06-19 05:43:37.000,2018-06-19 05:43:37.000
75869408,Vivi,f,2016-06-07 12:59:11.000,2016-06-07 12:59:11.000
75877577,Tim,f,2018-06-16 16:51:45.000,2018-06-16 16:51:45.000
75890451,Adele,f,2016-08-12 22:53:24.000,2016-08-12 22:53:24.000
75905090,Ana,f,2017-06-23 09:18:10.000,2017-06-23 09:18:10.000
75943990,Ulrike,f,2019-07-29 12:15:26.000,2019-07-29 12:15:26.000
76060471,Fatime,f,2017-05-09 08:53:03.000,2017-05-09 08:53:03.000
76069504,Karin,f,2017-09-01 13:16:35.000,2017-09-01 13:16:35.000
76086508,Fine,f,2016-05-28 20:02:30.000,2016-05-28 20:02:30.000
76091555,Tobias,f,2018-08-11 14:28:30.000,2018-08-11 14:28:30.000
76116125,Felicitas,f,2021-08-13 03:17:21.000,2021-08-13 03:17:21.000
76146934,Max,f,2016-05-30 05:58:51.000,2016-05-30 05:58:51.000
76148857,Gabriele,f,2018-06-06 06:41:16.000,2018-06-06 06:41:16.000
76163058,Sophie,f,2017-07-30 03:51:41.000,2017-07-30 03:51:41.000
76163996,Christina,f,2017-08-28 02:57:32.000,2017-08-28 02:57:32.000
76340603,Rolf & Francois,t,2017-07-31 08:25:49.000,2017-07-31 08:25:49.000
76491096,Elisa,f,2016-07-05 19:35:22.000,2016-07-05 19:35:22.000
76514831,Alexander,f,2016-06-14 21:57:15.000,2016-06-14 21:57:15.000
76562028,Marleen,f,2017-08-29 18:16:30.000,2017-08-29 18:16:30.000
76615730,Manuel,f,2018-03-11 06:15:07.000,2018-03-11 06:15:07.000
76628529,Tom,t,2017-05-20 08:02:52.000,2017-05-20 08:02:52.000
76640350,Fraser,f,2021-10-24 19:17:48.000,2021-10-24 19:17:48.000
76641332,Stefan,f,2020-02-05 14:56:41.000,2020-02-05 14:56:41.000
76683934,Alexander,f,2017-03-02 18:53:20.000,2017-03-02 18:53:20.000
76703729,Menal,f,2021-11-06 16:12:03.000,2021-11-06 16:12:03.000
76721755,Lina,f,2021-09-07 09:06:36.000,2021-09-07 09:06:36.000
76794713,Hannes,f,2018-09-15 01:32:23.000,2018-09-15 01:32:23.000
76796540,Sandra,f,2016-08-10 05:27:28.000,2016-08-10 05:27:28.000
76823362,Sven,f,2018-07-17 01:58:56.000,2018-07-17 01:58:56.000
76845903,Luisa,f,2016-12-18 13:48:01.000,2016-12-18 13:48:01.000
76875398,Felix,f,2017-12-06 14:24:57.000,2017-12-06 14:24:57.000
76875613,Johannes,f,2021-10-27 13:12:14.000,2021-10-27 13:12:14.000
76906838,Björn,f,2021-11-10 02:09:56.000,2021-11-10 02:09:56.000
76923074,Julia,f,2021-10-26 23:43:19.000,2021-10-26 23:43:19.000
76945744,Philipp,f,2016-06-14 11:40:26.000,2016-06-14 11:40:26.000
76948901,Alba,f,2016-06-10 04:01:55.000,2016-06-10 04:01:55.000
76959766,Tomi,f,2021-11-17 00:49:40.000,2021-11-17 00:49:40.000
77079619,Ursula,f,2017-02-16 08:44:10.000,2017-02-16 08:44:10.000
77099099,Denise,f,2021-11-13 07:37:52.000,2021-11-13 07:37:52.000
77159849,Angelina,f,2020-08-02 10:18:52.000,2020-08-02 10:18:52.000
77203278,Ayla,f,2021-10-25 13:46:37.000,2021-10-25 13:46:37.000
77214209,Ali,f,2016-10-30 08:35:01.000,2016-10-30 08:35:01.000
77248034,Jörg,f,2017-08-09 15:17:33.000,2017-08-09 15:17:33.000
77249432,Armin,f,2018-04-13 21:50:28.000,2018-04-13 21:50:28.000
77261793,Magdalena,f,2016-06-07 00:49:39.000,2016-06-07 00:49:39.000
77262771,Alex,f,2018-11-11 10:08:37.000,2018-11-11 10:08:37.000
77439052,Luise,f,2016-06-16 17:31:15.000,2016-06-16 17:31:15.000
77485760,Hannah,f,2016-06-19 12:29:43.000,2016-06-19 12:29:43.000
77509397,Sarah,f,2019-10-16 21:45:36.000,2019-10-16 21:45:36.000
77514719,Sabriye,f,2016-07-22 15:05:11.000,2016-07-22 15:05:11.000
77519364,Karaki,f,2018-05-05 04:22:44.000,2018-05-05 04:22:44.000
77522210,Chloe,f,2021-11-17 06:27:31.000,2021-11-17 06:27:31.000
77561751,Diana,f,2021-11-10 05:48:26.000,2021-11-10 05:48:26.000
77631123,Feng,f,2021-11-19 10:07:15.000,2021-11-19 10:07:15.000
77695541,Martin,f,2018-08-18 06:26:26.000,2018-08-18 06:26:26.000
77767523,Enver,f,2016-08-14 21:31:07.000,2016-08-14 21:31:07.000
77774265,Tormod,f,2019-12-12 13:52:19.000,2019-12-12 13:52:19.000
77781707,Diogo Leandro,t,2017-04-22 21:03:51.000,2017-04-22 21:03:51.000
77845975,Benjamin,f,2017-06-18 17:38:59.000,2017-06-18 17:38:59.000
77859450,Yasemin,f,2021-10-22 05:56:24.000,2021-10-22 05:56:24.000
77890643,Kathrin,f,2020-01-20 08:29:41.000,2020-01-20 08:29:41.000
77923222,Andrea,f,2017-02-03 02:32:44.000,2017-02-03 02:32:44.000
77943199,Uta,f,2017-04-10 14:16:19.000,2017-04-10 14:16:19.000
77964725,Thomas,t,2020-05-30 03:43:25.000,2020-05-30 03:43:25.000
78069686,Julien,f,2021-11-05 19:47:22.000,2021-11-05 19:47:22.000
78167637,Emanuele,f,2018-08-13 14:27:28.000,2018-08-13 14:27:28.000
78220240,Katharina,f,2019-10-12 10:15:52.000,2019-10-12 10:15:52.000
78250834,Emily,f,2016-12-04 05:47:17.000,2016-12-04 05:47:17.000
78319502,Yvonne,f,2017-05-07 12:37:51.000,2017-05-07 12:37:51.000
78385580,Lior,f,2021-11-13 09:30:25.000,2021-11-13 09:30:25.000
78385711,Isabel,f,2021-08-08 00:25:59.000,2021-08-08 00:25:59.000
78387405,Michael,f,2021-08-17 02:46:06.000,2021-08-17 02:46:06.000
78388004,Katja,f,2021-11-02 00:12:34.000,2021-11-02 00:12:34.000
78396686,Samira,f,2021-11-19 07:04:54.000,2021-11-19 07:04:54.000
78484510,Aman,f,2020-07-26 02:33:30.000,2020-07-26 02:33:30.000
78493498,Jie,f,2019-05-25 10:43:33.000,2019-05-25 10:43:33.000
78562588,Susana C.,f,2016-06-12 21:56:31.000,2016-06-12 21:56:31.000
78571663,Nina,f,2018-08-31 14:51:50.000,2018-08-31 14:51:50.000
78585728,Marie,t,2020-10-01 03:24:01.000,2020-10-01 03:24:01.000
78606563,Edda,f,2017-09-12 23:41:24.000,2017-09-12 23:41:24.000
78664104,Jan,f,2019-05-02 07:13:19.000,2019-05-02 07:13:19.000
78670151,Theresa,f,2017-09-13 18:46:59.000,2017-09-13 18:46:59.000
78804357,Alexis,f,2019-12-24 00:27:34.000,2019-12-24 00:27:34.000
78831560,Andrew,t,2017-10-25 18:24:23.000,2017-10-25 18:24:23.000
78877840,Stefan,f,2018-06-01 05:19:52.000,2018-06-01 05:19:52.000
78997846,Laura,f,2017-09-08 02:10:22.000,2017-09-08 02:10:22.000
79000226,Sabine,f,2016-07-13 11:54:58.000,2016-07-13 11:54:58.000
79002334,Laura,f,2018-08-04 18:53:19.000,2018-08-04 18:53:19.000
79089196,Jan,f,2018-12-21 03:00:24.000,2018-12-21 03:00:24.000
79100438,Edith,f,2019-05-28 19:05:28.000,2019-05-28 19:05:28.000
79251441,Karim,f,2021-11-05 10:30:50.000,2021-11-05 10:30:50.000
79255369,Sven,t,2016-07-08 03:18:09.000,2016-07-08 03:18:09.000
79285106,Lana,f,2016-07-04 15:10:48.000,2016-07-04 15:10:48.000
79312888,Songül,f,2017-05-20 06:33:47.000,2017-05-20 06:33:47.000
79323327,Elene,f,2017-03-16 14:21:55.000,2017-03-16 14:21:55.000
79325511,Maximilian,f,2021-08-27 04:42:40.000,2021-08-27 04:42:40.000
79413758,Roland,f,2016-08-08 04:40:09.000,2016-08-08 04:40:09.000
79416558,Julia,f,2020-08-24 06:14:55.000,2020-08-24 06:14:55.000
79421287,Carolin,f,2018-12-29 15:18:14.000,2018-12-29 15:18:14.000
79430806,Katya,f,2016-12-13 08:52:16.000,2016-12-13 08:52:16.000
79469238,Sebastian,f,2016-08-08 04:06:48.000,2016-08-08 04:06:48.000
79518134,Julia,f,2018-06-27 23:05:07.000,2018-06-27 23:05:07.000
79533499,Frank,f,2021-11-13 00:06:36.000,2021-11-13 00:06:36.000
79703073,Christian,f,2019-03-30 07:48:32.000,2019-03-30 07:48:32.000
79713666,Sonsie,f,2018-08-15 04:45:36.000,2018-08-15 04:45:36.000
79781318,Danaisy,f,2016-07-24 05:55:17.000,2016-07-24 05:55:17.000
79838252,Daus,f,2021-10-23 09:00:46.000,2021-10-23 09:00:46.000
79844130,Zora,f,2017-08-09 02:44:37.000,2017-08-09 02:44:37.000
79875465,Janet,f,2016-07-16 14:34:27.000,2016-07-16 14:34:27.000
79882296,Julie,t,2016-06-28 23:42:31.000,2016-06-28 23:42:31.000
79948380,Ricardo,f,2021-04-24 08:56:14.000,2021-04-24 08:56:14.000
79950390,Balázs,t,2019-04-08 10:17:26.000,2019-04-08 10:17:26.000
80009613,Luzie,f,2018-08-04 04:34:45.000,2018-08-04 04:34:45.000
80069135,Natalia,t,2016-07-01 12:13:37.000,2016-07-01 12:13:37.000
80093638,Robbi,f,2019-12-04 03:45:11.000,2019-12-04 03:45:11.000
80188984,Fabian,f,2016-08-15 23:49:52.000,2016-08-15 23:49:52.000
80206184,Toni,f,2021-10-31 01:51:01.000,2021-10-31 01:51:01.000
80212545,Wiebke,f,2018-08-25 23:51:39.000,2018-08-25 23:51:39.000
80214104,María,f,2019-04-12 02:10:59.000,2019-04-12 02:10:59.000
80282218,Lena,f,2016-07-28 22:15:11.000,2016-07-28 22:15:11.000
80286078,Franziska,f,2017-03-10 19:04:43.000,2017-03-10 19:04:43.000
80293234,Claudia,f,2016-08-07 05:04:28.000,2016-08-07 05:04:28.000
80394592,Diego,f,2021-10-26 10:03:27.000,2021-10-26 10:03:27.000
80410216,Janne,f,2016-06-14 05:52:49.000,2016-06-14 05:52:49.000
80424192,Sven,t,2016-06-22 08:22:10.000,2016-06-22 08:22:10.000
80426890,Johannes,f,2016-09-14 03:19:34.000,2016-09-14 03:19:34.000
80459351,Prenzlauer,f,2016-09-19 19:18:09.000,2016-09-19 19:18:09.000
80464141,Maik,f,2021-10-26 18:26:35.000,2021-10-26 18:26:35.000
80482488,Sonja,f,2021-11-18 16:21:52.000,2021-11-18 16:21:52.000
80484044,Julia,f,2016-10-01 00:42:16.000,2016-10-01 00:42:16.000
80501251,Louisa,f,2017-01-05 19:47:50.000,2017-01-05 19:47:50.000
80511759,Till,f,2017-07-28 22:42:53.000,2017-07-28 22:42:53.000
80616892,Tim,f,2016-08-04 01:41:54.000,2016-08-04 01:41:54.000
80625117,Isabelle,t,2018-07-17 09:47:01.000,2018-07-17 09:47:01.000
80640615,Morsy,t,2016-07-25 14:31:42.000,2016-07-25 14:31:42.000
80647411,Oren,f,2017-03-19 22:36:58.000,2017-03-19 22:36:58.000
80675177,Sven,t,2016-06-25 04:18:59.000,2016-06-25 04:18:59.000
80714211,Renald,f,2016-07-02 03:12:54.000,2016-07-02 03:12:54.000
80728051,Dorothea,f,2017-04-28 20:06:13.000,2017-04-28 20:06:13.000
80735678,Jan,t,2018-04-07 07:48:25.000,2018-04-07 07:48:25.000
80817957,Nina,f,2019-05-23 14:10:33.000,2019-05-23 14:10:33.000
80834351,Alexander,f,2020-06-20 07:50:21.000,2020-06-20 07:50:21.000
80837749,Luca,f,2016-06-20 01:23:00.000,2016-06-20 01:23:00.000
80847258,Rajab,f,2018-01-30 04:44:00.000,2018-01-30 04:44:00.000
80852682,Roberto,f,2021-07-24 03:11:24.000,2021-07-24 03:11:24.000
80857479,Jan,f,2016-07-20 04:28:26.000,2016-07-20 04:28:26.000
80861096,Dimitri,f,2019-07-15 16:42:50.000,2019-07-15 16:42:50.000
80861390,Alexandra,t,2017-04-11 07:10:42.000,2017-04-11 07:10:42.000
80876529,Katharina,f,2021-11-07 01:23:41.000,2021-11-07 01:23:41.000
80887087,Carlos,f,2016-08-28 11:15:30.000,2016-08-28 11:15:30.000
80900552,Markus,f,2016-06-28 09:11:06.000,2016-06-28 09:11:06.000
80919335,Frank,f,2017-04-11 21:17:42.000,2017-04-11 21:17:42.000
81030660,Isabell,f,2016-09-06 16:37:17.000,2016-09-06 16:37:17.000
81059378,Janosch,f,2020-02-24 16:00:00.000,2020-02-24 16:00:00.000
81075540,Sonja,f,2016-09-11 20:47:44.000,2016-09-11 20:47:44.000
81076419,Avitosh,f,2021-10-21 13:05:41.000,2021-10-21 13:05:41.000
81087674,Mischa,f,2016-07-03 02:56:17.000,2016-07-03 02:56:17.000
81123292,Klaus,f,2016-07-10 07:14:15.000,2016-07-10 07:14:15.000
81163337,Markus,f,2021-02-21 11:59:27.000,2021-02-21 11:59:27.000
81229283,Claudia,t,2021-05-14 16:12:35.000,2021-05-14 16:12:35.000
81291180,Pascal,f,2016-08-05 17:55:48.000,2016-08-05 17:55:48.000
81311399,Oded,f,2017-07-05 08:03:03.000,2017-07-05 08:03:03.000
81311773,Tai Chi,f,2019-06-27 03:17:13.000,2019-06-27 03:17:13.000
81586679,Sofia,t,2020-07-05 10:21:04.000,2020-07-05 10:21:04.000
81597564,Francesco,f,2017-07-07 02:37:47.000,2017-07-07 02:37:47.000
81653648,Teddy,f,2021-09-21 14:26:49.000,2021-09-21 14:26:49.000
81657547,Robert,t,2018-07-23 01:47:46.000,2018-07-23 01:47:46.000
81729002,Emilie Thit,f,2021-10-22 08:57:30.000,2021-10-22 08:57:30.000
81804128,Aurica,f,2016-09-18 12:03:45.000,2016-09-18 12:03:45.000
81816312,Ilka,f,2016-06-29 17:52:56.000,2016-06-29 17:52:56.000
81819420,Tim,f,2021-10-25 21:46:50.000,2021-10-25 21:46:50.000
81826394,Liya,f,2019-08-17 20:26:11.000,2019-08-17 20:26:11.000
81835621,Soffi,f,2019-08-17 17:53:45.000,2019-08-17 17:53:45.000
81920317,Hilde,f,2021-10-27 16:06:52.000,2021-10-27 16:06:52.000
81941440,Cornelia,f,2016-07-11 13:03:45.000,2016-07-11 13:03:45.000
81984654,Anna,f,2018-12-28 10:13:46.000,2018-12-28 10:13:46.000
82030459,Kim,f,2016-06-24 12:25:24.000,2016-06-24 12:25:24.000
82038375,Werner,f,2021-10-29 00:21:29.000,2021-10-29 00:21:29.000
82047662,Kirsten,t,2016-09-27 05:10:51.000,2016-09-27 05:10:51.000
82056795,Erik,f,2019-03-15 18:08:50.000,2019-03-15 18:08:50.000
82060224,Marleen,f,2017-08-19 18:27:17.000,2017-08-19 18:27:17.000
82105508,Marlene,f,2018-05-31 10:20:24.000,2018-05-31 10:20:24.000
82120381,Fanny,f,2021-11-03 05:01:00.000,2021-11-03 05:01:00.000
82142678,Rafael,f,2021-10-25 05:14:44.000,2021-10-25 05:14:44.000
82144943,Markus And Hugo,f,2016-07-11 03:46:58.000,2016-07-11 03:46:58.000
82152793,Katrin,t,2019-12-20 04:49:40.000,2019-12-20 04:49:40.000
82160071,Nicole,f,2018-08-29 06:33:10.000,2018-08-29 06:33:10.000
82218136,Merlin,f,2016-09-25 08:18:09.000,2016-09-25 08:18:09.000
82232269,David,f,2016-07-26 12:26:24.000,2016-07-26 12:26:24.000
82238994,Serkan,t,2016-12-28 09:32:33.000,2016-12-28 09:32:33.000
82245405,Klemens,f,2021-11-19 09:26:53.000,2021-11-19 09:26:53.000
82255686,Scarlett,f,2021-09-15 22:47:46.000,2021-09-15 22:47:46.000
82279491,Nehemiah,f,2019-08-14 23:14:05.000,2019-08-14 23:14:05.000
82299810,Karolina,t,2016-08-01 18:43:11.000,2016-08-01 18:43:11.000
82302472,Claudia,f,2017-08-21 07:19:10.000,2017-08-21 07:19:10.000
82324046,Ahmed Amine,t,2020-09-22 05:33:54.000,2020-09-22 05:33:54.000
82427093,Martha,f,2016-06-29 20:42:33.000,2016-06-29 20:42:33.000
82440638,Nastasia,f,2021-07-15 10:05:22.000,2021-07-15 10:05:22.000
82444389,Leonard,f,2021-11-03 16:21:13.000,2021-11-03 16:21:13.000
82453371,Berna,f,2018-05-23 19:30:38.000,2018-05-23 19:30:38.000
82473711,Christian & Vemo,f,2016-07-03 07:17:27.000,2016-07-03 07:17:27.000
82553883,Grit,f,2017-12-22 03:25:29.000,2017-12-22 03:25:29.000
82630344,Sabrina,f,2021-09-04 23:29:46.000,2021-09-04 23:29:46.000
82634321,Frederic,f,2019-04-05 05:52:07.000,2019-04-05 05:52:07.000
82641963,Pavel,f,2020-08-14 09:58:24.000,2020-08-14 09:58:24.000
82710409,Susen,f,2017-08-20 05:52:03.000,2017-08-20 05:52:03.000
82714181,Pension,f,2016-07-12 07:19:01.000,2016-07-12 07:19:01.000
82730752,Natashka,f,2017-07-22 23:01:50.000,2017-07-22 23:01:50.000
82838371,Leonie,f,2021-10-30 18:14:39.000,2021-10-30 18:14:39.000
82862569,Edgar,f,2021-07-29 18:48:08.000,2021-07-29 18:48:08.000
82912243,Elena,f,2019-07-22 05:30:20.000,2019-07-22 05:30:20.000
82927975,Zachar,f,2018-07-05 03:15:12.000,2018-07-05 03:15:12.000
83014260,Giuseppe,f,2016-10-21 21:18:06.000,2016-10-21 21:18:06.000
83028041,Jonas,f,2017-05-27 22:22:55.000,2017-05-27 22:22:55.000
83029886,Valentin,f,2018-12-10 02:34:46.000,2018-12-10 02:34:46.000
83047778,Florian,f,2021-10-22 23:07:50.000,2021-10-22 23:07:50.000
83068676,Sohila,t,2018-06-27 15:35:14.000,2018-06-27 15:35:14.000
83104049,Viola,f,2016-07-05 10:42:30.000,2016-07-05 10:42:30.000
83114888,Jan,f,2016-08-25 19:37:12.000,2016-08-25 19:37:12.000
83121051,Pascale,f,2021-11-03 21:22:55.000,2021-11-03 21:22:55.000
83228166,Sophie,f,2018-05-31 06:45:35.000,2018-05-31 06:45:35.000
83307800,Alexander,f,2018-05-12 08:44:16.000,2018-05-12 08:44:16.000
83308685,Andreas,f,2016-08-03 14:45:20.000,2016-08-03 14:45:20.000
83320139,Jakob,f,2018-03-15 01:52:09.000,2018-03-15 01:52:09.000
83334442,Emel,f,2021-11-10 23:41:57.000,2021-11-10 23:41:57.000
83364500,Ursula,f,2018-03-25 10:53:16.000,2018-03-25 10:53:16.000
83371892,Tony,f,2021-11-05 17:14:41.000,2021-11-05 17:14:41.000
83386849,Max,f,2021-10-23 01:48:53.000,2021-10-23 01:48:53.000
83443733,Atze,f,2019-12-17 06:19:48.000,2019-12-17 06:19:48.000
83471155,Diana,f,2019-04-25 10:28:47.000,2019-04-25 10:28:47.000
83484321,Christine,f,2016-07-17 03:32:56.000,2016-07-17 03:32:56.000
83494533,Caro,f,2018-09-11 06:13:21.000,2018-09-11 06:13:21.000
83495735,David,f,2021-11-10 00:17:43.000,2021-11-10 00:17:43.000
83514557,Kristin,f,2018-07-06 01:57:42.000,2018-07-06 01:57:42.000
83537099,Aaron,t,2019-05-31 08:16:26.000,2019-05-31 08:16:26.000
83541571,Marie,f,2016-07-09 03:54:19.000,2016-07-09 03:54:19.000
83565276,Christian (Henk),f,2016-08-04 14:45:27.000,2016-08-04 14:45:27.000
83583952,Aron,f,2021-10-26 11:25:36.000,2021-10-26 11:25:36.000
83594010,James,f,2018-07-18 11:52:23.000,2018-07-18 11:52:23.000
83638319,Dajana,f,2016-08-04 00:01:46.000,2016-08-04 00:01:46.000
83693578,Eckehard,t,2016-10-01 15:33:09.000,2016-10-01 15:33:09.000
83724182,Dorian,f,2021-10-23 12:12:05.000,2021-10-23 12:12:05.000
83732173,Marisa,t,2018-10-10 18:08:25.000,2018-10-10 18:08:25.000
83738669,Matilde,f,2021-07-26 16:13:21.000,2021-07-26 16:13:21.000
83751457,Joosep,f,2018-05-09 23:25:41.000,2018-05-09 23:25:41.000
83762148,Johanna,f,2021-11-03 23:24:08.000,2021-11-03 23:24:08.000
83767016,Luise,f,2016-07-08 05:40:29.000,2016-07-08 05:40:29.000
83813372,Ann-Marie,f,2019-12-23 00:45:56.000,2019-12-23 00:45:56.000
83856993,Julia,f,2021-06-17 15:06:50.000,2021-06-17 15:06:50.000
83906679,Moritz,f,2017-07-22 10:43:55.000,2017-07-22 10:43:55.000
83936528,Aljona,f,2016-07-20 16:31:35.000,2016-07-20 16:31:35.000
84041731,Malcolm,f,2017-08-01 19:31:03.000,2017-08-01 19:31:03.000
84089104,Philipp,f,2021-11-06 01:34:20.000,2021-11-06 01:34:20.000
84102243,Jo,f,2016-07-11 10:59:54.000,2016-07-11 10:59:54.000
84180719,Lilly,f,2021-11-02 05:50:57.000,2021-11-02 05:50:57.000
84192909,Stephan & Renè,t,2017-04-13 08:49:58.000,2017-04-13 08:49:58.000
84201862,Jörg,f,2016-09-07 16:53:43.000,2016-09-07 16:53:43.000
84221770,Teo,f,2017-09-19 23:49:11.000,2017-09-19 23:49:11.000
84228805,Cornelia,f,2019-06-24 11:17:18.000,2019-06-24 11:17:18.000
84251083,David,f,2018-07-19 08:41:59.000,2018-07-19 08:41:59.000
84283587,Petra,f,2016-07-31 04:38:21.000,2016-07-31 04:38:21.000
84319687,Natalie,f,2021-11-02 08:37:41.000,2021-11-02 08:37:41.000
84401747,Peter,f,2016-08-09 20:37:29.000,2016-08-09 20:37:29.000
84422947,Felicity,f,2016-07-20 18:20:17.000,2016-07-20 18:20:17.000
84438753,Hans,f,2019-10-24 14:29:24.000,2019-10-24 14:29:24.000
84466396,Macro,f,2021-11-01 20:39:35.000,2021-11-01 20:39:35.000
84487357,Louisa,f,2019-08-02 23:08:43.000,2019-08-02 23:08:43.000
84512703,Dominik,f,2019-02-12 03:23:26.000,2019-02-12 03:23:26.000
84533297,Nadine,f,2017-06-28 14:04:26.000,2017-06-28 14:04:26.000
84535066,Bastian,f,2021-09-13 23:33:53.000,2021-09-13 23:33:53.000
84542331,Gilad,f,2016-08-10 04:32:03.000,2016-08-10 04:32:03.000
84554253,David,f,2016-08-09 16:58:16.000,2016-08-09 16:58:16.000
84554564,Caitlin,f,2020-08-07 19:05:17.000,2020-08-07 19:05:17.000
84637557,Sima,t,2019-08-18 11:46:10.000,2019-08-18 11:46:10.000
84673308,Jasmin,f,2021-11-06 15:43:02.000,2021-11-06 15:43:02.000
84733117,Marianne,f,2021-10-28 19:24:51.000,2021-10-28 19:24:51.000
84748525,Wera,t,2016-07-31 14:31:36.000,2016-07-31 14:31:36.000
84780003,Adele,f,2016-12-12 21:12:23.000,2016-12-12 21:12:23.000
84787007,Maeve,f,2019-08-09 12:02:11.000,2019-08-09 12:02:11.000
84842965,Paul,f,2018-08-05 20:39:28.000,2018-08-05 20:39:28.000
84862652,Atilla,t,2020-08-19 07:43:19.000,2020-08-19 07:43:19.000
84899836,Elena,f,2019-07-21 23:51:44.000,2019-07-21 23:51:44.000
84949216,Markus,f,2017-08-11 04:19:30.000,2017-08-11 04:19:30.000
84954977,Diane,f,2018-12-22 12:42:05.000,2018-12-22 12:42:05.000
84979363,Sarah,f,2021-11-09 05:53:09.000,2021-11-09 05:53:09.000
85033900,Sarah,f,2017-07-21 03:05:00.000,2017-07-21 03:05:00.000
85050799,Zeynep,f,2016-08-06 18:22:08.000,2016-08-06 18:22:08.000
85075824,Lisa,f,2016-07-22 03:26:35.000,2016-07-22 03:26:35.000
85076344,Yeliz,f,2021-10-13 14:48:53.000,2021-10-13 14:48:53.000
85086022,Frieda,f,2019-08-25 02:57:11.000,2019-08-25 02:57:11.000
85092590,Andreas,t,2016-09-01 11:39:40.000,2016-09-01 11:39:40.000
85121221,Petra,t,2018-09-03 13:10:32.000,2018-09-03 13:10:32.000
85143476,Talal,f,2018-05-21 06:04:15.000,2018-05-21 06:04:15.000
85248607,Magdalena,f,2017-04-16 16:49:37.000,2017-04-16 16:49:37.000
85254718,Markus,f,2021-11-09 13:11:40.000,2021-11-09 13:11:40.000
85269071,Wali,f,2021-07-15 17:33:02.000,2021-07-15 17:33:02.000
85296462,Swantje,f,2018-01-01 17:34:07.000,2018-01-01 17:34:07.000
85312132,Sophie,f,2021-11-16 05:26:34.000,2021-11-16 05:26:34.000
85337726,Jill,f,2021-11-19 12:41:30.000,2021-11-19 12:41:30.000
85369900,Larissa,f,2021-11-09 04:30:34.000,2021-11-09 04:30:34.000
85457298,Lothar,f,2021-10-29 00:51:32.000,2021-10-29 00:51:32.000
85588853,Annika,f,2016-08-03 18:08:57.000,2016-08-03 18:08:57.000
85603922,Manuel,f,2020-02-12 09:31:03.000,2020-02-12 09:31:03.000
85699179,Florian,f,2019-02-24 00:06:47.000,2019-02-24 00:06:47.000
85790304,Elma And Aaron,f,2016-08-02 04:41:17.000,2016-08-02 04:41:17.000
85795034,Michael,f,2017-08-24 17:30:15.000,2017-08-24 17:30:15.000
85802189,Samuel,f,2019-09-15 07:39:00.000,2019-09-15 07:39:00.000
85804457,Katha,f,2016-07-31 08:53:27.000,2016-07-31 08:53:27.000
85872649,Niels H.,f,2021-11-02 10:43:45.000,2021-11-02 10:43:45.000
85901073,Julia,f,2016-08-27 18:02:37.000,2016-08-27 18:02:37.000
85947114,Eva,f,2018-11-29 20:59:03.000,2018-11-29 20:59:03.000
86023236,Robin,f,2016-07-29 05:13:53.000,2016-07-29 05:13:53.000
86028287,Céline,f,2018-04-28 05:37:26.000,2018-04-28 05:37:26.000
86031377,Marthe,f,2018-10-03 15:21:30.000,2018-10-03 15:21:30.000
86048243,Xavi,f,2017-10-22 04:46:53.000,2017-10-22 04:46:53.000
86081181,Piotr,f,2017-09-05 10:16:37.000,2017-09-05 10:16:37.000
86086008,Johanna,f,2016-07-27 02:44:26.000,2016-07-27 02:44:26.000
86087723,Luca,f,2021-11-19 11:33:38.000,2021-11-19 11:33:38.000
86089359,Eva,f,2021-11-06 00:52:01.000,2021-11-06 00:52:01.000
86120115,Iris,f,2017-07-26 19:06:57.000,2017-07-26 19:06:57.000
86139032,Alexandra,f,2016-08-06 10:21:37.000,2016-08-06 10:21:37.000
86149098,Yvonne,f,2016-08-18 20:00:33.000,2016-08-18 20:00:33.000
86166545,Anna,f,2016-08-18 06:08:24.000,2016-08-18 06:08:24.000
86244643,Pavel,f,2017-04-24 11:26:52.000,2017-04-24 11:26:52.000
86266053,Till,t,2018-10-09 00:37:17.000,2018-10-09 00:37:17.000
86282975,Sebastian,f,2021-10-25 03:16:44.000,2021-10-25 03:16:44.000
86306399,Salome,f,2016-08-10 13:50:52.000,2016-08-10 13:50:52.000
86324450,Hanspeter,f,2018-05-24 21:50:56.000,2018-05-24 21:50:56.000
86361408,Johanna,f,2021-10-21 15:42:50.000,2021-10-21 15:42:50.000
86372685,Josué Moy,f,2016-08-03 11:18:44.000,2016-08-03 11:18:44.000
86456142,Nora,f,2017-08-30 20:00:54.000,2017-08-30 20:00:54.000
86473761,Timo,f,2021-05-17 11:19:52.000,2021-05-17 11:19:52.000
86478533,Ksenia,t,2019-06-04 06:33:08.000,2019-06-04 06:33:08.000
86484113,Luba,f,2016-12-21 13:15:05.000,2016-12-21 13:15:05.000
86485873,Hannes,f,2020-09-05 20:27:02.000,2020-09-05 20:27:02.000
86528339,Hamun,f,2021-11-14 03:29:12.000,2021-11-14 03:29:12.000
86551352,Janine,f,2016-08-01 04:21:50.000,2016-08-01 04:21:50.000
86592058,Valentin,f,2021-11-05 01:56:39.000,2021-11-05 01:56:39.000
86626749,Nikolett,f,2019-06-09 00:08:32.000,2019-06-09 00:08:32.000
86638979,Franca,t,2018-08-16 05:15:02.000,2018-08-16 05:15:02.000
86644386,Chaya,f,2018-09-15 05:28:56.000,2018-09-15 05:28:56.000
86656518,Mónica,f,2018-09-18 08:44:23.000,2018-09-18 08:44:23.000
86661615,Dietmar,f,2016-08-12 03:02:25.000,2016-08-12 03:02:25.000
86675603,David,f,2016-09-08 23:07:43.000,2016-09-08 23:07:43.000
86679881,Paul & Jana,t,2016-09-02 01:20:06.000,2016-09-02 01:20:06.000
86830217,Wiebke,f,2021-11-01 14:28:01.000,2021-11-01 14:28:01.000
86857088,Dan,t,2016-09-22 02:27:30.000,2016-09-22 02:27:30.000
86870072,Flo,f,2017-12-23 16:28:41.000,2017-12-23 16:28:41.000
86871992,Fabian,f,2016-07-31 11:47:48.000,2016-07-31 11:47:48.000
86873653,Oula,t,2018-09-05 20:10:42.000,2018-09-05 20:10:42.000
86895618,Julia,f,2021-11-02 20:11:24.000,2021-11-02 20:11:24.000
86903807,Valentina,f,2019-03-05 09:08:59.000,2019-03-05 09:08:59.000
86935637,Karim,f,2021-11-01 05:35:41.000,2021-11-01 05:35:41.000
86973082,Umberto,f,2016-11-22 12:50:56.000,2016-11-22 12:50:56.000
86996646,Alex,f,2021-05-21 04:39:04.000,2021-05-21 04:39:04.000
87008506,Klara,f,2016-08-20 14:23:42.000,2016-08-20 14:23:42.000
87013585,Helena,f,2019-10-24 20:34:44.000,2019-10-24 20:34:44.000
87042609,Tim,f,2018-06-04 10:34:31.000,2018-06-04 10:34:31.000
87070021,Tobias,f,2017-05-23 08:57:39.000,2017-05-23 08:57:39.000
87210974,Janina,t,2016-11-22 19:12:57.000,2016-11-22 19:12:57.000
87224676,Merkur,f,2016-07-26 05:11:42.000,2016-07-26 05:11:42.000
87228823,Julien,f,2018-09-02 11:40:51.000,2018-09-02 11:40:51.000
87232232,Tobias,f,2021-11-03 15:58:50.000,2021-11-03 15:58:50.000
87237286,Till,f,2016-12-04 15:05:48.000,2016-12-04 15:05:48.000
87246578,Alex,f,2017-02-15 20:05:09.000,2017-02-15 20:05:09.000
87248928,Lenny,f,2019-10-12 20:15:27.000,2019-10-12 20:15:27.000
87250324,Susanne,t,2016-07-23 12:59:24.000,2016-07-23 12:59:24.000
87251415,Luise,f,2018-05-12 01:24:32.000,2018-05-12 01:24:32.000
87261807,Lutfi,f,2017-03-05 13:09:03.000,2017-03-05 13:09:03.000
87331100,Christina,f,2017-07-01 13:37:32.000,2017-07-01 13:37:32.000
87354621,Artur,f,2019-08-01 09:01:09.000,2019-08-01 09:01:09.000
87442687,Babett,t,2016-08-08 21:00:12.000,2016-08-08 21:00:12.000
87444890,Nadine,f,2017-12-20 21:14:52.000,2017-12-20 21:14:52.000
87444897,Lorena,f,2019-05-05 19:28:03.000,2019-05-05 19:28:03.000
87479236,Matija,t,2016-08-06 19:13:54.000,2016-08-06 19:13:54.000
87490495,Marc,t,2018-02-21 13:10:32.000,2018-02-21 13:10:32.000
87526289,Betül,f,2018-05-03 21:43:14.000,2018-05-03 21:43:14.000
87559796,Vivien,f,2019-03-31 12:45:14.000,2019-03-31 12:45:14.000
87574767,James,f,2019-01-21 22:04:51.000,2019-01-21 22:04:51.000
87575079,David,f,2016-08-15 16:58:42.000,2016-08-15 16:58:42.000
87627421,Marvin,f,2017-09-02 21:06:34.000,2017-09-02 21:06:34.000
87638044,Alana,f,2016-11-04 00:40:29.000,2016-11-04 00:40:29.000
87664289,Karolina,f,2018-12-06 06:05:18.000,2018-12-06 06:05:18.000
87719957,Sylvie,f,2019-06-15 19:49:45.000,2019-06-15 19:49:45.000
87735527,Elena,f,2018-06-23 21:00:32.000,2018-06-23 21:00:32.000
87741227,Nora,f,2019-02-02 10:26:00.000,2019-02-02 10:26:00.000
87742113,Franz,f,2021-11-04 14:54:57.000,2021-11-04 14:54:57.000
87748246,Lisa,f,2018-02-24 12:36:06.000,2018-02-24 12:36:06.000
87780272,Lisa,f,2017-03-25 00:16:56.000,2017-03-25 00:16:56.000
87782753,Louisa,f,2017-08-14 12:52:30.000,2017-08-14 12:52:30.000
87796094,Mitja,f,2016-08-13 23:08:23.000,2016-08-13 23:08:23.000
87803428,Vincent,f,2021-10-30 15:53:53.000,2021-10-30 15:53:53.000
87946327,Wei Kang,f,2018-12-23 09:33:39.000,2018-12-23 09:33:39.000
88017688,Sharon,f,2018-10-23 23:27:35.000,2018-10-23 23:27:35.000
88020485,Linda,f,2017-08-28 20:57:08.000,2017-08-28 20:57:08.000
88091260,Laura,f,2020-10-19 14:03:47.000,2020-10-19 14:03:47.000
88093979,Lara,f,2019-02-23 21:06:58.000,2019-02-23 21:06:58.000
88135942,Lina,t,2017-01-22 00:09:54.000,2017-01-22 00:09:54.000
88163613,Ana,f,2018-06-03 08:05:12.000,2018-06-03 08:05:12.000
88243579,Raven,t,2020-03-06 05:46:13.000,2020-03-06 05:46:13.000
88250254,Hannes,f,2021-10-28 08:48:44.000,2021-10-28 08:48:44.000
88289316,Dlauar,f,2016-08-27 19:26:40.000,2016-08-27 19:26:40.000
88295072,Mo,f,2019-05-16 12:14:06.000,2019-05-16 12:14:06.000
88420609,Bert,t,2018-06-18 17:12:32.000,2018-06-18 17:12:32.000
88429115,Dudi,f,2017-08-08 08:58:53.000,2017-08-08 08:58:53.000
88441274,Jan,f,2016-11-01 01:00:38.000,2016-11-01 01:00:38.000
88478887,Michael,f,2018-05-03 00:18:02.000,2018-05-03 00:18:02.000
88512580,Akim,t,2018-02-24 18:01:45.000,2018-02-24 18:01:45.000
88547701,Rudolf,t,2017-07-05 22:22:42.000,2017-07-05 22:22:42.000
88550306,Michelle,f,2021-11-12 23:09:39.000,2021-11-12 23:09:39.000
88610399,Denis,f,2019-08-09 01:23:30.000,2019-08-09 01:23:30.000
88618928,Vera,f,2017-09-17 09:53:37.000,2017-09-17 09:53:37.000
88638098,Vera,f,2016-08-08 06:27:49.000,2016-08-08 06:27:49.000
88647181,Johannes,f,2016-08-22 09:49:36.000,2016-08-22 09:49:36.000
88648824,Sophie,f,2017-06-19 15:51:58.000,2017-06-19 15:51:58.000
88649368,Romy,f,2016-08-06 14:59:43.000,2016-08-06 14:59:43.000
88673696,Maximilian,f,2018-07-10 14:20:54.000,2018-07-10 14:20:54.000
88856001,Linnen,f,2016-09-09 06:35:45.000,2016-09-09 06:35:45.000
88857361,Franziska,f,2021-09-11 10:46:50.000,2021-09-11 10:46:50.000
88861479,Karin,t,2019-08-26 16:26:52.000,2019-08-26 16:26:52.000
88865939,Lukas,f,2017-07-29 05:18:21.000,2017-07-29 05:18:21.000
88886764,Yasar,f,2021-07-09 00:37:08.000,2021-07-09 00:37:08.000
88887905,Carolina,f,2021-11-12 09:03:52.000,2021-11-12 09:03:52.000
88916024,Tim,f,2016-10-18 05:54:07.000,2016-10-18 05:54:07.000
88929430,Mailen,f,2018-10-13 08:19:15.000,2018-10-13 08:19:15.000
88948601,Sabine,f,2021-11-14 09:25:02.000,2021-11-14 09:25:02.000
88971316,Hannah,f,2021-10-29 06:41:33.000,2021-10-29 06:41:33.000
89000188,Max,f,2020-03-19 21:36:23.000,2020-03-19 21:36:23.000
89102163,Ingo,f,2016-09-20 21:42:29.000,2016-09-20 21:42:29.000
89120840,Maximilian,f,2018-12-20 21:00:48.000,2018-12-20 21:00:48.000
89146924,Kais,f,2021-11-13 23:06:40.000,2021-11-13 23:06:40.000
89183339,Suse,f,2016-08-22 00:10:22.000,2016-08-22 00:10:22.000
89194980,Annelie,f,2016-08-13 15:51:49.000,2016-08-13 15:51:49.000
89268468,Renan,f,2021-11-19 05:21:16.000,2021-11-19 05:21:16.000
89290383,Ivo,f,2017-10-10 23:15:06.000,2017-10-10 23:15:06.000
89411749,Jonas,f,2021-10-26 15:05:18.000,2021-10-26 15:05:18.000
89479056,Anne,f,2018-09-08 22:34:49.000,2018-09-08 22:34:49.000
89483511,Pascal,f,2021-08-28 17:00:02.000,2021-08-28 17:00:02.000
89499690,Pierre,f,2021-10-31 06:44:31.000,2021-10-31 06:44:31.000
89501707,Franz,f,2019-10-12 19:52:00.000,2019-10-12 19:52:00.000
89520978,Jonas,f,2021-11-19 12:54:52.000,2021-11-19 12:54:52.000
89530421,Anastasia,t,2016-11-13 04:27:39.000,2016-11-13 04:27:39.000
89551529,Harshit,f,2018-03-06 15:29:53.000,2018-03-06 15:29:53.000
89569108,Vanessa,t,2016-12-29 05:00:28.000,2016-12-29 05:00:28.000
89652242,Sarah,f,2017-04-30 08:16:28.000,2017-04-30 08:16:28.000
89661383,Addison,f,2021-11-04 06:35:35.000,2021-11-04 06:35:35.000
89667429,Marius,f,2019-03-31 19:52:16.000,2019-03-31 19:52:16.000
89794336,Britta,f,2018-02-06 05:39:03.000,2018-02-06 05:39:03.000
89796240,Rainer,f,2017-05-18 17:08:45.000,2017-05-18 17:08:45.000
89832295,Nelson & Heike,t,2018-01-29 12:12:00.000,2018-01-29 12:12:00.000
89883870,Lisa-Marie,f,2017-12-04 04:02:44.000,2017-12-04 04:02:44.000
89979907,Nicole Blair,t,2019-11-22 12:00:59.000,2019-11-22 12:00:59.000
90003016,Valeska,f,2020-02-21 03:23:38.000,2020-02-21 03:23:38.000
90121086,Pavao,f,2021-11-13 14:45:41.000,2021-11-13 14:45:41.000
90171449,Sandra,f,2016-09-01 09:03:04.000,2016-09-01 09:03:04.000
90186621,Jan,f,2021-10-22 17:29:03.000,2021-10-22 17:29:03.000
90190155,أميرة,f,2017-07-03 19:24:00.000,2017-07-03 19:24:00.000
90205954,Jasmin,f,2016-08-18 15:55:22.000,2016-08-18 15:55:22.000
90211694,Philipp,f,2018-05-26 18:41:26.000,2018-05-26 18:41:26.000
90212836,Olivia,f,2018-03-08 21:18:21.000,2018-03-08 21:18:21.000
90223901,Lena,f,2018-03-10 07:53:22.000,2018-03-10 07:53:22.000
90265785,Raul,t,2018-10-09 02:49:16.000,2018-10-09 02:49:16.000
90293717,Fabian,f,2017-07-05 18:46:53.000,2017-07-05 18:46:53.000
90358343,Anna,f,2018-07-28 13:04:59.000,2018-07-28 13:04:59.000
90370812,Lamia,f,2017-04-12 08:53:21.000,2017-04-12 08:53:21.000
90392865,Flora,f,2016-08-21 00:30:55.000,2016-08-21 00:30:55.000
90424009,Ella,t,2016-12-03 07:50:15.000,2016-12-03 07:50:15.000
90431093,Anna,f,2021-05-21 00:01:04.000,2021-05-21 00:01:04.000
90450240,Lily,f,2016-08-15 11:26:08.000,2016-08-15 11:26:08.000
90454207,Min,f,2021-11-02 02:58:55.000,2021-11-02 02:58:55.000
90502349,Melike,f,2021-10-26 00:11:04.000,2021-10-26 00:11:04.000
90569718,Lilian,f,2020-03-02 02:01:11.000,2020-03-02 02:01:11.000
90580280,Pure,f,2019-02-17 22:39:05.000,2019-02-17 22:39:05.000
90583250,Jan,f,2017-12-21 08:05:04.000,2017-12-21 08:05:04.000
90589137,Bella,f,2018-04-13 11:02:35.000,2018-04-13 11:02:35.000
90593453,Elisabeth,f,2017-01-25 15:15:01.000,2017-01-25 15:15:01.000
90610311,Lukas,f,2017-09-10 04:39:30.000,2017-09-10 04:39:30.000
90639140,Dan,f,2016-11-06 03:01:38.000,2016-11-06 03:01:38.000
90700581,Adam,f,2020-07-27 20:58:26.000,2020-07-27 20:58:26.000
90740198,Felicitas,f,2016-08-14 22:03:02.000,2016-08-14 22:03:02.000
90764913,Meline,f,2016-10-26 11:46:41.000,2016-10-26 11:46:41.000
90799881,Jakob,t,2018-07-28 14:52:50.000,2018-07-28 14:52:50.000
90818742,Boris,f,2017-05-12 14:09:35.000,2017-05-12 14:09:35.000
90912324,Luisa,f,2017-04-23 01:23:19.000,2017-04-23 01:23:19.000
90925526,Volker,f,2021-11-11 08:42:13.000,2021-11-11 08:42:13.000
90931124,Hinna,f,2017-12-05 05:46:50.000,2017-12-05 05:46:50.000
90945826,Susanne,t,2018-11-26 22:21:46.000,2018-11-26 22:21:46.000
90955486,Josef,f,2016-09-01 12:09:37.000,2016-09-01 12:09:37.000
91069664,Fabian,f,2021-10-28 13:21:29.000,2021-10-28 13:21:29.000
91074978,Charlotte,t,2017-04-25 01:00:11.000,2017-04-25 01:00:11.000
91095638,Artur,f,2016-08-30 20:33:08.000,2016-08-30 20:33:08.000
91162786,Dani,f,2018-06-21 02:48:32.000,2018-06-21 02:48:32.000
91238115,Sandra,f,2021-11-02 07:37:31.000,2021-11-02 07:37:31.000
91282875,Moritz,f,2017-12-25 04:29:00.000,2017-12-25 04:29:00.000
91368724,Peter,f,2021-06-12 14:31:45.000,2021-06-12 14:31:45.000
91457234,Ella,f,2021-11-15 15:09:30.000,2021-11-15 15:09:30.000
91461530,Carsten,f,2021-11-10 08:32:40.000,2021-11-10 08:32:40.000
91484816,Daniel,f,2018-02-04 01:10:57.000,2018-02-04 01:10:57.000
91535749,Birgit Christiane,t,2019-09-04 09:01:52.000,2019-09-04 09:01:52.000
91538706,Gaurav,f,2018-12-09 08:17:45.000,2018-12-09 08:17:45.000
91606330,Sabine,f,2021-11-09 00:29:37.000,2021-11-09 00:29:37.000
91624895,Karina,f,2019-07-17 02:36:35.000,2019-07-17 02:36:35.000
91638709,Maciek,f,2016-12-21 09:21:51.000,2016-12-21 09:21:51.000
91647626,Amir,f,2020-08-15 00:57:49.000,2020-08-15 00:57:49.000
91694633,Coco,t,2018-03-23 12:08:08.000,2018-03-23 12:08:08.000
91698475,Johanna,f,2018-06-24 07:56:57.000,2018-06-24 07:56:57.000
91794348,David,f,2016-11-20 23:35:55.000,2016-11-20 23:35:55.000
91816895,Emilia,f,2020-09-09 19:43:49.000,2020-09-09 19:43:49.000
91830805,Tina,t,2019-11-16 13:13:07.000,2019-11-16 13:13:07.000
91856831,Ramon,f,2017-02-18 00:34:38.000,2017-02-18 00:34:38.000
91874684,Elli,f,2017-04-29 15:13:28.000,2017-04-29 15:13:28.000
91878633,Prima,f,2021-10-26 14:49:30.000,2021-10-26 14:49:30.000
91896761,Janette,f,2017-09-12 23:44:33.000,2017-09-12 23:44:33.000
91948236,João Paulo,f,2019-11-06 19:17:18.000,2019-11-06 19:17:18.000
91968676,Conny,f,2016-12-23 08:37:28.000,2016-12-23 08:37:28.000
92011529,Johannes,f,2016-12-24 14:22:54.000,2016-12-24 14:22:54.000
92027919,Kerstin,f,2021-11-02 02:58:34.000,2021-11-02 02:58:34.000
92079406,Anett,f,2017-12-31 23:15:10.000,2017-12-31 23:15:10.000
92154355,Marco,f,2017-08-28 04:18:07.000,2017-08-28 04:18:07.000
92160441,Julian,f,2020-01-19 22:23:05.000,2020-01-19 22:23:05.000
92187450,Michel,f,2019-09-20 10:38:39.000,2019-09-20 10:38:39.000
92230924,Maxine,f,2021-08-18 04:36:18.000,2021-08-18 04:36:18.000
92236508,Lulu,f,2017-05-19 05:21:23.000,2017-05-19 05:21:23.000
92242653,Anna,f,2018-07-26 08:24:07.000,2018-07-26 08:24:07.000
92272886,Camilo,f,2017-09-23 19:37:37.000,2017-09-23 19:37:37.000
92299601,Ibo,f,2019-10-27 17:33:47.000,2019-10-27 17:33:47.000
92371791,Steffen,f,2018-05-04 15:47:00.000,2018-05-04 15:47:00.000
92383917,Maxime,f,2018-07-12 15:03:56.000,2018-07-12 15:03:56.000
92386260,Saskia,f,2017-10-28 20:27:53.000,2017-10-28 20:27:53.000
92393471,Mauro,t,2017-01-22 00:09:59.000,2017-01-22 00:09:59.000
92398341,Marvin,f,2021-11-09 00:20:26.000,2021-11-09 00:20:26.000
92405156,Katrin,f,2018-05-19 08:00:04.000,2018-05-19 08:00:04.000
92417014,Christian Dose,f,2018-02-25 14:22:52.000,2018-02-25 14:22:52.000
92418918,Marussja Rafaela,t,2018-09-16 16:45:31.000,2018-09-16 16:45:31.000
92436042,Christian,f,2016-08-29 13:28:00.000,2016-08-29 13:28:00.000
92439284,Mike,f,2016-08-22 14:08:40.000,2016-08-22 14:08:40.000
92609229,Siska,f,2019-12-27 13:35:24.000,2019-12-27 13:35:24.000
92625553,Freya,f,2017-02-26 21:59:30.000,2017-02-26 21:59:30.000
92747660,Niklas,f,2016-12-23 17:35:42.000,2016-12-23 17:35:42.000
92831122,Finbar,f,2021-10-30 05:02:33.000,2021-10-30 05:02:33.000
92841883,Marcel,f,2016-08-26 11:44:01.000,2016-08-26 11:44:01.000
92863073,Alina,f,2021-11-06 18:53:54.000,2021-11-06 18:53:54.000
92922889,Alice,f,2017-09-01 00:28:57.000,2017-09-01 00:28:57.000
92980942,Natalia,f,2018-09-28 08:31:50.000,2018-09-28 08:31:50.000
92987608,Ramona,f,2018-06-08 11:42:45.000,2018-06-08 11:42:45.000
92992718,Iñaki,f,2016-12-21 22:05:31.000,2016-12-21 22:05:31.000
93010967,Christian,f,2018-06-10 08:33:31.000,2018-06-10 08:33:31.000
93036249,Niko,t,2016-09-09 22:55:28.000,2016-09-09 22:55:28.000
93036721,Monica,f,2018-08-27 14:32:35.000,2018-08-27 14:32:35.000
93102678,Apartments Rosenthal Residence,f,2018-09-29 01:31:17.000,2018-09-29 01:31:17.000
93107309,Brisa,f,2016-09-09 18:40:15.000,2016-09-09 18:40:15.000
93113247,Stephan,t,2016-10-19 14:56:44.000,2016-10-19 14:56:44.000
93195176,Jana,f,2021-10-29 21:29:43.000,2021-10-29 21:29:43.000
93235036,Ina,f,2021-06-29 07:53:28.000,2021-06-29 07:53:28.000
93318439,Thore,f,2019-07-11 18:10:46.000,2019-07-11 18:10:46.000
93328001,Christian,f,2021-11-18 09:12:11.000,2021-11-18 09:12:11.000
93344008,Mo,f,2021-10-05 09:00:42.000,2021-10-05 09:00:42.000
93345169,Luccas,t,2017-10-16 14:39:25.000,2017-10-16 14:39:25.000
93414188,Jan,f,2016-09-19 01:58:51.000,2016-09-19 01:58:51.000
93440234,Anne,f,2017-05-21 23:03:52.000,2017-05-21 23:03:52.000
93467026,Roxana,f,2017-08-12 02:13:24.000,2017-08-12 02:13:24.000
93486707,Jann,f,2021-08-15 06:10:59.000,2021-08-15 06:10:59.000
93500732,Michele,f,2016-09-10 06:51:42.000,2016-09-10 06:51:42.000
93520150,Walter,f,2021-11-13 16:41:21.000,2021-11-13 16:41:21.000
93539266,Katharina,f,2017-05-30 19:36:37.000,2017-05-30 19:36:37.000
93624841,Marisa,f,2021-08-07 22:14:47.000,2021-08-07 22:14:47.000
93675880,Sebastian,f,2018-08-20 19:04:52.000,2018-08-20 19:04:52.000
93698703,Fabienne,f,2017-08-06 20:19:24.000,2017-08-06 20:19:24.000
93781226,Esther,f,2020-08-01 10:29:22.000,2020-08-01 10:29:22.000
93782002,Michel,f,2016-08-28 03:28:01.000,2016-08-28 03:28:01.000
93782692,Sara,f,2021-10-24 03:15:31.000,2021-10-24 03:15:31.000
93826873,Melanie,f,2017-10-28 01:32:23.000,2017-10-28 01:32:23.000
93861193,Aleksander,f,2019-06-10 10:24:12.000,2019-06-10 10:24:12.000
93865825,Meret,f,2016-09-12 09:25:13.000,2016-09-12 09:25:13.000
93868781,Kārlis,f,2019-03-06 23:24:54.000,2019-03-06 23:24:54.000
93877531,Lina,t,2020-01-22 21:25:13.000,2020-01-22 21:25:13.000
93977634,Felix,f,2019-08-05 18:52:07.000,2019-08-05 18:52:07.000
94012971,Luisa,f,2016-09-05 21:36:49.000,2016-09-05 21:36:49.000
94024641,Sara,f,2020-09-30 18:04:58.000,2020-09-30 18:04:58.000
94075076,Esther,f,2018-02-14 14:30:12.000,2018-02-14 14:30:12.000
94144366,Alexander,f,2021-08-09 23:08:49.000,2021-08-09 23:08:49.000
94152974,Yvonne&Adam,t,2018-12-21 22:30:50.000,2018-12-21 22:30:50.000
94155228,Dorothee,f,2017-12-09 23:08:59.000,2017-12-09 23:08:59.000
94186853,Holger,t,2017-07-20 04:13:49.000,2017-07-20 04:13:49.000
94187051,Kathrin,f,2019-01-14 21:34:31.000,2019-01-14 21:34:31.000
94193668,Michelle,f,2021-10-31 08:21:28.000,2021-10-31 08:21:28.000
94240151,Ulrike,f,2017-12-21 05:46:57.000,2017-12-21 05:46:57.000
94323384,Simon,f,2020-02-24 07:54:42.000,2020-02-24 07:54:42.000
94458347,Olga,f,2018-12-18 20:58:51.000,2018-12-18 20:58:51.000
94471483,Tavo,f,2020-10-13 12:29:48.000,2020-10-13 12:29:48.000
94574625,Rainy,f,2019-04-07 00:15:45.000,2019-04-07 00:15:45.000
94587806,Niklas,f,2018-11-23 05:41:52.000,2018-11-23 05:41:52.000
94610884,Emiliyan,f,2017-01-05 06:28:45.000,2017-01-05 06:28:45.000
94611409,Patrick,f,2019-09-02 15:06:44.000,2019-09-02 15:06:44.000
94621473,Jens,f,2017-03-17 08:09:54.000,2017-03-17 08:09:54.000
94683552,Julian,f,2016-09-15 00:01:12.000,2016-09-15 00:01:12.000
94696226,Haider,f,2019-08-12 20:08:49.000,2019-08-12 20:08:49.000
94794742,Frank,f,2016-12-28 00:55:54.000,2016-12-28 00:55:54.000
94796116,Michelle,f,2018-07-11 21:15:23.000,2018-07-11 21:15:23.000
94810344,Hanga,f,2021-11-03 19:32:47.000,2021-11-03 19:32:47.000
94821278,Rebecca,f,2019-11-01 00:55:22.000,2019-11-01 00:55:22.000
94838212,Nicola,f,2017-10-28 20:23:04.000,2017-10-28 20:23:04.000
94843435,Maria,f,2018-02-22 16:56:16.000,2018-02-22 16:56:16.000
94844464,Sven,f,2015-05-28 10:45:23.000,2015-05-28 10:45:23.000
94849507,Esref,f,2018-09-07 14:37:00.000,2018-09-07 14:37:00.000
94902235,Linda,f,2021-07-11 01:28:31.000,2021-07-11 01:28:31.000
94917773,Antonia,f,2016-10-06 03:15:19.000,2016-10-06 03:15:19.000
94941366,Vivien,f,2018-06-13 07:02:53.000,2018-06-13 07:02:53.000
94951191,Janina,f,2018-07-10 05:56:54.000,2018-07-10 05:56:54.000
94953953,Andreas,f,2017-05-09 04:10:32.000,2017-05-09 04:10:32.000
94972702,Astrid,f,2016-10-15 22:23:57.000,2016-10-15 22:23:57.000
95007240,Jimmy,f,2016-09-14 21:04:33.000,2016-09-14 21:04:33.000
95007418,Riccardo,f,2017-10-07 06:54:43.000,2017-10-07 06:54:43.000
95008808,Deeb,f,2020-02-12 01:04:27.000,2020-02-12 01:04:27.000
95091425,Camila,f,2016-09-07 18:28:14.000,2016-09-07 18:28:14.000
95117868,Ma,f,2018-05-26 13:35:45.000,2018-05-26 13:35:45.000
95129226,Consu,f,2018-10-17 13:26:01.000,2018-10-17 13:26:01.000
95130777,Armin,f,2018-09-25 15:30:32.000,2018-09-25 15:30:32.000
95132291,Lorena,f,2021-10-21 08:27:09.000,2021-10-21 08:27:09.000
95139251,Karo,f,2017-10-17 16:02:49.000,2017-10-17 16:02:49.000
95162612,Justus,t,2017-03-11 08:18:43.000,2017-03-11 08:18:43.000
95191716,Lena,f,2017-02-21 06:10:45.000,2017-02-21 06:10:45.000
95278835,Bilel,t,2021-07-01 00:56:09.000,2021-07-01 00:56:09.000
95311142,Kristine,f,2019-01-27 23:26:42.000,2019-01-27 23:26:42.000
95369593,Florian,f,2020-07-19 06:47:31.000,2020-07-19 06:47:31.000
95370669,Magdalena,f,2017-09-07 21:38:14.000,2017-09-07 21:38:14.000
95407160,Marine,f,2021-11-19 10:49:16.000,2021-11-19 10:49:16.000
95420999,Philipp,f,2021-10-24 12:44:18.000,2021-10-24 12:44:18.000
95441674,Uwe,f,2017-12-07 14:42:27.000,2017-12-07 14:42:27.000
95445790,Tabea Xenia,f,2017-01-31 19:25:39.000,2017-01-31 19:25:39.000
95460121,Matthias,f,2016-09-08 09:39:50.000,2016-09-08 09:39:50.000
95503269,Javi,f,2017-07-11 00:27:48.000,2017-07-11 00:27:48.000
95519249,Nora,f,2021-06-05 20:34:44.000,2021-06-05 20:34:44.000
95521720,Frank,t,2019-05-09 03:16:37.000,2019-05-09 03:16:37.000
95538843,Lisa,f,2018-02-16 04:42:04.000,2018-02-16 04:42:04.000
95557689,Freddy,f,2016-09-16 23:28:58.000,2016-09-16 23:28:58.000
95572046,Simex,f,2021-10-24 15:32:37.000,2021-10-24 15:32:37.000
95577529,Erkan,f,2021-08-27 14:12:34.000,2021-08-27 14:12:34.000
95582525,Sheila,f,2017-08-21 02:30:41.000,2017-08-21 02:30:41.000
95631946,Arne,t,2017-05-30 16:43:06.000,2017-05-30 16:43:06.000
95695255,Linda,f,2021-11-05 21:16:06.000,2021-11-05 21:16:06.000
95699030,Antonia,f,2016-09-12 16:30:20.000,2016-09-12 16:30:20.000
95699927,Diggi,f,2019-10-06 00:25:06.000,2019-10-06 00:25:06.000
95748446,Sorrelle,f,2019-10-10 08:14:08.000,2019-10-10 08:14:08.000
95791115,Dilyana,f,2020-02-27 16:10:38.000,2020-02-27 16:10:38.000
95801615,Nicole,f,2018-02-24 02:30:40.000,2018-02-24 02:30:40.000
95822954,Theresa,t,2017-08-15 05:58:39.000,2017-08-15 05:58:39.000
95878834,Naim,f,2021-10-09 10:25:18.000,2021-10-09 10:25:18.000
95909182,Jens,f,2019-10-29 13:21:49.000,2019-10-29 13:21:49.000
95914513,Vanessa,f,2021-06-24 15:15:24.000,2021-06-24 15:15:24.000
95982070,Sascha,f,2018-02-11 17:40:17.000,2018-02-11 17:40:17.000
95988097,Jonathan,t,2019-07-03 08:53:40.000,2019-07-03 08:53:40.000
96014025,Max,f,2017-03-06 03:33:51.000,2017-03-06 03:33:51.000
96053075,Jonas,f,2017-09-23 05:04:55.000,2017-09-23 05:04:55.000
96131733,Matthias,f,2018-12-22 04:10:19.000,2018-12-22 04:10:19.000
96146863,Roland,f,2016-12-02 00:26:48.000,2016-12-02 00:26:48.000
96167693,Shayna,f,2019-07-31 03:51:38.000,2019-07-31 03:51:38.000
96198946,Daniel,f,2021-11-13 02:58:56.000,2021-11-13 02:58:56.000
96271287,Clea,t,2016-09-24 13:43:22.000,2016-09-24 13:43:22.000
96302855,Tanja,t,2020-02-19 09:43:48.000,2020-02-19 09:43:48.000
96413547,Dirk,f,2017-04-04 00:50:55.000,2017-04-04 00:50:55.000
96416678,Alessa,f,2016-09-16 21:20:10.000,2016-09-16 21:20:10.000
96431846,Clemens,f,2016-09-17 21:10:32.000,2016-09-17 21:10:32.000
96511249,Ekaterine,t,2021-07-31 04:39:49.000,2021-07-31 04:39:49.000
96552747,Hanna,f,2016-10-01 01:45:23.000,2016-10-01 01:45:23.000
96629115,Khizir,f,2017-12-15 06:48:41.000,2017-12-15 06:48:41.000
96635414,Harry,t,2019-01-25 11:17:42.000,2019-01-25 11:17:42.000
96666255,Judith,f,2016-10-24 18:15:51.000,2016-10-24 18:15:51.000
96702548,Zadie,f,2016-09-24 07:52:09.000,2016-09-24 07:52:09.000
96707980,Florian,t,2017-07-14 17:55:37.000,2017-07-14 17:55:37.000
96764870,Marius,f,2017-03-08 07:24:51.000,2017-03-08 07:24:51.000
96798560,Esben,f,2019-04-28 22:23:18.000,2019-04-28 22:23:18.000
96812357,Audrey,f,2017-12-24 22:57:20.000,2017-12-24 22:57:20.000
96841510,Anna,t,2018-08-11 09:32:19.000,2018-08-11 09:32:19.000
96908390,Nicole,f,2019-09-09 07:51:34.000,2019-09-09 07:51:34.000
96927492,Isabelle,f,2018-10-04 14:01:57.000,2018-10-04 14:01:57.000
96935057,Mathias,f,2019-03-19 06:55:53.000,2019-03-19 06:55:53.000
96942508,Sophie,f,2016-10-04 21:32:41.000,2016-10-04 21:32:41.000
96951009,Fabian,f,2017-10-11 01:02:32.000,2017-10-11 01:02:32.000
96999289,Maik-D.,f,2021-05-30 05:43:57.000,2021-05-30 05:43:57.000
97055621,Cornelia,f,2017-05-10 08:12:59.000,2017-05-10 08:12:59.000
97118391,Vladimir,f,2018-12-27 00:01:32.000,2018-12-27 00:01:32.000
97226859,Karlota,f,2018-06-03 09:55:11.000,2018-06-03 09:55:11.000
97228504,Derya,f,2016-11-24 01:56:50.000,2016-11-24 01:56:50.000
97242100,Jan,f,2018-05-29 06:13:13.000,2018-05-29 06:13:13.000
97279971,Violetta,f,2019-05-29 02:40:39.000,2019-05-29 02:40:39.000
97321466,Team Der Villa Kastania,f,2021-08-15 04:41:23.000,2021-08-15 04:41:23.000
97356669,Erik,t,2019-07-15 17:24:10.000,2019-07-15 17:24:10.000
97362564,Timo,f,2018-10-18 02:03:19.000,2018-10-18 02:03:19.000
97370913,Roman,f,2019-08-07 10:44:48.000,2019-08-07 10:44:48.000
97409051,Taylor,f,2021-11-01 05:06:04.000,2021-11-01 05:06:04.000
97430906,David Patricio,f,2021-11-07 14:08:45.000,2021-11-07 14:08:45.000
97457092,Christiane,t,2019-07-11 11:09:45.000,2019-07-11 11:09:45.000
97474545,Isabell,f,2021-03-27 15:08:24.000,2021-03-27 15:08:24.000
97545636,Darius & Nerea,t,2017-06-12 01:34:51.000,2017-06-12 01:34:51.000
97584938,Anabell,f,2018-04-17 17:04:43.000,2018-04-17 17:04:43.000
97590539,Maria,f,2016-10-15 20:27:46.000,2016-10-15 20:27:46.000
97614090,Lisa,f,2021-10-05 05:57:56.000,2021-10-05 05:57:56.000
97630802,Michael,f,2016-12-10 11:35:12.000,2016-12-10 11:35:12.000
97635441,Souf,f,2017-11-02 21:55:38.000,2017-11-02 21:55:38.000
97721701,Wiebke,f,2016-10-19 15:04:28.000,2016-10-19 15:04:28.000
97743439,Theresa,f,2017-05-30 09:48:20.000,2017-05-30 09:48:20.000
97743702,Stella,f,2017-07-22 23:27:56.000,2017-07-22 23:27:56.000
97950594,Isabel,f,2017-08-19 18:45:02.000,2017-08-19 18:45:02.000
97991047,Marie,f,2021-09-10 15:47:18.000,2021-09-10 15:47:18.000
98017700,Karthik,f,2019-09-19 12:30:47.000,2019-09-19 12:30:47.000
98132816,Dhouha,t,2019-12-16 05:27:34.000,2019-12-16 05:27:34.000
98159395,Axel Hotel Berlin - Adults Only,f,2018-08-23 06:45:56.000,2018-08-23 06:45:56.000
98175487,Tom,f,2016-10-10 17:13:17.000,2016-10-10 17:13:17.000
98198359,Thomas,f,2018-06-28 01:00:10.000,2018-06-28 01:00:10.000
98354623,Hanna,f,2016-10-12 17:06:36.000,2016-10-12 17:06:36.000
98355091,Uta,f,2019-11-21 04:27:06.000,2019-11-21 04:27:06.000
98367033,Robert,f,2018-02-03 13:29:36.000,2018-02-03 13:29:36.000
98629301,Isabel,f,2019-06-18 10:38:55.000,2019-06-18 10:38:55.000
98655723,Paul,f,2021-07-29 15:32:36.000,2021-07-29 15:32:36.000
98716346,Daniel,t,2019-04-24 03:42:28.000,2019-04-24 03:42:28.000
98743224,Oscar,f,2018-03-13 01:04:26.000,2018-03-13 01:04:26.000
98777807,Ramona,t,2016-11-05 04:48:27.000,2016-11-05 04:48:27.000
98778193,Martin,f,2016-10-10 11:29:46.000,2016-10-10 11:29:46.000
98791830,Tatjana,t,2017-07-04 03:13:08.000,2017-07-04 03:13:08.000
98794441,Tina,f,2021-10-29 12:43:52.000,2021-10-29 12:43:52.000
98794666,Hank,f,2021-10-30 05:26:50.000,2021-10-30 05:26:50.000
98914612,Damian,f,2018-05-12 02:03:09.000,2018-05-12 02:03:09.000
98962083,Moritz,f,2021-10-25 04:29:45.000,2021-10-25 04:29:45.000
99044557,Cavan,t,2019-03-20 22:33:23.000,2019-03-20 22:33:23.000
99097857,Ghayth,t,2019-10-07 12:45:51.000,2019-10-07 12:45:51.000
99165716,Christopher,f,2019-03-05 05:32:08.000,2019-03-05 05:32:08.000
99173433,Seb,f,2016-11-06 15:45:48.000,2016-11-06 15:45:48.000
99197645,Vanessa,f,2021-10-24 00:14:59.000,2021-10-24 00:14:59.000
99320940,Simon,f,2020-08-20 08:56:41.000,2020-08-20 08:56:41.000
99329154,Rainer,f,2018-12-14 14:18:18.000,2018-12-14 14:18:18.000
99343137,Manzi,f,2016-12-18 06:21:11.000,2016-12-18 06:21:11.000
99404159,Denis,f,2020-01-14 19:57:39.000,2020-01-14 19:57:39.000
99405318,Mario,f,2017-07-18 22:32:21.000,2017-07-18 22:32:21.000
99462689,Sean,f,2017-12-06 18:07:50.000,2017-12-06 18:07:50.000
99476684,Hattie,f,2021-07-18 13:04:49.000,2021-07-18 13:04:49.000
99481124,Christine,f,2016-11-14 02:07:13.000,2016-11-14 02:07:13.000
99493305,Noah,f,2017-05-06 07:15:30.000,2017-05-06 07:15:30.000
99506045,Marie,t,2018-08-06 20:32:35.000,2018-08-06 20:32:35.000
99514456,Tatjana,f,2017-01-23 09:04:48.000,2017-01-23 09:04:48.000
99521213,Christian,f,2021-11-06 09:32:54.000,2021-11-06 09:32:54.000
99582323,Andre,f,2017-12-18 15:45:31.000,2017-12-18 15:45:31.000
99594118,Rebecca,f,2019-11-20 13:54:38.000,2019-11-20 13:54:38.000
99597369,Waqas,f,2018-12-13 17:26:59.000,2018-12-13 17:26:59.000
99725666,Dominik,t,2019-12-31 21:30:36.000,2019-12-31 21:30:36.000
99736259,Mohamed,f,2021-11-03 23:41:37.000,2021-11-03 23:41:37.000
99737092,Esa,f,2021-10-29 03:37:53.000,2021-10-29 03:37:53.000
99822205,Abhishek,f,2021-11-11 02:34:38.000,2021-11-11 02:34:38.000
99873612,Lea,f,2019-07-08 17:20:35.000,2019-07-08 17:20:35.000
99977742,Jasmin,f,2018-12-24 06:47:49.000,2018-12-24 06:47:49.000
99988493,Marion,f,2021-10-26 02:37:47.000,2021-10-26 02:37:47.000
99993403,Luminita,f,2017-05-17 17:58:58.000,2017-05-17 17:58:58.000
99993828,Liat,f,2021-11-02 06:00:42.000,2021-11-02 06:00:42.000
100026807,Mariem,f,2021-10-29 05:34:49.000,2021-10-29 05:34:49.000
100078590,Mario,f,2017-08-14 21:45:55.000,2017-08-14 21:45:55.000
100140151,Michl,t,2018-02-18 12:04:11.000,2018-02-18 12:04:11.000
100148624,Jakob,f,2016-12-09 17:33:53.000,2016-12-09 17:33:53.000
100152836,Christel,f,2021-11-03 19:45:18.000,2021-11-03 19:45:18.000
100181762,Karina,f,2016-10-29 08:41:13.000,2016-10-29 08:41:13.000
100229770,Jochen,f,2021-07-24 03:13:15.000,2021-07-24 03:13:15.000
100255795,Bosha,f,2016-10-28 02:51:31.000,2016-10-28 02:51:31.000
100257439,Martin,f,2017-07-18 21:52:43.000,2017-07-18 21:52:43.000
100326806,George,t,2018-08-07 06:21:21.000,2018-08-07 06:21:21.000
100356404,Natalie,f,2020-02-23 13:55:21.000,2020-02-23 13:55:21.000
100464004,Elena,t,2017-04-19 22:45:50.000,2017-04-19 22:45:50.000
100464288,Valerie,t,2019-04-08 07:00:23.000,2019-04-08 07:00:23.000
100464334,Gina,f,2017-01-24 04:22:39.000,2017-01-24 04:22:39.000
100611938,Meaghan,f,2021-11-07 22:57:27.000,2021-11-07 22:57:27.000
100670500,Lena,f,2016-10-20 01:09:38.000,2016-10-20 01:09:38.000
100684959,Aldamire,f,2017-07-24 10:09:44.000,2017-07-24 10:09:44.000
100690085,Isabel,f,2021-10-31 01:58:39.000,2021-10-31 01:58:39.000
100741497,Tanja&Tito,f,2017-08-16 07:27:05.000,2017-08-16 07:27:05.000
100741667,Antonin,f,2018-12-17 12:45:56.000,2018-12-17 12:45:56.000
100846740,Dan,f,2021-06-16 10:27:33.000,2021-06-16 10:27:33.000
100889077,Sarah,f,2021-09-09 12:29:51.000,2021-09-09 12:29:51.000
100893413,Nastasja,f,2018-06-06 01:56:43.000,2018-06-06 01:56:43.000
100918828,Madlen,f,2017-01-02 03:33:18.000,2017-01-02 03:33:18.000
101007308,Philipp,f,2016-11-01 21:22:39.000,2016-11-01 21:22:39.000
101017638,Hardi,t,2016-10-25 07:26:44.000,2016-10-25 07:26:44.000
101026863,Abdullah,f,2018-05-07 20:12:19.000,2018-05-07 20:12:19.000
101059901,Sophia,f,2019-09-14 11:26:07.000,2019-09-14 11:26:07.000
101092792,Felix,f,2020-02-13 20:40:25.000,2020-02-13 20:40:25.000
101094727,Charlotte,f,2017-06-12 12:52:22.000,2017-06-12 12:52:22.000
101104755,Tanja,t,2017-01-17 23:10:17.000,2017-01-17 23:10:17.000
101105607,Manuel,f,2017-12-21 04:13:16.000,2017-12-21 04:13:16.000
101194435,Inge,t,2018-12-18 07:15:40.000,2018-12-18 07:15:40.000
101316322,Andreas,f,2021-11-17 15:58:55.000,2021-11-17 15:58:55.000
101367176,Yousoof,f,2019-03-28 00:56:32.000,2019-03-28 00:56:32.000
101459300,Yannick,t,2020-09-06 20:51:05.000,2020-09-06 20:51:05.000
101467288,Ben,f,2016-11-30 00:29:05.000,2016-11-30 00:29:05.000
101498722,Sorsha,f,2019-07-17 14:21:53.000,2019-07-17 14:21:53.000
101500282,Frederic,f,2016-11-05 06:16:17.000,2016-11-05 06:16:17.000
101502659,Kathi,f,2016-11-23 03:03:03.000,2016-11-23 03:03:03.000
101503645,Anna,f,2021-11-06 09:22:41.000,2021-11-06 09:22:41.000
101518093,Hagen,f,2020-01-30 08:14:32.000,2020-01-30 08:14:32.000
101520347,Melanie,f,2021-11-18 06:56:50.000,2021-11-18 06:56:50.000
101535706,Dan,t,2019-03-06 00:10:52.000,2019-03-06 00:10:52.000
101546255,Marcel,f,2021-10-26 00:07:17.000,2021-10-26 00:07:17.000
101590322,Lars,f,2019-11-04 20:51:52.000,2019-11-04 20:51:52.000
101639696,Uta,t,2016-10-25 03:35:17.000,2016-10-25 03:35:17.000
101658639,Kev,f,2017-11-20 15:54:34.000,2017-11-20 15:54:34.000
101673904,Monica,f,2017-06-28 02:51:49.000,2017-06-28 02:51:49.000
101730283,Rafal,t,2018-12-04 16:20:27.000,2018-12-04 16:20:27.000
101827422,Elias,f,2016-10-20 14:26:34.000,2016-10-20 14:26:34.000
101843990,Eiko,f,2021-11-09 07:20:32.000,2021-11-09 07:20:32.000
101858481,Thomas,f,2016-12-02 21:52:07.000,2016-12-02 21:52:07.000
101867277,Sofia,t,2016-11-04 06:23:43.000,2016-11-04 06:23:43.000
101972881,Jana,f,2017-03-12 17:03:14.000,2017-03-12 17:03:14.000
101994170,Philipp,f,2017-05-18 05:07:54.000,2017-05-18 05:07:54.000
101999807,Jonas,f,2016-10-28 12:58:23.000,2016-10-28 12:58:23.000
102003125,Leon,f,2019-06-21 22:58:06.000,2019-06-21 22:58:06.000
102047176,Alex,f,2021-11-17 04:04:26.000,2021-11-17 04:04:26.000
102081272,Pascal,f,2016-11-16 02:15:42.000,2016-11-16 02:15:42.000
102173017,Gustavo,t,2020-07-12 09:06:35.000,2020-07-12 09:06:35.000
102182270,Salomé,f,2017-05-31 17:59:50.000,2017-05-31 17:59:50.000
102208669,Sandra,f,2021-11-10 04:18:52.000,2021-11-10 04:18:52.000
102343271,Hao,f,2017-06-05 06:59:32.000,2017-06-05 06:59:32.000
102345414,Mile,f,2021-09-14 11:07:15.000,2021-09-14 11:07:15.000
102402109,Angelika,f,2021-08-15 19:02:26.000,2021-08-15 19:02:26.000
102470175,Jan,f,2021-08-19 16:33:47.000,2021-08-19 16:33:47.000
102514522,Hank,f,2017-03-18 11:20:27.000,2017-03-18 11:20:27.000
102571616,Nina,f,2019-11-18 01:50:24.000,2019-11-18 01:50:24.000
102591202,Amine,f,2021-10-27 11:29:30.000,2021-10-27 11:29:30.000
102643196,Carolin,f,2017-09-22 04:48:50.000,2017-09-22 04:48:50.000
102680589,Vlado,f,2017-06-30 05:37:39.000,2017-06-30 05:37:39.000
102681912,Katerina,f,2021-08-19 07:48:32.000,2021-08-19 07:48:32.000
102694395,Mohammed,f,2017-04-20 01:32:18.000,2017-04-20 01:32:18.000
102705509,Jennifer,t,2020-07-10 22:09:43.000,2020-07-10 22:09:43.000
102711083,Mauro,f,2018-12-16 03:06:00.000,2018-12-16 03:06:00.000
102818043,Marie,f,2018-05-20 14:36:22.000,2018-05-20 14:36:22.000
102844132,Jenny,f,2021-10-29 06:03:07.000,2021-10-29 06:03:07.000
102845594,Jonas,f,2018-08-04 10:25:43.000,2018-08-04 10:25:43.000
102853366,Mascha,f,2021-10-25 06:45:22.000,2021-10-25 06:45:22.000
102863919,Roy,f,2018-06-02 13:56:12.000,2018-06-02 13:56:12.000
102896677,Luise,f,2021-07-10 00:14:46.000,2021-07-10 00:14:46.000
102911074,Vivian,f,2017-08-15 05:15:47.000,2017-08-15 05:15:47.000
102979040,Team Suite030,f,2017-08-28 19:55:33.000,2017-08-28 19:55:33.000
102979866,Chris,f,2016-11-17 06:05:52.000,2016-11-17 06:05:52.000
103019090,Lea,f,2016-11-22 01:45:44.000,2016-11-22 01:45:44.000
103073865,Carola,f,2016-11-16 02:35:10.000,2016-11-16 02:35:10.000
103359088,Mira,f,2017-12-23 17:48:02.000,2017-12-23 17:48:02.000
103464670,Alex,f,2016-11-29 23:57:41.000,2016-11-29 23:57:41.000
103469630,Frank,t,2016-12-13 11:25:20.000,2016-12-13 11:25:20.000
103553046,Alejandra,t,2016-11-11 16:48:08.000,2016-11-11 16:48:08.000
103566451,Reinhold,f,2020-05-28 00:41:53.000,2020-05-28 00:41:53.000
103570150,Mak,f,2017-06-29 19:25:38.000,2017-06-29 19:25:38.000
103572634,Sunny,t,2017-01-25 12:12:11.000,2017-01-25 12:12:11.000
103575533,Coco,f,2019-08-23 16:16:01.000,2019-08-23 16:16:01.000
103575908,Alejandro,f,2019-11-01 20:48:55.000,2019-11-01 20:48:55.000
103589186,Alessandro,f,2017-02-20 05:53:52.000,2017-02-20 05:53:52.000
103639447,Ferenc,f,2016-11-13 20:49:55.000,2016-11-13 20:49:55.000
103647871,Friedbert,t,2019-03-14 03:57:50.000,2019-03-14 03:57:50.000
103663237,Serge,f,2017-12-26 19:53:38.000,2017-12-26 19:53:38.000
103685649,Nuri,f,2018-05-15 01:27:20.000,2018-05-15 01:27:20.000
103692585,Barbara,t,2016-11-18 14:33:11.000,2016-11-18 14:33:11.000
103840775,Mandy,t,2017-02-22 07:34:41.000,2017-02-22 07:34:41.000
103944871,Frank,f,2017-10-17 00:08:26.000,2017-10-17 00:08:26.000
103952529,Sascha,f,2020-02-15 18:18:39.000,2020-02-15 18:18:39.000
104020251,Valentin,f,2017-05-21 07:25:40.000,2017-05-21 07:25:40.000
104030453,Anna,f,2021-11-05 19:55:24.000,2021-11-05 19:55:24.000
104083832,Kira,f,2021-07-26 11:52:00.000,2021-07-26 11:52:00.000
104091448,Young,f,2017-05-17 16:03:57.000,2017-05-17 16:03:57.000
104216849,Christina,f,2017-12-03 23:51:37.000,2017-12-03 23:51:37.000
104274619,Alice Sarit,f,2016-11-30 17:22:30.000,2016-11-30 17:22:30.000
104328119,Christian,f,2021-11-10 04:01:43.000,2021-11-10 04:01:43.000
104376882,Rebeca,f,2016-12-03 12:41:44.000,2016-12-03 12:41:44.000
104387387,Michael,f,2021-06-22 08:24:55.000,2021-06-22 08:24:55.000
104445697,Anna,f,2018-06-30 21:54:42.000,2018-06-30 21:54:42.000
104479468,Fame,f,2016-11-23 00:06:29.000,2016-11-23 00:06:29.000
104487547,Maria,f,2019-04-25 23:50:29.000,2019-04-25 23:50:29.000
104490446,Maria,t,2017-05-20 04:06:58.000,2017-05-20 04:06:58.000
104495147,Peter,f,2016-12-25 00:44:02.000,2016-12-25 00:44:02.000
104495802,Felix,f,2017-08-04 16:37:13.000,2017-08-04 16:37:13.000
104527422,Dharma,f,2017-07-12 22:21:27.000,2017-07-12 22:21:27.000
104529257,Aleks,f,2020-02-06 15:35:40.000,2020-02-06 15:35:40.000
104553677,Michael,f,2018-01-13 06:14:34.000,2018-01-13 06:14:34.000
104562464,Christian,f,2021-10-31 20:08:02.000,2021-10-31 20:08:02.000
104625312,Sasà,f,2019-03-02 22:16:25.000,2019-03-02 22:16:25.000
104649491,Albrecht,f,2019-07-02 10:02:52.000,2019-07-02 10:02:52.000
104652215,Felix,f,2021-01-18 13:33:50.000,2021-01-18 13:33:50.000
104656266,Catherine,f,2020-07-20 17:37:37.000,2020-07-20 17:37:37.000
104751053,Sarah,f,2021-10-24 18:39:05.000,2021-10-24 18:39:05.000
104822448,Janina,f,2021-11-07 10:41:29.000,2021-11-07 10:41:29.000
104868727,Kalia,f,2019-05-09 14:29:27.000,2019-05-09 14:29:27.000
104900952,Doris,f,2016-12-19 21:55:43.000,2016-12-19 21:55:43.000
104903085,Clement,f,2017-09-16 14:18:33.000,2017-09-16 14:18:33.000
104943470,Victor,f,2018-12-27 21:30:21.000,2018-12-27 21:30:21.000
105004485,Bruno,f,2018-10-14 11:30:43.000,2018-10-14 11:30:43.000
105030038,Oyvind,f,2016-12-05 13:59:24.000,2016-12-05 13:59:24.000
105040799,Adrian,f,2021-10-23 19:07:30.000,2021-10-23 19:07:30.000
105120418,Miriam,f,2018-09-12 15:10:01.000,2018-09-12 15:10:01.000
105120824,Pepper,f,2019-01-06 06:41:26.000,2019-01-06 06:41:26.000
105148945,Isabel,f,2021-11-18 02:10:13.000,2021-11-18 02:10:13.000
105197019,Ted,f,2021-10-24 00:46:19.000,2021-10-24 00:46:19.000
105202525,Victor,f,2016-12-26 14:10:21.000,2016-12-26 14:10:21.000
105216091,Simon,f,2016-12-02 12:09:54.000,2016-12-02 12:09:54.000
105255156,Huma,t,2019-03-22 20:29:03.000,2019-03-22 20:29:03.000
105303820,Evelyn,f,2017-08-14 21:59:06.000,2017-08-14 21:59:06.000
105318604,Ali,f,2019-10-03 11:49:30.000,2019-10-03 11:49:30.000
105320391,Olena,f,2021-11-01 04:47:08.000,2021-11-01 04:47:08.000
105337889,Amr,f,2016-11-24 20:50:27.000,2016-11-24 20:50:27.000
105344101,Leonie,f,2021-04-16 00:01:01.000,2021-04-16 00:01:01.000
105408062,Hedda-Maria,t,2017-01-22 04:22:24.000,2017-01-22 04:22:24.000
105426726,Charlotte,f,2016-12-09 11:20:55.000,2016-12-09 11:20:55.000
105473077,Simone,f,2018-07-24 03:58:20.000,2018-07-24 03:58:20.000
105481069,Georg,t,2020-11-03 09:03:39.000,2020-11-03 09:03:39.000
105495015,Attila,f,2017-07-02 04:46:41.000,2017-07-02 04:46:41.000
105554100,Jameel,f,2019-04-03 22:51:37.000,2019-04-03 22:51:37.000
105573256,Rochus,t,2017-03-03 00:27:49.000,2017-03-03 00:27:49.000
105584089,Juan,f,2017-04-30 11:25:40.000,2017-04-30 11:25:40.000
105587747,Annette,f,2020-01-28 12:49:51.000,2020-01-28 12:49:51.000
105610777,Eve,f,2021-10-24 21:08:26.000,2021-10-24 21:08:26.000
105670074,Philipp Und Mara,f,2016-11-22 17:55:04.000,2016-11-22 17:55:04.000
105678463,Galo,f,2021-11-09 07:48:14.000,2021-11-09 07:48:14.000
105709794,Paula,f,2020-02-17 02:46:27.000,2020-02-17 02:46:27.000
105786622,Marius,f,2016-12-19 10:32:07.000,2016-12-19 10:32:07.000
105799483,Scott,f,2018-02-28 13:34:56.000,2018-02-28 13:34:56.000
105844078,Stefan,f,2017-11-20 19:30:19.000,2017-11-20 19:30:19.000
105929328,Tsippora,f,2018-05-18 11:39:14.000,2018-05-18 11:39:14.000
105943321,Bella,f,2016-12-25 16:44:44.000,2016-12-25 16:44:44.000
105945584,Alexandra,f,2021-11-09 10:49:24.000,2021-11-09 10:49:24.000
105968480,Daniel,f,2017-07-14 00:26:27.000,2017-07-14 00:26:27.000
105997846,Dimitris,f,2016-12-09 15:38:22.000,2016-12-09 15:38:22.000
105998272,Florian,t,2016-12-11 17:39:32.000,2016-12-11 17:39:32.000
106026967,Esther,t,2017-04-01 16:45:40.000,2017-04-01 16:45:40.000
106028828,Maxie,f,2017-12-23 08:37:25.000,2017-12-23 08:37:25.000
106093827,Jan-Heie,f,2019-06-09 02:19:26.000,2019-06-09 02:19:26.000
106095044,U.,f,2016-11-21 18:40:26.000,2016-11-21 18:40:26.000
106130027,Dietrich,f,2016-11-26 11:26:14.000,2016-11-26 11:26:14.000
106145463,Ayaha,f,2016-11-27 12:30:24.000,2016-11-27 12:30:24.000
106234218,Maureen,f,2016-12-25 16:14:18.000,2016-12-25 16:14:18.000
106260702,Dirk,t,2016-12-31 22:44:04.000,2016-12-31 22:44:04.000
106267930,Jannis,t,2019-07-30 07:34:00.000,2019-07-30 07:34:00.000
106322986,Karam,f,2018-02-11 01:51:57.000,2018-02-11 01:51:57.000
106344005,Robert,f,2021-11-05 14:40:18.000,2021-11-05 14:40:18.000
106441953,Antonio,f,2020-03-02 14:13:58.000,2020-03-02 14:13:58.000
106468934,Stefanie,f,2021-11-05 18:00:36.000,2021-11-05 18:00:36.000
106471468,Zuzanna,f,2020-06-24 19:08:29.000,2020-06-24 19:08:29.000
106537598,Charlotte,f,2020-07-13 05:06:22.000,2020-07-13 05:06:22.000
106568150,Azka,f,2021-08-10 05:17:12.000,2021-08-10 05:17:12.000
106578060,Caroline,t,2017-09-20 14:04:39.000,2017-09-20 14:04:39.000
106724633,Malik,f,2017-10-28 12:33:51.000,2017-10-28 12:33:51.000
106733969,Doro,f,2017-04-28 15:18:40.000,2017-04-28 15:18:40.000
106739867,Jan,f,2018-03-19 22:34:03.000,2018-03-19 22:34:03.000
106832609,Julia,f,2017-02-03 23:38:00.000,2017-02-03 23:38:00.000
106992370,Ingo,f,2019-10-19 01:11:54.000,2019-10-19 01:11:54.000
107008299,Tim,f,2021-11-05 22:20:35.000,2021-11-05 22:20:35.000
107010832,Hanna,f,2017-09-03 14:33:24.000,2017-09-03 14:33:24.000
107062400,Tina,f,2017-04-28 11:37:03.000,2017-04-28 11:37:03.000
107063888,Emily,f,2019-10-31 07:21:27.000,2019-10-31 07:21:27.000
107123791,Kjersti,f,2021-11-09 08:37:37.000,2021-11-09 08:37:37.000
107128538,Gina,f,2017-01-10 07:13:43.000,2017-01-10 07:13:43.000
107159538,Sanja,f,2018-05-02 14:37:14.000,2018-05-02 14:37:14.000
107191987,Herbert,f,2021-06-30 09:25:38.000,2021-06-30 09:25:38.000
107225679,Lana,f,2018-08-05 05:05:44.000,2018-08-05 05:05:44.000
107265357,Dan,f,2016-12-08 08:05:18.000,2016-12-08 08:05:18.000
107278806,Alexander,f,2016-12-28 13:00:44.000,2016-12-28 13:00:44.000
107284073,Achim,f,2021-11-08 14:01:53.000,2021-11-08 14:01:53.000
107288253,Claudia,t,2019-03-06 03:37:50.000,2019-03-06 03:37:50.000
107353415,Torsten,f,2017-01-13 18:54:35.000,2017-01-13 18:54:35.000
107364269,Lisa,f,2016-12-09 05:19:58.000,2016-12-09 05:19:58.000
107377926,Judith,f,2016-12-16 20:53:18.000,2016-12-16 20:53:18.000
107393182,Markus,f,2016-12-30 15:29:02.000,2016-12-30 15:29:02.000
107463608,Marie,f,2019-05-04 02:31:59.000,2019-05-04 02:31:59.000
107584054,Johanna,f,2021-09-19 08:43:45.000,2021-09-19 08:43:45.000
107622838,Mckenzie,f,2021-09-03 14:33:36.000,2021-09-03 14:33:36.000
107623675,Dave,f,2021-11-03 04:39:15.000,2021-11-03 04:39:15.000
107627069,Jason,f,2016-12-21 18:17:12.000,2016-12-21 18:17:12.000
107661921,Ulrike,f,2017-02-21 04:09:21.000,2017-02-21 04:09:21.000
107664925,Sassina,f,2017-08-31 06:07:06.000,2017-08-31 06:07:06.000
107688957,Paulina,f,2019-11-03 08:44:19.000,2019-11-03 08:44:19.000
107748936,Ali,f,2021-08-16 10:19:25.000,2021-08-16 10:19:25.000
107764182,Marie,f,2021-10-31 22:49:04.000,2021-10-31 22:49:04.000
107923857,Florian,f,2017-10-16 21:09:49.000,2017-10-16 21:09:49.000
108005660,Christina,t,2019-08-13 00:08:38.000,2019-08-13 00:08:38.000
108025548,Baharbin,f,2017-01-09 09:24:41.000,2017-01-09 09:24:41.000
108035176,Ria,f,2018-05-18 22:28:53.000,2018-05-18 22:28:53.000
108055193,Gô,f,2019-04-18 14:30:29.000,2019-04-18 14:30:29.000
108055284,Pauline,f,2017-07-09 13:18:35.000,2017-07-09 13:18:35.000
108088817,Jenny,f,2016-12-19 02:00:55.000,2016-12-19 02:00:55.000
108229492,Hubertus,f,2017-03-16 00:46:49.000,2017-03-16 00:46:49.000
108248853,Andrea,f,2016-12-17 16:32:52.000,2016-12-17 16:32:52.000
108436788,Hadidja,f,2020-01-29 03:19:51.000,2020-01-29 03:19:51.000
108448657,Karsten,t,2020-10-11 17:25:02.000,2020-10-11 17:25:02.000
108463568,Inger,f,2017-12-25 18:56:43.000,2017-12-25 18:56:43.000
108534180,Clara Marie,f,2019-02-17 17:05:37.000,2019-02-17 17:05:37.000
108538472,Tommy,f,2021-11-08 02:09:24.000,2021-11-08 02:09:24.000
108543294,Schirani,f,2017-02-04 08:42:19.000,2017-02-04 08:42:19.000
108726776,Michelle,f,2021-07-26 18:02:10.000,2021-07-26 18:02:10.000
108773025,Hajo,f,2017-08-04 08:49:02.000,2017-08-04 08:49:02.000
108804095,Armin,f,2017-01-22 00:01:48.000,2017-01-22 00:01:48.000
108814170,Arne,t,2018-04-11 02:11:07.000,2018-04-11 02:11:07.000
108854791,Raquel,f,2018-08-01 19:39:09.000,2018-08-01 19:39:09.000
108950241,Sergio,f,2021-08-15 18:34:15.000,2021-08-15 18:34:15.000
108955684,Marie,t,2017-05-14 18:24:46.000,2017-05-14 18:24:46.000
108990835,Brenda,f,2018-10-22 17:19:01.000,2018-10-22 17:19:01.000
109012928,Dora,f,2017-01-28 09:25:27.000,2017-01-28 09:25:27.000
109015106,David,f,2017-04-28 16:00:27.000,2017-04-28 16:00:27.000
109041307,Setare,f,2017-07-03 05:57:13.000,2017-07-03 05:57:13.000
109091036,Marc-Pierre,f,2021-11-09 09:22:07.000,2021-11-09 09:22:07.000
109142345,Nicole,f,2018-03-23 23:22:15.000,2018-03-23 23:22:15.000
109153397,Wolfgang,f,2021-10-21 05:23:48.000,2021-10-21 05:23:48.000
109155992,Emrah,f,2021-11-16 22:29:23.000,2021-11-16 22:29:23.000
109200340,Mem,f,2019-10-13 12:45:45.000,2019-10-13 12:45:45.000
109339589,Matthias,f,2018-02-19 01:16:07.000,2018-02-19 01:16:07.000
109347840,Lisa,f,2017-10-24 22:04:04.000,2017-10-24 22:04:04.000
109406815,Aron,f,2020-12-23 23:30:22.000,2020-12-23 23:30:22.000
109446883,Michael,f,2017-04-15 15:14:28.000,2017-04-15 15:14:28.000
109465041,Agnes,f,2017-01-12 15:59:22.000,2017-01-12 15:59:22.000
109466802,Robsn,f,2021-10-25 00:30:43.000,2021-10-25 00:30:43.000
109527844,Julian,f,2017-04-23 10:31:45.000,2017-04-23 10:31:45.000
109590068,Mateo,f,2019-12-27 04:32:30.000,2019-12-27 04:32:30.000
109702489,Konrad,f,2018-09-07 15:46:28.000,2018-09-07 15:46:28.000
109775145,Anna-Lena,f,2018-06-30 07:00:57.000,2018-06-30 07:00:57.000
109838639,Frauke,f,2017-06-26 20:09:03.000,2017-06-26 20:09:03.000
109842219,Bère,f,2017-07-15 19:51:30.000,2017-07-15 19:51:30.000
109843166,Paolina,f,2021-11-13 11:59:06.000,2021-11-13 11:59:06.000
109867109,Lenard,f,2021-11-11 01:03:45.000,2021-11-11 01:03:45.000
109876762,Heiko,t,2017-01-21 01:53:56.000,2017-01-21 01:53:56.000
109945345,Haroon,f,2017-01-19 16:14:00.000,2017-01-19 16:14:00.000
109949175,Charlotte,f,2017-10-26 01:08:48.000,2017-10-26 01:08:48.000
109968614,Andrea,f,2017-01-03 10:38:23.000,2017-01-03 10:38:23.000
109979035,Marco,f,2021-10-30 14:00:40.000,2021-10-30 14:00:40.000
109992090,Johannes,f,2021-11-01 23:24:41.000,2021-11-01 23:24:41.000
110022077,Mauricio,f,2020-05-10 23:23:39.000,2020-05-10 23:23:39.000
110137191,Jutta,f,2018-07-05 23:48:57.000,2018-07-05 23:48:57.000
110171661,Niko,f,2019-01-14 18:42:52.000,2019-01-14 18:42:52.000
110252698,Maria,f,2018-02-12 21:54:22.000,2018-02-12 21:54:22.000
110264231,Daniel,f,2018-08-20 16:33:54.000,2018-08-20 16:33:54.000
110422937,Rodolfo,f,2018-01-03 08:07:13.000,2018-01-03 08:07:13.000
110441141,Bettina,f,2017-07-09 15:36:13.000,2017-07-09 15:36:13.000
110452652,Luisa,f,2021-11-09 16:38:22.000,2021-11-09 16:38:22.000
110464479,Andreas & Ruth,f,2017-05-12 02:50:45.000,2017-05-12 02:50:45.000
110464754,Bobby,t,2019-08-25 03:14:59.000,2019-08-25 03:14:59.000
110572838,Monique Donath Und,f,2017-01-07 01:53:35.000,2017-01-07 01:53:35.000
110581835,Karin,f,2017-03-07 01:56:40.000,2017-03-07 01:56:40.000
110586868,Dennis,f,2018-04-14 15:05:23.000,2018-04-14 15:05:23.000
110616738,Abed,f,2021-10-27 11:17:35.000,2021-10-27 11:17:35.000
110618638,Katharina,f,2019-08-11 02:59:15.000,2019-08-11 02:59:15.000
110633467,Marie,f,2018-12-25 10:59:03.000,2018-12-25 10:59:03.000
110648151,Ying,f,2020-02-25 12:41:50.000,2020-02-25 12:41:50.000
110655804,Valentin,f,2021-10-26 15:13:01.000,2021-10-26 15:13:01.000
110756753,Denise,f,2017-07-14 08:03:48.000,2017-07-14 08:03:48.000
110817048,Jesko,f,2015-09-26 14:14:38.000,2015-09-26 14:14:38.000
110848798,Rüdiger,f,2017-07-09 06:08:21.000,2017-07-09 06:08:21.000
110928653,Nicolas,f,2017-02-01 00:31:31.000,2017-02-01 00:31:31.000
110929427,Julian,f,2020-02-10 01:20:18.000,2020-02-10 01:20:18.000
110940181,Nirit,f,2019-08-02 07:39:32.000,2019-08-02 07:39:32.000
110957111,Franziska,f,2017-08-14 07:08:28.000,2017-08-14 07:08:28.000
110990018,Hiang,f,2017-01-19 12:07:24.000,2017-01-19 12:07:24.000
111146515,Scarlett,f,2017-02-04 15:10:09.000,2017-02-04 15:10:09.000
111164494,Nadine,f,2021-09-12 15:04:48.000,2021-09-12 15:04:48.000
111169906,Alexandra,f,2017-08-21 00:47:51.000,2017-08-21 00:47:51.000
111176402,Ilia,f,2021-11-04 10:36:55.000,2021-11-04 10:36:55.000
111250795,Familie,f,2021-03-19 01:30:37.000,2021-03-19 01:30:37.000
111276639,Luca,f,2021-11-14 01:07:55.000,2021-11-14 01:07:55.000
111370728,Jermyn,f,2017-01-19 13:21:19.000,2017-01-19 13:21:19.000
111371574,Aseev,f,2021-11-01 09:14:46.000,2021-11-01 09:14:46.000
111384487,Carina,f,2018-07-27 02:22:53.000,2018-07-27 02:22:53.000
111410904,Ernesto,f,2019-09-17 02:20:27.000,2019-09-17 02:20:27.000
111495545,Sue,f,2019-03-06 14:44:43.000,2019-03-06 14:44:43.000
111521978,Bartek,f,2021-10-21 14:41:59.000,2021-10-21 14:41:59.000
111523147,Henry,f,2017-03-19 18:15:46.000,2017-03-19 18:15:46.000
111535696,Petra,f,2018-10-17 08:56:14.000,2018-10-17 08:56:14.000
111567005,Katsuya,f,2017-02-08 21:36:02.000,2017-02-08 21:36:02.000
111615610,Martin,f,2021-11-03 11:07:10.000,2021-11-03 11:07:10.000
111626590,Alexander,f,2019-03-31 07:29:56.000,2019-03-31 07:29:56.000
111726407,Jamie,f,2021-11-02 00:58:24.000,2021-11-02 00:58:24.000
111764186,Christine,f,2017-07-20 04:13:05.000,2017-07-20 04:13:05.000
111798801,Alexander,f,2017-10-17 11:59:18.000,2017-10-17 11:59:18.000
111816177,Alex,t,2018-09-25 13:41:37.000,2018-09-25 13:41:37.000
111908278,Awolol,f,2021-10-28 05:19:52.000,2021-10-28 05:19:52.000
111946818,Frank,f,2018-12-13 08:49:13.000,2018-12-13 08:49:13.000
111954766,Christiane,f,2021-10-31 14:43:53.000,2021-10-31 14:43:53.000
111957951,Silvia,f,2017-02-13 08:07:48.000,2017-02-13 08:07:48.000
111970749,Jörg,f,2021-11-15 03:03:34.000,2021-11-15 03:03:34.000
112075037,Aleksandra,f,2021-07-02 00:21:38.000,2021-07-02 00:21:38.000
112098247,Carlotta,f,2017-06-08 21:21:26.000,2017-06-08 21:21:26.000
112101094,Klaus,f,2018-09-25 01:27:44.000,2018-09-25 01:27:44.000
112190017,Rachel,f,2021-09-16 22:41:37.000,2021-09-16 22:41:37.000
112224316,Manfred B.,f,2021-10-30 21:02:02.000,2021-10-30 21:02:02.000
112276673,Gerald,f,2017-01-06 21:19:03.000,2017-01-06 21:19:03.000
112313679,Theo,f,2018-05-05 15:34:19.000,2018-05-05 15:34:19.000
112363455,Levan,f,2017-01-29 07:04:13.000,2017-01-29 07:04:13.000
112381310,Uwe,t,2017-04-06 04:05:18.000,2017-04-06 04:05:18.000
112383900,Angelo,f,2018-01-07 12:30:54.000,2018-01-07 12:30:54.000
112393821,Friederike,f,2019-03-15 17:19:08.000,2019-03-15 17:19:08.000
112420783,David,f,2019-07-17 08:46:10.000,2019-07-17 08:46:10.000
112518309,Sebastian,f,2019-04-02 02:40:44.000,2019-04-02 02:40:44.000
112519239,Ka Wing,f,2021-11-16 21:05:46.000,2021-11-16 21:05:46.000
112537692,Magnus,f,2017-08-26 17:38:10.000,2017-08-26 17:38:10.000
112571636,Elisabeth,f,2017-02-11 11:50:24.000,2017-02-11 11:50:24.000
112635652,Milena,f,2021-11-12 02:43:20.000,2021-11-12 02:43:20.000
112705168,Michelle,f,2018-08-16 00:21:15.000,2018-08-16 00:21:15.000
112840196,Zoe,f,2021-11-18 23:41:31.000,2021-11-18 23:41:31.000
112911416,Raphael,f,2017-08-02 13:52:38.000,2017-08-02 13:52:38.000
112980978,Martin,f,2021-07-01 10:56:20.000,2021-07-01 10:56:20.000
113010563,Michael,f,2017-02-22 08:41:17.000,2017-02-22 08:41:17.000
113083499,Jason,f,2018-03-02 23:37:18.000,2018-03-02 23:37:18.000
113091880,Stefan,t,2020-09-25 19:52:42.000,2020-09-25 19:52:42.000
113208327,Gianna,f,2021-11-15 02:15:51.000,2021-11-15 02:15:51.000
113215550,Marco,t,2018-12-30 09:19:01.000,2018-12-30 09:19:01.000
113242985,Marcus,t,2020-06-08 11:54:18.000,2020-06-08 11:54:18.000
113251886,Lu,f,2017-06-18 01:51:05.000,2017-06-18 01:51:05.000
113259564,Marco,f,2018-08-23 08:39:38.000,2018-08-23 08:39:38.000
113384695,Sena,f,2017-08-31 04:07:36.000,2017-08-31 04:07:36.000
113429331,Alexander,f,2021-11-11 03:54:40.000,2021-11-11 03:54:40.000
113440858,Hannah,f,2019-08-12 04:12:42.000,2019-08-12 04:12:42.000
113498573,Levan,f,2017-06-12 23:31:24.000,2017-06-12 23:31:24.000
113521135,Madeleine,f,2017-03-06 21:19:15.000,2017-03-06 21:19:15.000
113544775,Désirée,f,2017-04-02 06:12:56.000,2017-04-02 06:12:56.000
113577339,David,f,2021-10-24 15:09:17.000,2021-10-24 15:09:17.000
113591223,Tihana,t,2017-04-09 11:23:42.000,2017-04-09 11:23:42.000
113863415,Cara,f,2021-09-04 14:52:03.000,2021-09-04 14:52:03.000
113926231,Berat,f,2021-08-06 10:07:44.000,2021-08-06 10:07:44.000
113935784,Irina,f,2020-11-17 23:18:32.000,2020-11-17 23:18:32.000
113948373,Daniel,f,2017-02-13 01:16:50.000,2017-02-13 01:16:50.000
113966149,Héctor,f,2018-07-29 15:01:32.000,2018-07-29 15:01:32.000
114009068,Ambra,t,2018-06-11 18:44:00.000,2018-06-11 18:44:00.000
114023459,David,f,2019-07-12 12:00:28.000,2019-07-12 12:00:28.000
114169868,Fiachra,f,2017-02-15 13:50:19.000,2017-02-15 13:50:19.000
114197309,Clemens,f,2021-09-20 15:34:44.000,2021-09-20 15:34:44.000
114214057,Ellen,f,2017-08-17 18:59:45.000,2017-08-17 18:59:45.000
114215033,Laura,f,2017-09-01 08:05:16.000,2017-09-01 08:05:16.000
114279319,Julio,f,2021-10-21 01:25:27.000,2021-10-21 01:25:27.000
114396091,Kevin,f,2017-10-15 14:52:58.000,2017-10-15 14:52:58.000
114428748,Sofia Maria,f,2018-09-22 23:38:06.000,2018-09-22 23:38:06.000
114453085,J.,f,2017-02-20 21:29:44.000,2017-02-20 21:29:44.000
114462099,Jan,f,2017-09-06 12:36:56.000,2017-09-06 12:36:56.000
114485772,Charlotte,f,2017-07-29 23:45:03.000,2017-07-29 23:45:03.000
114486816,Annemarie,f,2020-12-12 08:36:31.000,2020-12-12 08:36:31.000
114491760,Jana,f,2017-09-19 09:32:15.000,2017-09-19 09:32:15.000
114523144,Sebastian,t,2019-02-07 13:12:06.000,2019-02-07 13:12:06.000
114537437,Aziz,f,2021-11-01 10:12:50.000,2021-11-01 10:12:50.000
114653489,Dimitri,f,2019-06-23 04:06:44.000,2019-06-23 04:06:44.000
114679073,Aletta,f,2019-12-04 22:11:00.000,2019-12-04 22:11:00.000
114808337,Som Und Torsten,f,2017-01-28 12:51:20.000,2017-01-28 12:51:20.000
114887117,Leo,f,2019-08-16 14:04:56.000,2019-08-16 14:04:56.000
115065886,Ingo,f,2017-02-14 00:22:17.000,2017-02-14 00:22:17.000
115076300,Kalu,f,2017-05-18 10:08:26.000,2017-05-18 10:08:26.000
115151451,Wiebke,f,2021-10-24 09:17:56.000,2021-10-24 09:17:56.000
115174454,Steffen,t,2018-03-04 23:10:08.000,2018-03-04 23:10:08.000
115175005,Dominic,f,2017-02-28 06:12:47.000,2017-02-28 06:12:47.000
115206302,Juliane,t,2019-05-06 23:31:52.000,2019-05-06 23:31:52.000
115286875,Lea,f,2017-07-12 16:08:51.000,2017-07-12 16:08:51.000
115303749,Manuel,f,2020-11-02 02:25:35.000,2020-11-02 02:25:35.000
115360418,Melanie,f,2017-12-17 20:44:28.000,2017-12-17 20:44:28.000
115367152,Heiner,f,2017-03-23 15:13:44.000,2017-03-23 15:13:44.000
115407273,ThereSia,f,2021-07-03 18:04:38.000,2021-07-03 18:04:38.000
115462471,Aylin,f,2018-04-12 20:30:37.000,2018-04-12 20:30:37.000
115472189,Rouven,f,2021-11-16 06:04:23.000,2021-11-16 06:04:23.000
115480958,Susanne,f,2018-04-20 15:04:52.000,2018-04-20 15:04:52.000
115504400,Matthias,f,2021-10-29 03:46:15.000,2021-10-29 03:46:15.000
115606157,Irene,f,2019-09-04 01:13:13.000,2019-09-04 01:13:13.000
115610758,Ewa,f,2021-10-26 14:26:37.000,2021-10-26 14:26:37.000
115658799,Marc,f,2017-06-22 20:57:56.000,2017-06-22 20:57:56.000
115672048,Paul,f,2018-07-13 15:06:45.000,2018-07-13 15:06:45.000
115691700,Regina,f,2017-05-12 05:46:40.000,2017-05-12 05:46:40.000
115725271,Una,f,2017-01-29 03:35:19.000,2017-01-29 03:35:19.000
115758436,Sarah,f,2021-11-14 08:59:34.000,2021-11-14 08:59:34.000
115768053,Andrew,t,2018-02-11 09:23:29.000,2018-02-11 09:23:29.000
115790786,Pascal,f,2017-05-15 16:48:39.000,2017-05-15 16:48:39.000
115853077,Elena,f,2021-11-12 04:37:29.000,2021-11-12 04:37:29.000
115884978,Claudia,t,2017-03-03 11:51:02.000,2017-03-03 11:51:02.000
115907658,Stephan & Family,t,2020-08-19 07:37:37.000,2020-08-19 07:37:37.000
115908408,Ohle,f,2017-08-02 11:51:51.000,2017-08-02 11:51:51.000
115933601,Julia,f,2021-10-22 19:31:54.000,2021-10-22 19:31:54.000
115946665,Barbara,t,2019-08-31 19:31:33.000,2019-08-31 19:31:33.000
115972625,Tatiana,f,2019-12-03 21:07:34.000,2019-12-03 21:07:34.000
116059506,Christine,f,2017-05-19 01:13:48.000,2017-05-19 01:13:48.000
116125052,Frank,f,2017-03-31 10:55:38.000,2017-03-31 10:55:38.000
116199663,Simon,f,2017-04-13 16:25:26.000,2017-04-13 16:25:26.000
116235208,Anna-Maria,t,2019-07-22 16:42:03.000,2019-07-22 16:42:03.000
116235283,Levan,f,2021-11-19 13:56:06.000,2021-11-19 13:56:06.000
116250047,Raphael,f,2020-02-29 06:08:04.000,2020-02-29 06:08:04.000
116338989,Irina,f,2021-06-22 00:23:08.000,2021-06-22 00:23:08.000
116376738,Anna,f,2017-02-27 19:54:12.000,2017-02-27 19:54:12.000
116378470,,,2017-03-27 13:29:39.000,2017-03-27 13:29:39.000
116438225,Flora,f,2019-04-25 03:00:47.000,2019-04-25 03:00:47.000
116472256,Katarzyna,f,2018-01-01 15:25:19.000,2018-01-01 15:25:19.000
116475341,Kathleen,f,2020-12-29 03:20:10.000,2020-12-29 03:20:10.000
116479467,Eva,t,2017-03-02 10:31:10.000,2017-03-02 10:31:10.000
116568785,Alicia,f,2021-10-29 09:58:37.000,2021-10-29 09:58:37.000
116569950,Sebastian,f,2017-04-03 18:30:07.000,2017-04-03 18:30:07.000
116666085,Berlin,t,2019-06-30 09:15:29.000,2019-06-30 09:15:29.000
116683513,Diego,f,2021-10-21 13:37:50.000,2021-10-21 13:37:50.000
116730708,Zion,f,2017-02-23 22:08:12.000,2017-02-23 22:08:12.000
116736663,Coline,f,2021-11-16 02:11:14.000,2021-11-16 02:11:14.000
116812394,Margitta,t,2018-08-01 20:33:35.000,2018-08-01 20:33:35.000
116817540,Luke,f,2021-08-04 05:23:17.000,2021-08-04 05:23:17.000
116829651,Selin,f,2017-04-04 22:24:59.000,2017-04-04 22:24:59.000
116940839,Linda,f,2017-02-26 21:18:19.000,2017-02-26 21:18:19.000
116943735,Mohamed,f,2020-01-13 02:17:17.000,2020-01-13 02:17:17.000
116957800,Tristan,t,2017-08-09 03:37:39.000,2017-08-09 03:37:39.000
116996523,Carsten,f,2017-05-06 21:01:02.000,2017-05-06 21:01:02.000
117133393,Martin,f,2021-11-13 15:13:08.000,2021-11-13 15:13:08.000
117137463,Fahad,f,2021-09-30 06:56:36.000,2021-09-30 06:56:36.000
117145088,Jens,f,2021-11-09 06:45:15.000,2021-11-09 06:45:15.000
117267021,Niklas,f,2017-04-07 06:23:27.000,2017-04-07 06:23:27.000
117284582,Ludwig,f,2017-02-22 00:35:12.000,2017-02-22 00:35:12.000
117324964,Carsten,f,2019-09-22 17:31:38.000,2019-09-22 17:31:38.000
117333299,Laylo,f,2017-02-10 04:31:26.000,2017-02-10 04:31:26.000
117427823,Karen,f,2018-12-13 04:06:18.000,2018-12-13 04:06:18.000
117427838,Linette,f,2021-08-22 01:35:01.000,2021-08-22 01:35:01.000
117443771,Friederike,f,2019-02-26 03:39:29.000,2019-02-26 03:39:29.000
117446866,Moritz,f,2018-08-07 08:48:22.000,2018-08-07 08:48:22.000
117485815,Clara,f,2018-03-24 11:03:36.000,2018-03-24 11:03:36.000
117488035,Rocio Marie,f,2017-06-08 09:41:18.000,2017-06-08 09:41:18.000
117488934,Matthias,f,2019-07-16 08:02:35.000,2019-07-16 08:02:35.000
117498526,Jutta,f,2017-05-11 19:49:28.000,2017-05-11 19:49:28.000
117582056,Jasmin,f,2018-12-26 06:41:12.000,2018-12-26 06:41:12.000
117617289,Eunyeong,f,2017-02-25 20:12:19.000,2017-02-25 20:12:19.000
117653509,Tobi,f,2017-07-30 03:33:08.000,2017-07-30 03:33:08.000
117662682,Klaus,f,2020-08-26 19:40:51.000,2020-08-26 19:40:51.000
117675056,Leonie,f,2019-06-19 01:00:12.000,2019-06-19 01:00:12.000
117683050,Markus,f,2020-03-05 04:53:01.000,2020-03-05 04:53:01.000
117725180,Marcel,f,2021-11-01 12:02:47.000,2021-11-01 12:02:47.000
117735459,Golnoosh,f,2017-06-16 11:30:40.000,2017-06-16 11:30:40.000
117818298,Magdalena,f,2017-03-14 22:17:31.000,2017-03-14 22:17:31.000
117835572,Akwasi,f,2018-03-28 02:01:40.000,2018-03-28 02:01:40.000
117887086,Sonja,f,2021-10-22 16:22:54.000,2021-10-22 16:22:54.000
117906291,Tobias,f,2021-11-14 17:10:26.000,2021-11-14 17:10:26.000
117936544,Melih,f,2017-09-17 08:02:16.000,2017-09-17 08:02:16.000
118019190,Giulia,f,2017-03-18 19:56:49.000,2017-03-18 19:56:49.000
118029206,Jamie,f,2017-04-07 05:34:42.000,2017-04-07 05:34:42.000
118031700,Lino,f,2021-11-02 11:50:36.000,2021-11-02 11:50:36.000
118055062,Sheherazade,f,2019-09-13 13:02:04.000,2019-09-13 13:02:04.000
118057190,Vincent,f,2018-04-08 17:16:25.000,2018-04-08 17:16:25.000
118203373,Lin-Yu,f,2017-06-04 16:00:23.000,2017-06-04 16:00:23.000
118218576,Ayako,f,2017-06-13 15:17:21.000,2017-06-13 15:17:21.000
118232287,Sebastian,f,2018-07-26 03:21:08.000,2018-07-26 03:21:08.000
118302507,Julia,f,2017-09-25 23:44:02.000,2017-09-25 23:44:02.000
118419957,Helen,f,2018-01-18 18:16:00.000,2018-01-18 18:16:00.000
118458986,Eleonora,f,2021-09-22 15:11:19.000,2021-09-22 15:11:19.000
118485732,Janek,f,2017-09-21 01:22:54.000,2017-09-21 01:22:54.000
118498997,James,f,2017-07-23 05:41:32.000,2017-07-23 05:41:32.000
118508670,Jan,t,2017-06-09 14:53:52.000,2017-06-09 14:53:52.000
118519856,Valerie,f,2017-03-02 09:12:50.000,2017-03-02 09:12:50.000
118520272,Damian Alexander,f,2019-06-12 01:30:21.000,2019-06-12 01:30:21.000
118534678,Markus,f,2021-11-14 00:15:58.000,2021-11-14 00:15:58.000
118541510,Patrik,t,2017-02-18 11:45:05.000,2017-02-18 11:45:05.000
118543115,Carolin,f,2021-11-14 21:52:55.000,2021-11-14 21:52:55.000
118547145,Andreas,f,2021-11-02 17:01:30.000,2021-11-02 17:01:30.000
118626283,Haco,f,2021-11-12 23:04:45.000,2021-11-12 23:04:45.000
118633121,Anna,f,2017-02-25 08:28:14.000,2017-02-25 08:28:14.000
118639204,Ina,f,2021-10-23 10:33:57.000,2021-10-23 10:33:57.000
118687717,Laurenz,f,2018-03-22 01:32:54.000,2018-03-22 01:32:54.000
118780530,Veit,f,2017-08-08 23:51:57.000,2017-08-08 23:51:57.000
118789996,Pia,f,2019-01-25 01:19:51.000,2019-01-25 01:19:51.000
118883573,Alina,t,2017-03-08 13:58:27.000,2017-03-08 13:58:27.000
118922630,Nico,f,2017-06-09 05:19:42.000,2017-06-09 05:19:42.000
118945078,Battuvshin,t,2017-03-01 21:01:24.000,2017-03-01 21:01:24.000
118970442,Marcel,f,2017-04-24 02:46:32.000,2017-04-24 02:46:32.000
118974643,Karo,f,2018-01-28 19:18:11.000,2018-01-28 19:18:11.000
118986347,Alex,f,2021-11-04 01:55:36.000,2021-11-04 01:55:36.000
119024407,Thi Kim Chung,t,2017-03-07 06:00:38.000,2017-03-07 06:00:38.000
119074475,Kirstin,f,2017-12-01 21:48:46.000,2017-12-01 21:48:46.000
119079413,Jasmine,f,2019-10-14 06:20:41.000,2019-10-14 06:20:41.000
119080263,Svenja,f,2017-02-17 10:18:59.000,2017-02-17 10:18:59.000
119133613,Jorn,t,2017-02-28 19:48:46.000,2017-02-28 19:48:46.000
119252391,Maren,f,2018-02-26 02:08:39.000,2018-02-26 02:08:39.000
119255161,Liska,f,2017-11-03 05:39:41.000,2017-11-03 05:39:41.000
119270089,Philipp,f,2017-08-30 12:38:49.000,2017-08-30 12:38:49.000
119271553,Frank,f,2021-11-01 10:10:20.000,2021-11-01 10:10:20.000
119278956,Sophie,f,2017-10-10 14:21:47.000,2017-10-10 14:21:47.000
119416956,Sven,f,2017-05-23 06:59:22.000,2017-05-23 06:59:22.000
119448129,Paola,f,2017-09-09 16:40:22.000,2017-09-09 16:40:22.000
119494934,Giuliano,f,2021-11-08 05:00:59.000,2021-11-08 05:00:59.000
119516424,Blanca,f,2018-04-15 11:51:30.000,2018-04-15 11:51:30.000
119577758,Frank,f,2017-02-27 21:16:09.000,2017-02-27 21:16:09.000
119625115,Benjamin,f,2019-11-18 14:23:06.000,2019-11-18 14:23:06.000
119626023,Lisa & Ben,f,2020-07-28 19:03:03.000,2020-07-28 19:03:03.000
119642593,Kristin,f,2017-03-09 14:58:22.000,2017-03-09 14:58:22.000
119755949,Samira-Lucy,f,2017-04-08 08:13:52.000,2017-04-08 08:13:52.000
119771029,Selina,f,2019-10-14 19:36:15.000,2019-10-14 19:36:15.000
119788713,Mathias,t,2017-06-14 05:55:14.000,2017-06-14 05:55:14.000
119791159,Maeva,f,2019-09-07 22:12:45.000,2019-09-07 22:12:45.000
119880786,Stefan,f,2021-09-17 08:25:14.000,2021-09-17 08:25:14.000
119891007,Suzanne,f,2017-02-28 23:44:00.000,2017-02-28 23:44:00.000
119933274,Evelyn,f,2019-03-01 04:10:57.000,2019-03-01 04:10:57.000
119943101,Kirsten,f,2020-02-29 02:46:42.000,2020-02-29 02:46:42.000
119948191,Peter,f,2017-07-05 16:29:11.000,2017-07-05 16:29:11.000
119949706,Isabella,t,2018-06-03 20:53:35.000,2018-06-03 20:53:35.000
119956604,Liam,f,2021-11-09 08:43:29.000,2021-11-09 08:43:29.000
119995527,Janet,f,2018-10-01 12:14:14.000,2018-10-01 12:14:14.000
120054754,Sam,f,2021-04-05 17:44:44.000,2021-04-05 17:44:44.000
120071145,Sebastian,f,2017-06-30 23:24:38.000,2017-06-30 23:24:38.000
120072875,Recha,f,2018-07-04 19:17:38.000,2018-07-04 19:17:38.000
120128996,Philip,f,2017-09-23 01:46:12.000,2017-09-23 01:46:12.000
120138490,Sohail,t,2021-06-22 12:45:16.000,2021-06-22 12:45:16.000
120193237,Christina,f,2018-07-23 22:32:29.000,2018-07-23 22:32:29.000
120228470,Mica,f,2019-06-01 07:42:36.000,2019-06-01 07:42:36.000
120333038,Andre,f,2021-11-05 10:36:34.000,2021-11-05 10:36:34.000
120375787,Alina,f,2020-09-29 17:11:47.000,2020-09-29 17:11:47.000
120381682,Fernando,f,2021-09-24 22:44:40.000,2021-09-24 22:44:40.000
120398581,Heinrich,t,2017-04-04 20:13:38.000,2017-04-04 20:13:38.000
120494244,Katharina,f,2019-12-12 17:17:43.000,2019-12-12 17:17:43.000
120512570,Paul,f,2017-03-13 10:08:28.000,2017-03-13 10:08:28.000
120632106,Joe,f,2019-02-21 18:07:03.000,2019-02-21 18:07:03.000
120676075,Kilian,f,2018-01-20 12:48:38.000,2018-01-20 12:48:38.000
120685899,Rotem,f,2017-03-24 06:28:08.000,2017-03-24 06:28:08.000
120771690,Waldemar,f,2017-06-21 07:31:33.000,2017-06-21 07:31:33.000
120854130,Luki,f,2017-04-20 08:19:14.000,2017-04-20 08:19:14.000
120865638,Jenny,f,2021-11-10 21:15:47.000,2021-11-10 21:15:47.000
120899289,Greta,f,2020-01-01 09:19:16.000,2020-01-01 09:19:16.000
120907361,Stefanie,f,2020-07-11 00:33:30.000,2020-07-11 00:33:30.000
120907540,Gisela,f,2017-04-17 03:04:48.000,2017-04-17 03:04:48.000
120934399,Victoria,f,2017-05-04 05:09:14.000,2017-05-04 05:09:14.000
121013424,Dago,f,2018-10-20 22:27:21.000,2018-10-20 22:27:21.000
121023752,Gaurav,f,2021-10-22 09:25:10.000,2021-10-22 09:25:10.000
121075504,Marguerite,f,2018-10-18 03:48:04.000,2018-10-18 03:48:04.000
121166234,Sascha,f,2021-10-26 20:57:23.000,2021-10-26 20:57:23.000
121172492,Pia,f,2020-08-15 07:02:07.000,2020-08-15 07:02:07.000
121188970,Joschka,f,2018-09-17 00:43:37.000,2018-09-17 00:43:37.000
121210068,Loulou,f,2021-10-23 19:37:15.000,2021-10-23 19:37:15.000
121246398,Elena,t,2017-03-28 19:57:50.000,2017-03-28 19:57:50.000
121431087,Jennifer,f,2018-02-26 23:26:17.000,2018-02-26 23:26:17.000
121479523,Jörn,f,2017-04-22 05:18:19.000,2017-04-22 05:18:19.000
121510735,Vitaliy,f,2017-07-20 10:48:56.000,2017-07-20 10:48:56.000
121629802,Chrysa,f,2017-07-28 14:29:35.000,2017-07-28 14:29:35.000
121671653,Martin,f,2017-04-12 04:07:42.000,2017-04-12 04:07:42.000
121707176,Dru,f,2020-07-30 07:10:35.000,2020-07-30 07:10:35.000
121823771,Dandan,f,2021-11-17 10:48:16.000,2021-11-17 10:48:16.000
121835289,Felicia,f,2021-10-23 10:13:31.000,2021-10-23 10:13:31.000
121851646,Karl,f,2017-08-20 12:39:49.000,2017-08-20 12:39:49.000
122000716,Jacqueline,f,2017-03-20 17:31:37.000,2017-03-20 17:31:37.000
122012813,Kim - BELVILLA,f,2019-05-16 12:32:27.000,2019-05-16 12:32:27.000
122036211,Halka,t,2017-03-26 03:34:05.000,2017-03-26 03:34:05.000
122036524,Dayna,f,2017-03-19 03:23:24.000,2017-03-19 03:23:24.000
122037949,Eicke,f,2017-08-27 23:27:07.000,2017-08-27 23:27:07.000
122062923,Jan,t,2017-04-08 15:20:55.000,2017-04-08 15:20:55.000
122071753,Sarah,t,2017-03-20 08:39:26.000,2017-03-20 08:39:26.000
122072325,Felicitas,f,2021-06-28 12:55:42.000,2021-06-28 12:55:42.000
122074654,Yanis,f,2018-08-27 05:49:42.000,2018-08-27 05:49:42.000
122193559,Simon,f,2018-03-17 01:50:21.000,2018-03-17 01:50:21.000
122355845,Ulla,f,2021-10-24 18:44:26.000,2021-10-24 18:44:26.000
122355992,Neirin,f,2017-06-28 17:10:26.000,2017-06-28 17:10:26.000
122360959,Yann-Paul,f,2017-09-07 07:51:14.000,2017-09-07 07:51:14.000
122374527,Deniz,f,2018-04-22 01:34:07.000,2018-04-22 01:34:07.000
122376981,Jalal,f,2021-06-19 00:25:37.000,2021-06-19 00:25:37.000
122389443,Claus,t,2017-04-14 02:08:42.000,2017-04-14 02:08:42.000
122458212,Julia,f,2019-12-02 12:33:04.000,2019-12-02 12:33:04.000
122494536,Ivica,f,2017-04-02 10:55:50.000,2017-04-02 10:55:50.000
122504188,Doris,t,2017-05-03 10:52:09.000,2017-05-03 10:52:09.000
122559748,Mirko,f,2017-12-01 05:31:48.000,2017-12-01 05:31:48.000
122713712,Dennis,f,2017-08-25 07:00:21.000,2017-08-25 07:00:21.000
122735722,Anahita,f,2020-03-13 06:07:08.000,2020-03-13 06:07:08.000
122742677,Janna,f,2021-09-18 19:05:07.000,2021-09-18 19:05:07.000
122796983,Christian,t,2017-04-06 21:24:32.000,2017-04-06 21:24:32.000
122859588,Simla,f,2018-05-27 15:44:29.000,2018-05-27 15:44:29.000
122868546,Eva,f,2019-05-27 05:55:49.000,2019-05-27 05:55:49.000
122885380,Carlos,f,2019-01-28 09:50:37.000,2019-01-28 09:50:37.000
122901718,Sama,f,2019-09-02 23:18:14.000,2019-09-02 23:18:14.000
122934717,Nina,f,2019-07-12 02:23:11.000,2019-07-12 02:23:11.000
122978296,Theresa,f,2018-09-06 23:27:36.000,2018-09-06 23:27:36.000
122990421,Felix,f,2019-02-01 03:45:22.000,2019-02-01 03:45:22.000
123066968,Stas,f,2017-07-21 13:12:56.000,2017-07-21 13:12:56.000
123159677,Carla,f,2019-10-11 03:04:58.000,2019-10-11 03:04:58.000
123163427,David,t,2018-05-09 07:12:10.000,2018-05-09 07:12:10.000
123392782,John,t,2017-04-19 01:42:03.000,2017-04-19 01:42:03.000
123399045,Anita,f,2017-06-11 15:43:12.000,2017-06-11 15:43:12.000
123464985,Luca,f,2021-07-13 20:49:26.000,2021-07-13 20:49:26.000
123477504,Hannes,f,2021-06-18 03:35:56.000,2021-06-18 03:35:56.000
123547112,Tim,f,2018-01-28 12:36:07.000,2018-01-28 12:36:07.000
123547522,Richard,f,2021-11-18 21:02:03.000,2021-11-18 21:02:03.000
123554323,Hannah,f,2019-08-26 08:44:42.000,2019-08-26 08:44:42.000
123603600,Ezgy,t,2019-06-25 07:26:14.000,2019-06-25 07:26:14.000
123699355,Mesud,f,2019-09-13 20:48:26.000,2019-09-13 20:48:26.000
123704592,Ann-Cathrin,f,2017-04-02 04:35:50.000,2017-04-02 04:35:50.000
123770462,Karin,f,2021-10-06 09:09:23.000,2021-10-06 09:09:23.000
123824818,Sandra,f,2017-08-09 19:49:36.000,2017-08-09 19:49:36.000
123852980,Patrick,t,2017-04-30 05:49:55.000,2017-04-30 05:49:55.000
123898208,Racquel Helena,f,2020-02-10 08:10:19.000,2020-02-10 08:10:19.000
123908109,Pascal,f,2017-05-23 15:03:04.000,2017-05-23 15:03:04.000
123920306,Stefan,f,2018-07-31 05:52:20.000,2018-07-31 05:52:20.000
123923734,Teresa,t,2019-05-30 02:30:32.000,2019-05-30 02:30:32.000
124013184,Angela,f,2017-04-16 11:41:12.000,2017-04-16 11:41:12.000
124044937,Russell,f,2017-04-13 21:29:39.000,2017-04-13 21:29:39.000
124084499,Martina,f,2017-03-23 23:48:09.000,2017-03-23 23:48:09.000
124094665,Yvonn,f,2017-05-24 05:32:46.000,2017-05-24 05:32:46.000
124104284,Leon,f,2017-08-01 12:47:00.000,2017-08-01 12:47:00.000
124189464,Eli,f,2017-04-12 09:47:21.000,2017-04-12 09:47:21.000
124191892,Julian,f,2019-12-06 23:05:45.000,2019-12-06 23:05:45.000
124236738,Etienne,t,2017-05-12 02:50:50.000,2017-05-12 02:50:50.000
124249392,Sophie,f,2019-04-14 23:49:58.000,2019-04-14 23:49:58.000
124263862,Dennis,f,2017-10-24 21:35:55.000,2017-10-24 21:35:55.000
124276922,Nicole,f,2018-05-08 09:59:23.000,2018-05-08 09:59:23.000
124361168,Renata,f,2018-01-14 21:11:29.000,2018-01-14 21:11:29.000
124371137,Marc,f,2017-04-10 00:59:46.000,2017-04-10 00:59:46.000
124391826,Hanna,f,2017-05-10 04:23:16.000,2017-05-10 04:23:16.000
124415621,Carolin,t,2017-04-11 09:21:17.000,2017-04-11 09:21:17.000
124421999,Juro,f,2017-04-27 19:52:30.000,2017-04-27 19:52:30.000
124449604,Anders,f,2021-11-02 03:23:49.000,2021-11-02 03:23:49.000
124510446,Paul,f,2021-10-25 05:05:26.000,2021-10-25 05:05:26.000
124517516,Tom,f,2017-04-24 18:40:43.000,2017-04-24 18:40:43.000
124522953,Senya,f,2019-03-15 00:42:46.000,2019-03-15 00:42:46.000
124562367,Anna,f,2017-09-01 13:37:55.000,2017-09-01 13:37:55.000
124580281,Markus,f,2020-02-12 20:33:43.000,2020-02-12 20:33:43.000
124611709,Norbert,f,2017-04-11 06:38:30.000,2017-04-11 06:38:30.000
124625390,Michael,f,2021-10-28 09:14:24.000,2021-10-28 09:14:24.000
124652185,Annika,f,2017-05-18 07:05:34.000,2017-05-18 07:05:34.000
124704694,Asta,f,2017-04-29 08:59:13.000,2017-04-29 08:59:13.000
124720480,Finn,f,2018-01-16 17:39:15.000,2018-01-16 17:39:15.000
124766800,E.,f,2021-11-05 12:03:48.000,2021-11-05 12:03:48.000
124799071,Mark,f,2017-04-16 05:15:56.000,2017-04-16 05:15:56.000
124806366,Zoe,f,2019-03-14 19:51:26.000,2019-03-14 19:51:26.000
124814598,George,f,2021-11-01 07:20:26.000,2021-11-01 07:20:26.000
124836257,Melanie,f,2019-11-24 20:00:16.000,2019-11-24 20:00:16.000
124858689,Han,f,2017-03-31 07:45:37.000,2017-03-31 07:45:37.000
124871606,Mojtaba,f,2017-07-02 07:53:18.000,2017-07-02 07:53:18.000
124885836,Katha Und Lucia,f,2017-04-30 15:17:09.000,2017-04-30 15:17:09.000
125017374,Michel,f,2017-08-19 12:04:14.000,2017-08-19 12:04:14.000
125019349,Erich,f,2019-09-06 19:12:02.000,2019-09-06 19:12:02.000
125119516,Magdalena,f,2021-11-11 01:19:55.000,2021-11-11 01:19:55.000
125198429,Tom,f,2017-07-25 19:32:31.000,2017-07-25 19:32:31.000
125206298,Andrea,f,2021-11-01 05:30:04.000,2021-11-01 05:30:04.000
125281978,Hans,f,2017-12-30 12:58:23.000,2017-12-30 12:58:23.000
125284533,Jenny,f,2019-12-10 15:57:13.000,2019-12-10 15:57:13.000
125309723,Julius,f,2020-06-17 18:44:26.000,2020-06-17 18:44:26.000
125337256,Jen,f,2021-08-26 04:44:22.000,2021-08-26 04:44:22.000
125341008,Taras,f,2017-04-16 14:01:18.000,2017-04-16 14:01:18.000
125364242,Sebastian,f,2018-12-22 16:13:22.000,2018-12-22 16:13:22.000
125471280,Timo,f,2018-03-30 00:10:28.000,2018-03-30 00:10:28.000
125500060,Ruzica,f,2017-07-03 13:58:22.000,2017-07-03 13:58:22.000
125519764,Sabine,t,2017-04-14 12:19:52.000,2017-04-14 12:19:52.000
125552056,Kylo,f,2017-11-22 10:57:27.000,2017-11-22 10:57:27.000
125640456,Fred,f,2017-05-08 03:12:28.000,2017-05-08 03:12:28.000
125652413,Toni,f,2021-11-14 02:40:07.000,2021-11-14 02:40:07.000
125661208,Lotte,f,2017-04-30 19:33:36.000,2017-04-30 19:33:36.000
125676738,Gourav,f,2021-10-22 17:31:07.000,2021-10-22 17:31:07.000
125681808,Ayrton,f,2017-05-20 00:15:35.000,2017-05-20 00:15:35.000
125813507,Jan,f,2019-05-27 01:33:52.000,2019-05-27 01:33:52.000
125821130,Jerome,f,2018-04-08 13:09:34.000,2018-04-08 13:09:34.000
125847915,Flo,f,2021-10-26 02:25:24.000,2021-10-26 02:25:24.000
125848147,Patrick,t,2018-08-27 02:18:20.000,2018-08-27 02:18:20.000
125905477,Matias,f,2021-11-18 12:23:56.000,2021-11-18 12:23:56.000
125923488,Ragna,f,2017-07-10 21:24:37.000,2017-07-10 21:24:37.000
125965228,Daniel,f,2020-09-20 03:55:11.000,2020-09-20 03:55:11.000
125998987,Dagmar,t,2017-05-30 21:57:11.000,2017-05-30 21:57:11.000
126138928,Ingmar,t,2018-08-27 10:38:51.000,2018-08-27 10:38:51.000
126299608,Christian,f,2017-06-07 06:52:29.000,2017-06-07 06:52:29.000
126376050,Ilana,f,2019-07-31 15:36:43.000,2019-07-31 15:36:43.000
126421144,Adriana,f,2020-02-22 20:09:06.000,2020-02-22 20:09:06.000
126429985,Elena,f,2017-04-17 22:47:07.000,2017-04-17 22:47:07.000
126438109,Diane,f,2017-05-03 04:06:11.000,2017-05-03 04:06:11.000
126447994,Maxim,f,2019-07-14 16:29:00.000,2019-07-14 16:29:00.000
126471588,Hridik,f,2017-05-21 17:39:30.000,2017-05-21 17:39:30.000
126602657,Nadia,f,2018-06-17 12:08:05.000,2018-06-17 12:08:05.000
126621397,Samir,f,2021-11-19 06:12:28.000,2021-11-19 06:12:28.000
126642425,Svenja,f,2017-12-20 17:41:59.000,2017-12-20 17:41:59.000
126788078,George,f,2017-12-25 17:25:17.000,2017-12-25 17:25:17.000
126816039,Katie,f,2017-04-13 11:01:49.000,2017-04-13 11:01:49.000
126858271,Tino & Birgitt,f,2020-02-15 12:48:27.000,2020-02-15 12:48:27.000
126909296,Sarah,f,2017-08-25 01:37:03.000,2017-08-25 01:37:03.000
126933552,Tu Anh,f,2021-09-11 09:42:49.000,2021-09-11 09:42:49.000
127032368,Nahal,t,2018-08-20 08:52:44.000,2018-08-20 08:52:44.000
127058481,Marco,f,2018-12-24 02:24:30.000,2018-12-24 02:24:30.000
127107285,Franziska,f,2021-10-21 22:48:55.000,2021-10-21 22:48:55.000
127146676,Judy,t,2017-05-02 23:11:52.000,2017-05-02 23:11:52.000
127165929,Maike,f,2021-11-11 03:01:51.000,2021-11-11 03:01:51.000
127231862,Anita,f,2021-08-13 02:15:33.000,2021-08-13 02:15:33.000
127236491,Diana,f,2017-06-02 23:08:56.000,2017-06-02 23:08:56.000
127243579,Holde,f,2017-09-17 06:10:07.000,2017-09-17 06:10:07.000
127309004,Kim,f,2017-08-30 03:37:20.000,2017-08-30 03:37:20.000
127354227,Jana,f,2017-04-21 11:20:57.000,2017-04-21 11:20:57.000
127356964,Christopher,f,2017-04-13 19:25:36.000,2017-04-13 19:25:36.000
127358054,Diana,f,2019-12-13 13:10:34.000,2019-12-13 13:10:34.000
127387738,Yousef,f,2017-06-30 20:54:26.000,2017-06-30 20:54:26.000
127391482,Arne,f,2021-11-10 01:34:04.000,2021-11-10 01:34:04.000
127402646,Samir,f,2017-05-04 15:59:34.000,2017-05-04 15:59:34.000
127469768,Kike,f,2017-04-15 08:53:14.000,2017-04-15 08:53:14.000
127487921,Roselyne,f,2017-06-11 04:19:54.000,2017-06-11 04:19:54.000
127513543,Kim & Roman,f,2017-10-05 20:05:49.000,2017-10-05 20:05:49.000
127528698,Inga,f,2020-08-09 06:08:10.000,2020-08-09 06:08:10.000
127554480,Lukas,f,2019-07-31 12:20:40.000,2019-07-31 12:20:40.000
127558185,Paul,f,2017-04-30 01:41:38.000,2017-04-30 01:41:38.000
127562821,France,f,2018-09-21 14:48:13.000,2018-09-21 14:48:13.000
127564921,Mia,f,2018-06-29 12:42:26.000,2018-06-29 12:42:26.000
127583632,Wenzel,f,2017-12-27 15:08:13.000,2017-12-27 15:08:13.000
127654938,Jess,t,2018-03-13 23:30:03.000,2018-03-13 23:30:03.000
127664816,Naama,f,2020-01-17 21:58:53.000,2020-01-17 21:58:53.000
127670604,Sigrid Johanna Elisabeth,f,2017-06-01 16:40:08.000,2017-06-01 16:40:08.000
127735072,Jakob,f,2017-05-12 20:25:40.000,2017-05-12 20:25:40.000
127806255,Heidelore,f,2020-07-07 13:53:38.000,2020-07-07 13:53:38.000
127881146,Adja,f,2017-05-18 18:39:09.000,2017-05-18 18:39:09.000
127949965,Sunisa,f,2017-05-12 01:21:01.000,2017-05-12 01:21:01.000
127950795,Michelle,f,2021-09-17 04:50:51.000,2021-09-17 04:50:51.000
127970349,Christina,f,2017-05-05 02:00:20.000,2017-05-05 02:00:20.000
128039818,Yasmin,f,2021-08-14 13:06:20.000,2021-08-14 13:06:20.000
128083363,Rainer,t,2017-05-10 07:57:47.000,2017-05-10 07:57:47.000
128116843,Elik,t,2017-05-02 18:14:57.000,2017-05-02 18:14:57.000
128119569,Greta,t,2017-04-28 04:09:38.000,2017-04-28 04:09:38.000
128209160,Samuel,f,2021-07-25 07:44:19.000,2021-07-25 07:44:19.000
128210044,Naoya,f,2017-04-21 11:49:11.000,2017-04-21 11:49:11.000
128338792,Mirjam,f,2021-11-12 23:34:53.000,2021-11-12 23:34:53.000
128351530,Brigitte,t,2017-04-30 21:43:01.000,2017-04-30 21:43:01.000
128420129,Jamie,f,2018-11-29 16:14:11.000,2018-11-29 16:14:11.000
128533775,Nicolas,f,2017-05-13 11:18:34.000,2017-05-13 11:18:34.000
128586526,Johanna,f,2017-09-17 13:44:23.000,2017-09-17 13:44:23.000
128591563,Kathlen,f,2017-05-31 06:50:51.000,2017-05-31 06:50:51.000
128676811,H10 Berlin,f,2017-05-14 20:18:50.000,2017-05-14 20:18:50.000
128713085,Jay,f,2020-06-23 14:17:11.000,2020-06-23 14:17:11.000
128733471,Gregor,f,2017-05-04 12:36:42.000,2017-05-04 12:36:42.000
128743901,Margrit,f,2021-06-18 05:10:05.000,2021-06-18 05:10:05.000
128759029,Lennart,f,2021-10-21 02:23:59.000,2021-10-21 02:23:59.000
128813691,Herbert,f,2017-04-21 00:52:44.000,2017-04-21 00:52:44.000
128854272,Uchi,f,2020-07-16 18:31:53.000,2020-07-16 18:31:53.000
128857200,Fabian,f,2017-05-28 13:22:35.000,2017-05-28 13:22:35.000
128876491,Robert,f,2021-10-29 06:27:07.000,2021-10-29 06:27:07.000
128896538,Nico,f,2019-05-16 06:29:00.000,2019-05-16 06:29:00.000
128945812,Dima,t,2019-07-20 02:05:41.000,2019-07-20 02:05:41.000
128951135,Ronja,f,2021-11-06 18:41:44.000,2021-11-06 18:41:44.000
128953448,Lew,f,2021-11-15 08:06:04.000,2021-11-15 08:06:04.000
128980228,Marta,f,2017-11-09 02:24:40.000,2017-11-09 02:24:40.000
128999697,Júlia,f,2019-02-19 23:59:17.000,2019-02-19 23:59:17.000
129018052,Wiebke,f,2021-10-21 23:51:26.000,2021-10-21 23:51:26.000
129027516,Juliane,f,2017-12-27 07:15:53.000,2017-12-27 07:15:53.000
129041124,Stefanie,f,2021-10-31 03:32:12.000,2021-10-31 03:32:12.000
129209491,Laurent,f,2017-05-26 09:19:58.000,2017-05-26 09:19:58.000
129212521,Bobby,f,2017-05-20 21:57:25.000,2017-05-20 21:57:25.000
129233978,Guillermo,f,2020-10-07 17:23:13.000,2020-10-07 17:23:13.000
129280758,Florian,t,2020-10-17 21:54:39.000,2020-10-17 21:54:39.000
129376208,James,f,2017-05-03 16:59:08.000,2017-05-03 16:59:08.000
129380714,David,t,2019-12-24 13:50:43.000,2019-12-24 13:50:43.000
129411749,Gianna,f,2019-08-28 14:33:17.000,2019-08-28 14:33:17.000
129432549,Anne-Marie,t,2019-03-05 20:06:22.000,2019-03-05 20:06:22.000
129516553,Katharina,f,2019-12-18 02:38:16.000,2019-12-18 02:38:16.000
129569391,Lara,f,2018-10-08 22:58:31.000,2018-10-08 22:58:31.000
129583121,Louisa,t,2018-08-22 09:01:00.000,2018-08-22 09:01:00.000
129620124,Karen,f,2019-02-20 01:04:17.000,2019-02-20 01:04:17.000
129636132,Isabelle,f,2021-11-18 03:25:30.000,2021-11-18 03:25:30.000
129674043,Christoph,t,2017-05-25 10:19:55.000,2017-05-25 10:19:55.000
129689940,Lisa,f,2019-04-04 15:53:06.000,2019-04-04 15:53:06.000
129770901,Birgit,t,2020-07-06 13:02:51.000,2020-07-06 13:02:51.000
129838308,Mohammad,f,2021-06-03 11:24:23.000,2021-06-03 11:24:23.000
129850465,Evgeniya,f,2017-05-28 22:41:45.000,2017-05-28 22:41:45.000
129920050,Marie,f,2017-08-21 15:52:56.000,2017-08-21 15:52:56.000
129961669,Asadius,f,2020-08-05 02:07:26.000,2020-08-05 02:07:26.000
129989222,Hannah,t,2017-05-19 12:45:16.000,2017-05-19 12:45:16.000
130011593,David,f,2018-06-20 15:49:31.000,2018-06-20 15:49:31.000
130017279,Laura,f,2017-06-03 01:41:07.000,2017-06-03 01:41:07.000
130021626,Shahidullah,f,2018-02-03 02:47:12.000,2018-02-03 02:47:12.000
130089284,Monika,f,2017-06-05 21:48:06.000,2017-06-05 21:48:06.000
130120724,Kaan,f,2021-07-20 01:42:41.000,2021-07-20 01:42:41.000
130207191,Mia,f,2019-05-25 06:15:32.000,2019-05-25 06:15:32.000
130220460,Sabine,f,2018-01-30 07:09:09.000,2018-01-30 07:09:09.000
130269798,Hannah,f,2017-05-16 18:36:03.000,2017-05-16 18:36:03.000
130377178,Valeria,f,2019-07-09 15:40:00.000,2019-07-09 15:40:00.000
130393107,Sven,f,2021-10-26 11:12:09.000,2021-10-26 11:12:09.000
130402631,Raffaela,t,2017-07-27 06:15:38.000,2017-07-27 06:15:38.000
130403106,Gianmaria,f,2018-09-19 07:37:36.000,2018-09-19 07:37:36.000
130417172,Philipp,f,2021-10-22 21:46:23.000,2021-10-22 21:46:23.000
130455688,Ana,f,2021-11-07 23:22:05.000,2021-11-07 23:22:05.000
130606116,Sandra,f,2017-05-27 22:51:34.000,2017-05-27 22:51:34.000
130642857,Marie,f,2018-04-29 11:01:35.000,2018-04-29 11:01:35.000
130708708,Davis,f,2019-08-27 23:46:43.000,2019-08-27 23:46:43.000
130723111,Jan,t,2020-06-18 20:59:59.000,2020-06-18 20:59:59.000
130745473,Marie-Lena,f,2017-06-24 02:47:28.000,2017-06-24 02:47:28.000
130765483,Marie,f,2017-05-16 10:24:43.000,2017-05-16 10:24:43.000
130788462,Marion,f,2017-05-25 10:15:04.000,2017-05-25 10:15:04.000
130804613,Naomi,f,2018-04-01 20:18:00.000,2018-04-01 20:18:00.000
130860321,Carsta,f,2018-01-08 18:29:47.000,2018-01-08 18:29:47.000
130862348,Moeez,f,2021-11-11 05:08:24.000,2021-11-11 05:08:24.000
130882058,Michel,f,2020-06-23 08:55:23.000,2020-06-23 08:55:23.000
130902643,Baldassarre,f,2017-05-13 08:26:38.000,2017-05-13 08:26:38.000
131008128,Fenil,f,2021-11-06 17:47:31.000,2021-11-06 17:47:31.000
131013911,Malte,f,2018-06-16 03:20:49.000,2018-06-16 03:20:49.000
131016430,Jojo,f,2017-05-21 10:19:59.000,2017-05-21 10:19:59.000
131022052,Stephan,f,2017-07-02 23:33:18.000,2017-07-02 23:33:18.000
131023649,Kaoru,f,2018-10-25 08:54:18.000,2018-10-25 08:54:18.000
131184702,Jana,f,2021-10-31 23:35:28.000,2021-10-31 23:35:28.000
131307982,Oliver,f,2021-11-06 14:56:49.000,2021-11-06 14:56:49.000
131410199,Kara,f,2017-06-28 22:58:28.000,2017-06-28 22:58:28.000
131458895,Nathalie,t,2017-07-07 07:42:29.000,2017-07-07 07:42:29.000
131496623,Alexia,f,2021-11-19 01:14:33.000,2021-11-19 01:14:33.000
131581007,Michael,f,2017-06-07 08:04:37.000,2017-06-07 08:04:37.000
131658946,Valentine,f,2021-11-19 00:25:27.000,2021-11-19 00:25:27.000
131730019,Victoria,f,2017-06-23 04:12:07.000,2017-06-23 04:12:07.000
131732018,Josi,f,2017-05-15 01:29:48.000,2017-05-15 01:29:48.000
131751159,Betti,f,2017-07-23 02:22:47.000,2017-07-23 02:22:47.000
131759611,Jana,f,2017-08-11 16:24:10.000,2017-08-11 16:24:10.000
131795693,Leonid,f,2017-06-01 18:58:38.000,2017-06-01 18:58:38.000
131866575,Carmen,f,2019-07-18 15:43:08.000,2019-07-18 15:43:08.000
131877141,Tanja,t,2017-05-26 04:27:07.000,2017-05-26 04:27:07.000
131900840,Darya,f,2021-10-24 14:59:45.000,2021-10-24 14:59:45.000
131964045,Felix,f,2018-10-27 09:12:56.000,2018-10-27 09:12:56.000
132018082,Sebastian,f,2017-09-29 13:07:49.000,2017-09-29 13:07:49.000
132019649,Dörte,t,2017-05-24 06:19:29.000,2017-05-24 06:19:29.000
132041285,Michael,t,2020-01-29 10:23:22.000,2020-01-29 10:23:22.000
132051214,Stefan,f,2021-10-30 18:09:55.000,2021-10-30 18:09:55.000
132182217,Olaf,f,2021-08-25 00:57:31.000,2021-08-25 00:57:31.000
132186836,Heidi,t,2017-09-02 23:01:19.000,2017-09-02 23:01:19.000
132214067,Elijah,f,2018-02-14 09:58:03.000,2018-02-14 09:58:03.000
132262366,Roza,f,2019-12-30 01:16:26.000,2019-12-30 01:16:26.000
132284125,Roman,f,2020-01-29 22:37:08.000,2020-01-29 22:37:08.000
132289488,Emilie,f,2020-07-05 03:12:17.000,2020-07-05 03:12:17.000
132294358,Khaled,f,2021-11-06 20:49:29.000,2021-11-06 20:49:29.000
132302162,Khaled,f,2021-11-16 07:30:11.000,2021-11-16 07:30:11.000
132341848,Georg,f,2018-09-06 20:26:42.000,2018-09-06 20:26:42.000
132351059,Stefan,f,2017-07-24 19:30:19.000,2017-07-24 19:30:19.000
132373045,Uwe P.,f,2021-10-21 08:20:58.000,2021-10-21 08:20:58.000
132391283,Max,f,2018-07-22 14:28:57.000,2018-07-22 14:28:57.000
132398218,Sylvia,t,2019-05-23 21:51:16.000,2019-05-23 21:51:16.000
132422109,Patricia,f,2021-04-17 07:33:00.000,2021-04-17 07:33:00.000
132482693,Sophie,f,2021-10-27 17:46:49.000,2021-10-27 17:46:49.000
132494540,Lais,f,2017-05-25 07:43:04.000,2017-05-25 07:43:04.000
132573311,Sascha,f,2021-11-11 13:29:24.000,2021-11-11 13:29:24.000
132617275,Marcos,f,2017-06-07 13:44:37.000,2017-06-07 13:44:37.000
132642015,Lennart,f,2017-06-04 05:00:27.000,2017-06-04 05:00:27.000
132691240,A,f,2018-07-19 20:41:25.000,2018-07-19 20:41:25.000
132696650,Johanna,f,2020-03-01 09:45:37.000,2020-03-01 09:45:37.000
132743140,Dirk,t,2017-10-18 07:55:54.000,2017-10-18 07:55:54.000
132776124,Christian,f,2019-10-06 03:02:22.000,2019-10-06 03:02:22.000
132786791,Melvin,f,2017-10-22 06:45:14.000,2017-10-22 06:45:14.000
132792599,Mariemma,f,2018-07-21 07:49:18.000,2018-07-21 07:49:18.000
132810080,Songyul,f,2017-06-05 01:20:23.000,2017-06-05 01:20:23.000
133073482,Natali,f,2017-07-01 04:54:35.000,2017-07-01 04:54:35.000
133082684,Celine,f,2017-06-12 16:37:13.000,2017-06-12 16:37:13.000
133085267,Michael,t,2017-06-03 16:08:49.000,2017-06-03 16:08:49.000
133108895,Barbara,f,2017-07-20 14:28:49.000,2017-07-20 14:28:49.000
133112915,Jemima,f,2017-09-19 22:53:47.000,2017-09-19 22:53:47.000
133133332,Maya,f,2017-11-10 05:40:22.000,2017-11-10 05:40:22.000
133134456,Najat,f,2017-05-24 04:01:41.000,2017-05-24 04:01:41.000
133200232,Richard,f,2017-06-22 10:57:54.000,2017-06-22 10:57:54.000
133204372,Ahmad,f,2017-06-10 14:51:26.000,2017-06-10 14:51:26.000
133206170,Elnaz,f,2017-09-20 23:08:45.000,2017-09-20 23:08:45.000
133241858,Valentin,f,2021-09-30 18:33:22.000,2021-09-30 18:33:22.000
133264787,Berit,t,2019-05-01 12:42:56.000,2019-05-01 12:42:56.000
133340583,Roni,f,2021-11-15 06:26:17.000,2021-11-15 06:26:17.000
133417034,Annett,t,2017-06-11 01:51:26.000,2017-06-11 01:51:26.000
133511150,Peggy,f,2019-03-06 00:49:52.000,2019-03-06 00:49:52.000
133513514,Ada,t,2017-06-09 13:16:14.000,2017-06-09 13:16:14.000
133525369,Lavinia,f,2019-12-08 08:25:05.000,2019-12-08 08:25:05.000
133528978,Luca,f,2017-08-07 05:02:24.000,2017-08-07 05:02:24.000
133561665,Melanie,f,2017-06-12 18:11:45.000,2017-06-12 18:11:45.000
133606335,Liza,f,2017-06-23 17:20:47.000,2017-06-23 17:20:47.000
133676293,Selim,f,2021-10-28 14:06:36.000,2021-10-28 14:06:36.000
133712344,Jens,t,2019-01-14 00:51:05.000,2019-01-14 00:51:05.000
133743061,Max,f,2018-08-07 08:04:38.000,2018-08-07 08:04:38.000
133791762,Michael,f,2018-03-04 21:14:19.000,2018-03-04 21:14:19.000
133893786,Juliet,f,2019-08-27 17:37:42.000,2019-08-27 17:37:42.000
133962830,Gustav Manuel,f,2017-08-23 23:26:44.000,2017-08-23 23:26:44.000
133979084,Sophia,f,2019-10-03 19:55:30.000,2019-10-03 19:55:30.000
134056490,Anna,f,2021-10-29 09:26:58.000,2021-10-29 09:26:58.000
134086549,Andreas,f,2017-09-15 04:24:18.000,2017-09-15 04:24:18.000
134115755,Sandra,f,2017-07-11 20:30:57.000,2017-07-11 20:30:57.000
134230098,Felicitas,f,2021-06-28 10:24:00.000,2021-06-28 10:24:00.000
134377307,Anita,f,2021-11-19 22:07:55.000,2021-11-19 22:07:55.000
134482995,Susanne,t,2017-06-22 06:01:04.000,2017-06-22 06:01:04.000
134486558,Mariya,f,2017-12-19 16:17:03.000,2017-12-19 16:17:03.000
134528684,Simone,f,2019-07-06 03:03:40.000,2019-07-06 03:03:40.000
134531165,Jady,f,2017-08-16 12:20:06.000,2017-08-16 12:20:06.000
134533413,Ben,f,2017-06-20 09:46:40.000,2017-06-20 09:46:40.000
134567040,Noam,f,2021-11-12 19:07:14.000,2021-11-12 19:07:14.000
134577478,Janine,f,2018-08-21 03:31:26.000,2018-08-21 03:31:26.000
134660693,Lasse,f,2017-06-29 23:21:50.000,2017-06-29 23:21:50.000
134703376,Hailing,f,2017-07-30 05:24:52.000,2017-07-30 05:24:52.000
134836864,Louisa,f,2021-10-21 13:35:15.000,2021-10-21 13:35:15.000
134888659,Johannes,f,2017-06-13 14:46:43.000,2017-06-13 14:46:43.000
135022884,Toscha,f,2017-07-27 15:10:22.000,2017-07-27 15:10:22.000
135079397,Micha,t,2017-12-24 21:56:42.000,2017-12-24 21:56:42.000
135094311,Sophie,f,2021-10-22 04:57:51.000,2021-10-22 04:57:51.000
135108541,Tanja,f,2018-09-06 07:27:29.000,2018-09-06 07:27:29.000
135181062,Anh Viet,f,2018-01-23 08:52:36.000,2018-01-23 08:52:36.000
135339937,H,f,2017-06-08 22:37:52.000,2017-06-08 22:37:52.000
135401571,Karolin,f,2019-04-23 10:41:56.000,2019-04-23 10:41:56.000
135447140,Andres,f,2019-12-24 20:39:45.000,2019-12-24 20:39:45.000
135486083,Ingeborg,t,2017-06-23 15:06:04.000,2017-06-23 15:06:04.000
135491185,Kateryna,f,2018-05-31 14:30:28.000,2018-05-31 14:30:28.000
135512748,Jan,f,2017-11-05 11:08:39.000,2017-11-05 11:08:39.000
135558934,Mareike,f,2017-12-24 22:16:45.000,2017-12-24 22:16:45.000
135647491,Ana João,f,2017-09-28 21:35:00.000,2017-09-28 21:35:00.000
135708189,Coraline,f,2021-10-29 10:00:10.000,2021-10-29 10:00:10.000
135719373,Solara,f,2017-06-18 01:50:30.000,2017-06-18 01:50:30.000
135765867,Evgene,f,2020-08-14 03:39:29.000,2020-08-14 03:39:29.000
135803791,Jendrik,f,2017-09-25 09:38:40.000,2017-09-25 09:38:40.000
135837161,Danny,f,2018-09-06 11:33:19.000,2018-09-06 11:33:19.000
135837636,Matthew,f,2019-03-12 20:57:29.000,2019-03-12 20:57:29.000
135888405,Maresa,f,2017-08-12 12:32:34.000,2017-08-12 12:32:34.000
135968870,Emily,f,2017-07-29 05:02:36.000,2017-07-29 05:02:36.000
135973285,BKLV Management GmbH,f,2017-07-27 09:38:37.000,2017-07-27 09:38:37.000
136012764,Nico,f,2017-09-01 06:23:50.000,2017-09-01 06:23:50.000
136027273,Biggi,f,2019-10-29 01:41:42.000,2019-10-29 01:41:42.000
136047855,Andrzej,f,2017-07-11 21:46:49.000,2017-07-11 21:46:49.000
136221891,Cassandra,f,2017-06-30 11:23:31.000,2017-06-30 11:23:31.000
136238495,Carla,f,2020-01-10 06:12:20.000,2020-01-10 06:12:20.000
136254362,Christina,f,2021-11-11 06:03:11.000,2021-11-11 06:03:11.000
136376910,Tima,f,2021-10-28 14:53:39.000,2021-10-28 14:53:39.000
136475015,Rebecca,f,2020-08-16 19:52:18.000,2020-08-16 19:52:18.000
136528302,Heide,f,2021-10-25 07:10:26.000,2021-10-25 07:10:26.000
136562176,Vincent,t,2017-06-17 08:37:29.000,2017-06-17 08:37:29.000
136592624,Enes,f,2021-11-05 03:50:26.000,2021-11-05 03:50:26.000
136620375,Ira,f,2017-07-31 22:08:01.000,2017-07-31 22:08:01.000
136711229,Luis,f,2017-08-14 09:07:50.000,2017-08-14 09:07:50.000
136735926,Jakob,f,2019-10-18 07:03:21.000,2019-10-18 07:03:21.000
136778923,Jim,f,2019-03-16 16:37:39.000,2019-03-16 16:37:39.000
136790649,Irina,f,2017-08-29 23:38:40.000,2017-08-29 23:38:40.000
136790781,Nic,f,2017-06-28 03:28:27.000,2017-06-28 03:28:27.000
136793045,Valerie,f,2019-06-21 06:33:36.000,2019-06-21 06:33:36.000
136869310,Mirjam,f,2017-07-30 16:33:41.000,2017-07-30 16:33:41.000
136871133,Anette,f,2017-06-21 21:38:16.000,2017-06-21 21:38:16.000
136877562,Katrin,f,2017-07-28 22:17:14.000,2017-07-28 22:17:14.000
136891295,Stephan,t,2017-08-04 21:48:02.000,2017-08-04 21:48:02.000
136910746,Henning & Ariane,t,2017-07-02 17:53:49.000,2017-07-02 17:53:49.000
137023784,Maja,f,2019-07-18 11:48:25.000,2019-07-18 11:48:25.000
137042044,Philip,f,2018-03-02 12:16:20.000,2018-03-02 12:16:20.000
137046287,Josua,f,2018-06-08 15:42:31.000,2018-06-08 15:42:31.000
137048205,Isidora,f,2021-09-11 14:01:43.000,2021-09-11 14:01:43.000
137113876,Jonas,f,2021-11-08 10:27:32.000,2021-11-08 10:27:32.000
137127518,Deniz,f,2017-06-27 19:54:49.000,2017-06-27 19:54:49.000
137139897,Damien,f,2017-07-10 05:25:50.000,2017-07-10 05:25:50.000
137151447,Yaser,f,2019-02-15 18:46:21.000,2019-02-15 18:46:21.000
137226755,Günter,t,2017-07-13 22:43:46.000,2017-07-13 22:43:46.000
137313530,Hyeyoung,t,2017-06-26 05:52:02.000,2017-06-26 05:52:02.000
137500445,Ambra&Tonina,f,2017-07-03 19:47:24.000,2017-07-03 19:47:24.000
137521866,Ferdinand,f,2017-07-04 21:34:50.000,2017-07-04 21:34:50.000
137526197,Arnas,f,2017-07-13 20:34:53.000,2017-07-13 20:34:53.000
137531534,Tom,f,2017-07-09 19:51:16.000,2017-07-09 19:51:16.000
137534455,Julia,f,2018-08-29 19:51:28.000,2018-08-29 19:51:28.000
137554233,Heiko,f,2017-07-04 15:44:26.000,2017-07-04 15:44:26.000
137609668,Matthias,f,2017-11-05 13:50:36.000,2017-11-05 13:50:36.000
137613137,Felix,f,2019-04-05 17:31:34.000,2019-04-05 17:31:34.000
137624537,Karen,f,2017-07-08 07:21:02.000,2017-07-08 07:21:02.000
137665108,Lukas,f,2017-12-14 23:42:13.000,2017-12-14 23:42:13.000
137684052,Melanie,f,2017-07-08 00:02:31.000,2017-07-08 00:02:31.000
137692311,Ben,f,2021-11-03 15:58:02.000,2021-11-03 15:58:02.000
137787528,Asen,f,2017-08-13 08:58:02.000,2017-08-13 08:58:02.000
137840262,Fredi,f,2021-10-28 04:37:59.000,2021-10-28 04:37:59.000
137846664,Claudia,f,2019-04-10 17:46:38.000,2019-04-10 17:46:38.000
137855943,Renate,f,2019-11-21 01:33:31.000,2019-11-21 01:33:31.000
137947688,Janina,f,2017-06-25 14:05:16.000,2017-06-25 14:05:16.000
137948494,Salina,f,2021-11-15 14:24:08.000,2021-11-15 14:24:08.000
137991811,Mona,t,2017-07-09 18:41:48.000,2017-07-09 18:41:48.000
138031330,Till,f,2019-12-06 06:26:42.000,2019-12-06 06:26:42.000
138037657,Ema,f,2019-08-15 16:35:57.000,2019-08-15 16:35:57.000
138113329,Maya,f,2021-11-02 01:44:27.000,2021-11-02 01:44:27.000
138117479,Christine,f,2020-04-20 03:48:12.000,2020-04-20 03:48:12.000
138139463,Mona,f,2017-07-18 17:19:44.000,2017-07-18 17:19:44.000
138155182,Sabrina,f,2017-07-13 13:20:48.000,2017-07-13 13:20:48.000
138197126,Karin,f,2017-07-12 17:35:30.000,2017-07-12 17:35:30.000
138199921,Kathrin,f,2018-05-13 13:01:56.000,2018-05-13 13:01:56.000
138228310,Thayabaran,f,2021-11-13 04:06:59.000,2021-11-13 04:06:59.000
138287361,M,f,2017-07-04 01:37:04.000,2017-07-04 01:37:04.000
138301344,Eva,f,2021-09-05 12:21:47.000,2021-09-05 12:21:47.000
138310021,Birgül,f,2021-10-03 10:07:00.000,2021-10-03 10:07:00.000
138339132,Anita,f,2018-09-10 17:14:19.000,2018-09-10 17:14:19.000
138342508,Johanna,f,2017-07-03 19:39:35.000,2017-07-03 19:39:35.000
138374469,Susa,f,2017-10-18 04:39:43.000,2017-10-18 04:39:43.000
138382060,Rico,f,2018-02-16 19:27:16.000,2018-02-16 19:27:16.000
138389003,Andrés Felipe,t,2019-08-03 10:35:13.000,2019-08-03 10:35:13.000
138400590,Gurli,f,2017-07-10 15:33:42.000,2017-07-10 15:33:42.000
138456419,Somar,t,2019-08-25 17:36:03.000,2019-08-25 17:36:03.000
138469409,Anke,f,2017-12-27 17:26:55.000,2017-12-27 17:26:55.000
138541821,Simone-Anita,f,2017-10-09 07:44:41.000,2017-10-09 07:44:41.000
138541947,Sandra,f,2021-11-03 16:46:18.000,2021-11-03 16:46:18.000
138592590,Lucas,f,2017-06-27 14:13:38.000,2017-06-27 14:13:38.000
138658157,Franky,f,2019-01-31 11:56:22.000,2019-01-31 11:56:22.000
138694757,Jenny,f,2021-11-19 09:26:31.000,2021-11-19 09:26:31.000
138694839,Alexey,f,2020-01-11 03:13:20.000,2020-01-11 03:13:20.000
138862667,Agnes,f,2018-07-03 16:12:28.000,2018-07-03 16:12:28.000
138882839,Julia,f,2019-11-30 16:52:17.000,2019-11-30 16:52:17.000
138890572,Claire,t,2019-03-02 16:41:15.000,2019-03-02 16:41:15.000
138893815,Julia,f,2017-07-01 15:08:46.000,2017-07-01 15:08:46.000
138932926,Lutz,t,2017-08-06 17:22:40.000,2017-08-06 17:22:40.000
138966822,Leon,f,2017-09-15 20:41:15.000,2017-09-15 20:41:15.000
138978749,Kira,f,2017-10-01 05:02:51.000,2017-10-01 05:02:51.000
139041679,Johir,f,2021-10-24 01:29:26.000,2021-10-24 01:29:26.000
139054697,Silvia,f,2017-07-11 14:52:12.000,2017-07-11 14:52:12.000
139078310,Leo,t,2017-07-11 13:26:22.000,2017-07-11 13:26:22.000
139165461,Vural,f,2017-06-29 07:16:21.000,2017-06-29 07:16:21.000
139266357,Paulina,f,2017-07-11 02:58:40.000,2017-07-11 02:58:40.000
139284593,Astrid,f,2021-10-28 11:22:54.000,2021-10-28 11:22:54.000
139289486,Janne,f,2017-07-02 19:58:53.000,2017-07-02 19:58:53.000
139365696,Jonas,f,2017-07-29 15:43:25.000,2017-07-29 15:43:25.000
139368327,Dorothee,f,2017-09-20 08:41:38.000,2017-09-20 08:41:38.000
139477313,Hanne,f,2021-11-11 10:03:12.000,2021-11-11 10:03:12.000
139491466,Stella,f,2017-08-02 22:05:13.000,2017-08-02 22:05:13.000
139580852,Nana,f,2017-07-15 02:43:01.000,2017-07-15 02:43:01.000
139660630,Fritz,f,2017-07-17 07:08:27.000,2017-07-17 07:08:27.000
139686504,Simon,f,2021-11-11 22:15:13.000,2021-11-11 22:15:13.000
139689873,Atréyu,f,2018-06-23 13:22:38.000,2018-06-23 13:22:38.000
139801844,Norma,f,2021-09-07 07:17:22.000,2021-09-07 07:17:22.000
139843282,Maria,f,2017-07-12 10:26:41.000,2017-07-12 10:26:41.000
139849911,Laura,f,2019-12-28 20:28:00.000,2019-12-28 20:28:00.000
139976274,Maddin,f,2021-11-06 21:24:27.000,2021-11-06 21:24:27.000
139990695,Zarah,f,2018-12-05 16:02:07.000,2018-12-05 16:02:07.000
140000073,Joanna,f,2019-05-25 16:45:09.000,2019-05-25 16:45:09.000
140044723,Nina,f,2017-07-27 12:03:37.000,2017-07-27 12:03:37.000
140110384,Gaelle,f,2017-07-08 01:15:04.000,2017-07-08 01:15:04.000
140276377,Tanya,f,2017-07-19 08:52:52.000,2017-07-19 08:52:52.000
140381251,Felix,f,2017-07-17 15:57:57.000,2017-07-17 15:57:57.000
140383163,Clementine,f,2017-08-01 21:16:57.000,2017-08-01 21:16:57.000
140384224,Jürgen,f,2017-07-18 21:22:53.000,2017-07-18 21:22:53.000
140389798,Tanya,f,2018-12-28 06:52:51.000,2018-12-28 06:52:51.000
140425948,Felix,t,2019-11-06 02:33:31.000,2019-11-06 02:33:31.000
140452065,Matt,f,2019-05-19 07:58:04.000,2019-05-19 07:58:04.000
140552793,Gesa,f,2019-10-15 11:06:02.000,2019-10-15 11:06:02.000
140564891,Dimi,t,2018-08-27 00:26:40.000,2018-08-27 00:26:40.000
140685978,Christian,f,2017-09-05 22:57:42.000,2017-09-05 22:57:42.000
140734566,Kilian,f,2017-07-15 05:12:35.000,2017-07-15 05:12:35.000
140739823,Ruth,f,2017-09-22 02:26:45.000,2017-09-22 02:26:45.000
140756304,Doreen,f,2019-10-26 01:44:31.000,2019-10-26 01:44:31.000
140907812,Polina,f,2019-07-18 19:22:30.000,2019-07-18 19:22:30.000
140998983,Florian,f,2019-10-18 17:23:59.000,2019-10-18 17:23:59.000
141084339,Benjamin,f,2017-07-27 06:48:29.000,2017-07-27 06:48:29.000
141099389,Andrea,f,2018-02-18 06:32:59.000,2018-02-18 06:32:59.000
141104498,Sirine,f,2019-02-10 10:13:24.000,2019-02-10 10:13:24.000
141107828,Lea,f,2021-10-29 10:02:15.000,2021-10-29 10:02:15.000
141121715,Annika,f,2017-09-09 19:07:15.000,2017-09-09 19:07:15.000
141142060,Julia,f,2017-09-09 01:03:18.000,2017-09-09 01:03:18.000
141195043,Alex,f,2018-10-18 19:09:39.000,2018-10-18 19:09:39.000
141287147,Victoria,f,2017-07-24 23:32:56.000,2017-07-24 23:32:56.000
141289136,Melouka,f,2021-11-18 23:18:58.000,2021-11-18 23:18:58.000
141321575,Jens,f,2018-12-14 23:35:53.000,2018-12-14 23:35:53.000
141343216,Hannes,f,2017-07-23 11:23:36.000,2017-07-23 11:23:36.000
141383674,Nataly,f,2019-04-30 02:22:25.000,2019-04-30 02:22:25.000
141387020,Carsten,f,2018-08-24 23:32:54.000,2018-08-24 23:32:54.000
141465955,Tani,f,2021-03-26 05:51:34.000,2021-03-26 05:51:34.000
141505876,Paul,f,2021-09-26 14:14:50.000,2021-09-26 14:14:50.000
141532354,Dirk,f,2018-02-01 16:20:24.000,2018-02-01 16:20:24.000
141535399,Firman,f,2021-06-25 08:40:03.000,2021-06-25 08:40:03.000
141539959,Novasol,f,2021-10-24 00:47:59.000,2021-10-24 00:47:59.000
141545714,Novasol,f,2021-11-16 00:00:17.000,2021-11-16 00:00:17.000
141555611,Karolina,f,2021-10-31 13:28:46.000,2021-10-31 13:28:46.000
141564400,Peter,f,2019-07-13 18:12:56.000,2019-07-13 18:12:56.000
141569739,Yelo,f,2017-07-19 23:29:16.000,2017-07-19 23:29:16.000
141729905,Oliver,f,2020-08-25 11:20:37.000,2020-08-25 11:20:37.000
141807223,Claudia,f,2017-09-19 12:59:07.000,2017-09-19 12:59:07.000
141850184,Osman Mikail,f,2021-10-29 04:38:26.000,2021-10-29 04:38:26.000
141882829,Johanna,f,2018-03-18 13:44:30.000,2018-03-18 13:44:30.000
141981627,Wenke,f,2017-07-20 17:52:01.000,2017-07-20 17:52:01.000
142017908,Stephan,f,2019-08-07 10:33:45.000,2019-08-07 10:33:45.000
142090954,Qiaohui,f,2017-08-25 06:22:56.000,2017-08-25 06:22:56.000
142121889,Anette,f,2021-11-01 05:11:12.000,2021-11-01 05:11:12.000
142222370,Andreas,f,2017-07-14 04:11:25.000,2017-07-14 04:11:25.000
142225616,Larissa,f,2017-07-20 19:40:53.000,2017-07-20 19:40:53.000
142369976,Ricardo,f,2021-10-31 07:00:05.000,2021-10-31 07:00:05.000
142370812,Michaelle,f,2017-08-14 13:35:07.000,2017-08-14 13:35:07.000
142371970,Roman,t,2019-01-16 22:39:37.000,2019-01-16 22:39:37.000
142377055,Madeleine,f,2017-08-17 08:05:50.000,2017-08-17 08:05:50.000
142397558,Tsvetonina,f,2017-07-30 00:53:51.000,2017-07-30 00:53:51.000
142414903,Tobias,f,2017-08-09 22:43:31.000,2017-08-09 22:43:31.000
142453324,Baris,f,2017-07-21 22:35:12.000,2017-07-21 22:35:12.000
142479872,Jan,f,2017-07-22 16:46:45.000,2017-07-22 16:46:45.000
142575003,Marlene,f,2021-11-19 16:15:44.000,2021-11-19 16:15:44.000
142577838,Anja,f,2017-09-30 01:38:43.000,2017-09-30 01:38:43.000
142620384,"Make Love, Not War",f,2018-02-22 21:57:01.000,2018-02-22 21:57:01.000
142629020,Dominik,f,2017-08-09 12:38:13.000,2017-08-09 12:38:13.000
142629483,Dana,f,2017-08-07 18:14:34.000,2017-08-07 18:14:34.000
142644626,Irem,f,2017-09-21 17:50:14.000,2017-09-21 17:50:14.000
142649872,Alexandre,f,2021-10-27 13:29:15.000,2021-10-27 13:29:15.000
142740376,Franz,f,2021-11-10 19:29:09.000,2021-11-10 19:29:09.000
142763725,Denia,f,2021-10-25 02:34:50.000,2021-10-25 02:34:50.000
142805727,Thu,f,2017-11-20 15:55:01.000,2017-11-20 15:55:01.000
142873524,Sascha,f,2017-08-18 15:07:40.000,2017-08-18 15:07:40.000
142948812,Ali,f,2021-11-16 06:24:19.000,2021-11-16 06:24:19.000
142956222,Jörg,f,2020-02-17 10:42:18.000,2020-02-17 10:42:18.000
143039462,Daniel,f,2018-04-12 05:44:23.000,2018-04-12 05:44:23.000
143118066,Martin,f,2019-08-13 01:02:48.000,2019-08-13 01:02:48.000
143133779,Viktoria,f,2017-08-09 16:47:38.000,2017-08-09 16:47:38.000
143152853,Göki,f,2017-08-27 10:16:03.000,2017-08-27 10:16:03.000
143161292,Daniel,f,2017-09-08 18:15:55.000,2017-09-08 18:15:55.000
143275455,Eugen,f,2021-11-15 08:10:33.000,2021-11-15 08:10:33.000
143337998,Minka,f,2017-07-27 06:21:19.000,2017-07-27 06:21:19.000
143381607,Munnie,f,2021-10-27 14:15:44.000,2021-10-27 14:15:44.000
143456084,Luis Abel,f,2021-11-18 02:02:47.000,2021-11-18 02:02:47.000
143533694,Judith,f,2020-03-09 16:12:47.000,2020-03-09 16:12:47.000
143578919,Michelle,f,2018-04-11 10:48:53.000,2018-04-11 10:48:53.000
143656303,Jelka,f,2017-07-23 15:21:22.000,2017-07-23 15:21:22.000
143658738,Moritz,f,2017-07-26 13:20:38.000,2017-07-26 13:20:38.000
143660348,Jasmin,f,2018-09-04 09:35:11.000,2018-09-04 09:35:11.000
143662647,Eva,f,2018-04-26 18:05:13.000,2018-04-26 18:05:13.000
143667305,Jonas,f,2017-07-28 11:03:54.000,2017-07-28 11:03:54.000
143679982,Frida,f,2017-09-21 04:40:22.000,2017-09-21 04:40:22.000
143702110,Karoline,t,2019-06-17 23:03:27.000,2019-06-17 23:03:27.000
143745627,Helena,f,2021-11-13 01:39:43.000,2021-11-13 01:39:43.000
143758834,Ena,f,2017-10-09 09:28:22.000,2017-10-09 09:28:22.000
143776846,Manfred,t,2017-08-31 03:12:22.000,2017-08-31 03:12:22.000
143778350,Maria,f,2020-08-31 03:25:25.000,2020-08-31 03:25:25.000
143786251,Yvonne,f,2021-07-18 15:20:39.000,2021-07-18 15:20:39.000
143864119,Jamie,f,2017-08-02 03:18:06.000,2017-08-02 03:18:06.000
143885714,Max,t,2017-11-22 23:02:10.000,2017-11-22 23:02:10.000
143887135,Edmond,f,2017-08-04 21:47:36.000,2017-08-04 21:47:36.000
143888260,Henrietta,f,2017-08-26 14:06:13.000,2017-08-26 14:06:13.000
143939464,Vanessa,f,2021-11-17 14:31:13.000,2021-11-17 14:31:13.000
144028720,Arma,f,2017-08-01 22:17:30.000,2017-08-01 22:17:30.000
144037511,Gare,f,2021-09-09 20:07:57.000,2021-09-09 20:07:57.000
144049466,Antje,f,2017-11-19 05:57:48.000,2017-11-19 05:57:48.000
144067810,Jette,f,2021-10-31 18:02:39.000,2021-10-31 18:02:39.000
144071533,Lars,f,2017-08-27 20:28:12.000,2017-08-27 20:28:12.000
144159301,Maximilian,f,2017-07-24 22:35:56.000,2017-07-24 22:35:56.000
144217475,Joseph,f,2019-08-01 02:14:42.000,2019-08-01 02:14:42.000
144219167,Lewis,f,2017-09-11 08:33:31.000,2017-09-11 08:33:31.000
144221026,Uwe,f,2017-09-22 16:26:32.000,2017-09-22 16:26:32.000
144225005,Daniel,t,2017-09-17 03:32:15.000,2017-09-17 03:32:15.000
144225725,Maxi Isabel,f,2021-10-29 05:05:21.000,2021-10-29 05:05:21.000
144236700,Jean,f,2017-07-29 21:21:20.000,2017-07-29 21:21:20.000
144246862,Alison,f,2017-08-06 01:27:16.000,2017-08-06 01:27:16.000
144280995,Melanie,f,2018-12-12 06:02:25.000,2018-12-12 06:02:25.000
144317028,Laszlo,f,2021-10-22 20:04:39.000,2021-10-22 20:04:39.000
144324303,David,f,2017-08-05 14:07:30.000,2017-08-05 14:07:30.000
144343389,Felix,f,2017-08-02 04:12:37.000,2017-08-02 04:12:37.000
144539713,Julia And Javier,f,2017-08-18 14:24:18.000,2017-08-18 14:24:18.000
144561234,Christin,f,2017-07-29 03:14:02.000,2017-07-29 03:14:02.000
144566924,Kerstin A.,t,2017-09-18 20:55:48.000,2017-09-18 20:55:48.000
144581483,Cecilia,f,2017-09-25 21:16:46.000,2017-09-25 21:16:46.000
144733454,Lea,f,2019-10-18 07:36:57.000,2019-10-18 07:36:57.000
144772018,Martin,f,2020-06-19 23:31:27.000,2020-06-19 23:31:27.000
144775899,Janes,f,2021-11-18 09:34:11.000,2021-11-18 09:34:11.000
144848273,Cindy,f,2020-10-02 00:20:01.000,2020-10-02 00:20:01.000
144848485,Yang,t,2017-08-06 07:07:39.000,2017-08-06 07:07:39.000
144898293,Vivien,f,2017-07-31 15:35:25.000,2017-07-31 15:35:25.000
144900129,Vince,f,2021-11-14 10:00:49.000,2021-11-14 10:00:49.000
144925518,Erika,f,2017-08-25 15:54:46.000,2017-08-25 15:54:46.000
144925926,Hans,f,2017-09-13 03:54:32.000,2017-09-13 03:54:32.000
144935691,Senta,f,2021-10-23 01:30:48.000,2021-10-23 01:30:48.000
144971043,Kubra,f,2021-10-22 17:05:41.000,2021-10-22 17:05:41.000
144985319,Carolin,f,2017-09-17 04:28:33.000,2017-09-17 04:28:33.000
145003509,Maiara,f,2021-11-16 18:25:01.000,2021-11-16 18:25:01.000
145026168,Birger,f,2017-12-01 00:18:46.000,2017-12-01 00:18:46.000
145036521,Martin,f,2021-02-25 23:36:04.000,2021-02-25 23:36:04.000
145102722,Stéphanie,f,2018-08-21 09:50:01.000,2018-08-21 09:50:01.000
145109679,Mart,f,2017-10-08 23:52:55.000,2017-10-08 23:52:55.000
145115329,Alexander,f,2017-08-04 11:50:01.000,2017-08-04 11:50:01.000
145122277,Nilou,f,2017-08-19 11:28:30.000,2017-08-19 11:28:30.000
145171768,Louis,f,2021-11-01 10:42:16.000,2021-11-01 10:42:16.000
145195446,Siful,f,2020-02-07 11:42:19.000,2020-02-07 11:42:19.000
145299147,Tim,f,2017-08-15 17:25:44.000,2017-08-15 17:25:44.000
145329160,Lina,f,2019-07-14 21:41:29.000,2019-07-14 21:41:29.000
145462435,Rachel,f,2017-08-09 04:00:17.000,2017-08-09 04:00:17.000
145501953,Gonzalo,f,2018-03-30 08:55:23.000,2018-03-30 08:55:23.000
145528967,Ebi,f,2020-07-05 17:16:42.000,2020-07-05 17:16:42.000
145535056,Feras,f,2018-05-10 14:06:20.000,2018-05-10 14:06:20.000
145598606,Clarissa,f,2017-09-16 06:12:05.000,2017-09-16 06:12:05.000
145606388,Janos,f,2017-08-03 07:46:28.000,2017-08-03 07:46:28.000
145638315,Piet,f,2017-09-06 04:09:43.000,2017-09-06 04:09:43.000
145654689,Kevin,f,2021-11-05 01:00:45.000,2021-11-05 01:00:45.000
145677064,Ammar,f,2021-11-18 04:12:56.000,2021-11-18 04:12:56.000
145677360,Ahmed,f,2019-09-17 05:37:20.000,2019-09-17 05:37:20.000
145776171,Martyna,f,2019-02-04 13:56:45.000,2019-02-04 13:56:45.000
145847044,Monika,f,2017-12-17 02:50:06.000,2017-12-17 02:50:06.000
145851424,Ioan,f,2018-08-17 14:11:56.000,2018-08-17 14:11:56.000
145860110,Annemarie,f,2020-07-02 00:03:19.000,2020-07-02 00:03:19.000
145915159,Irina,f,2017-08-26 19:56:49.000,2017-08-26 19:56:49.000
145924089,Yaroslav,f,2017-09-12 08:18:29.000,2017-09-12 08:18:29.000
145925563,Katharina,f,2017-08-18 06:44:16.000,2017-08-18 06:44:16.000
145932555,Alja,t,2021-08-24 18:06:25.000,2021-08-24 18:06:25.000
145938760,Paul,f,2020-08-24 18:19:21.000,2020-08-24 18:19:21.000
145945558,Maria,t,2017-09-05 15:54:49.000,2017-09-05 15:54:49.000
145952587,Mohanad,f,2020-08-03 17:15:21.000,2020-08-03 17:15:21.000
146068168,Maxim,t,2021-05-24 09:37:10.000,2021-05-24 09:37:10.000
146095198,Roman,f,2021-06-29 19:50:08.000,2021-06-29 19:50:08.000
146102494,Tao,f,2021-11-05 23:42:41.000,2021-11-05 23:42:41.000
146152283,Tina,f,2017-10-20 15:21:25.000,2017-10-20 15:21:25.000
146172450,Marco,f,2018-02-27 23:02:59.000,2018-02-27 23:02:59.000
146188376,Carolin,f,2021-11-01 19:19:01.000,2021-11-01 19:19:01.000
146189249,Rotem,f,2021-08-12 05:09:27.000,2021-08-12 05:09:27.000
146246629,Evi,t,2019-03-15 03:58:52.000,2019-03-15 03:58:52.000
146255143,Maxi,f,2017-08-18 05:39:43.000,2017-08-18 05:39:43.000
146257153,Hotel,f,2018-06-05 17:06:51.000,2018-06-05 17:06:51.000
146267347,Yiy,t,2021-07-18 15:46:23.000,2021-07-18 15:46:23.000
146275008,Gloria,f,2017-09-09 08:20:41.000,2017-09-09 08:20:41.000
146292657,Chelsea,f,2019-12-24 23:06:08.000,2019-12-24 23:06:08.000
146309690,Gsus,f,2017-08-17 20:17:07.000,2017-08-17 20:17:07.000
146311938,Alexander,f,2018-06-27 22:04:24.000,2018-06-27 22:04:24.000
146314165,Wolfgang,f,2017-09-15 00:47:32.000,2017-09-15 00:47:32.000
146462134,René,f,2017-08-28 02:58:33.000,2017-08-28 02:58:33.000
146503051,Lennart,f,2021-10-30 08:07:03.000,2021-10-30 08:07:03.000
146706943,Jörg,f,2021-11-14 07:35:58.000,2021-11-14 07:35:58.000
146725782,Ruslana,f,2021-10-22 06:33:14.000,2021-10-22 06:33:14.000
146852988,Soni,f,2017-08-23 14:57:14.000,2017-08-23 14:57:14.000
146867535,Sarah,f,2017-08-22 20:25:19.000,2017-08-22 20:25:19.000
146917637,Norbert,t,2017-09-01 17:54:37.000,2017-09-01 17:54:37.000
146921416,Josef,f,2021-11-16 13:11:02.000,2021-11-16 13:11:02.000
146932052,Samuel,t,2018-10-21 15:29:32.000,2018-10-21 15:29:32.000
147010308,Julian,f,2017-09-10 14:48:34.000,2017-09-10 14:48:34.000
147017679,Andre,f,2018-11-23 17:21:50.000,2018-11-23 17:21:50.000
147033784,Nic,f,2019-06-12 06:48:11.000,2019-06-12 06:48:11.000
147084189,Ramón,f,2021-11-12 05:45:59.000,2021-11-12 05:45:59.000
147197555,Constantin,t,2021-07-12 16:30:19.000,2021-07-12 16:30:19.000
147233889,Rebecca,f,2019-04-15 14:35:45.000,2019-04-15 14:35:45.000
147262098,Robert,t,2020-06-18 03:03:53.000,2020-06-18 03:03:53.000
147264254,Maria,f,2019-03-21 06:00:50.000,2019-03-21 06:00:50.000
147307976,Johanna,t,2017-09-18 05:02:25.000,2017-09-18 05:02:25.000
147333430,Viola,t,2018-06-12 00:42:29.000,2018-06-12 00:42:29.000
147333604,B,f,2021-11-16 23:19:41.000,2021-11-16 23:19:41.000
147338099,Henriette,f,2019-12-14 00:20:39.000,2019-12-14 00:20:39.000
147349597,Rowan,f,2021-11-11 02:28:59.000,2021-11-11 02:28:59.000
147350012,Alexandra,f,2021-08-14 15:49:21.000,2021-08-14 15:49:21.000
147365723,Said,f,2017-09-05 15:54:47.000,2017-09-05 15:54:47.000
147380955,Vanessa,f,2021-10-28 01:04:56.000,2021-10-28 01:04:56.000
147400872,Melanie,t,2018-12-24 06:45:35.000,2018-12-24 06:45:35.000
147416475,Frank,f,2018-01-30 13:18:57.000,2018-01-30 13:18:57.000
147461101,Lilli,f,2018-12-21 09:51:00.000,2018-12-21 09:51:00.000
147476710,João,f,2017-08-16 05:20:00.000,2017-08-16 05:20:00.000
147477128,Juliane,f,2017-12-22 17:05:05.000,2017-12-22 17:05:05.000
147483471,Armin,f,2018-05-17 15:53:06.000,2018-05-17 15:53:06.000
147499255,Diana,f,2021-11-16 14:33:58.000,2021-11-16 14:33:58.000
147509237,Io,f,2017-08-21 22:59:13.000,2017-08-21 22:59:13.000
147540927,Regine,f,2018-10-18 04:04:15.000,2018-10-18 04:04:15.000
147554743,Jannik,f,2021-08-19 08:10:07.000,2021-08-19 08:10:07.000
147556938,Elvira,f,2020-04-03 21:33:01.000,2020-04-03 21:33:01.000
147616944,Luisa,f,2020-05-19 03:05:11.000,2020-05-19 03:05:11.000
147637927,Dirk,f,2017-08-17 10:19:30.000,2017-08-17 10:19:30.000
147647876,Dharma Mati,t,2018-06-18 00:09:48.000,2018-06-18 00:09:48.000
147733977,Hasna,f,2019-09-01 13:22:59.000,2019-09-01 13:22:59.000
147900315,Carmen,f,2017-08-31 16:33:38.000,2017-08-31 16:33:38.000
147940339,Sare,f,2018-08-02 11:33:16.000,2018-08-02 11:33:16.000
147962405,Elli,f,2017-10-03 19:33:06.000,2017-10-03 19:33:06.000
147980920,Caterina,f,2020-07-26 05:13:25.000,2020-07-26 05:13:25.000
148028927,Laura,f,2017-08-31 19:43:20.000,2017-08-31 19:43:20.000
148054076,Markus,f,2018-11-13 11:12:37.000,2018-11-13 11:12:37.000
148126779,Adam,f,2018-10-05 07:26:34.000,2018-10-05 07:26:34.000
148159846,Shan,f,2019-12-19 13:21:33.000,2019-12-19 13:21:33.000
148173822,Kadaf,f,2021-03-20 20:36:45.000,2021-03-20 20:36:45.000
148226214,Sebastian,f,2018-12-02 01:24:38.000,2018-12-02 01:24:38.000
148246039,Lasse,f,2017-09-05 08:14:38.000,2017-09-05 08:14:38.000
148278791,Henry,t,2017-10-24 01:38:10.000,2017-10-24 01:38:10.000
148315489,Catharina,t,2017-12-06 08:01:22.000,2017-12-06 08:01:22.000
148327306,Michael,f,2017-09-08 12:42:08.000,2017-09-08 12:42:08.000
148359251,Alex,f,2019-01-04 22:14:08.000,2019-01-04 22:14:08.000
148372430,Hagen,f,2021-11-06 01:12:15.000,2021-11-06 01:12:15.000
148479451,Anika,f,2018-09-03 01:55:29.000,2018-09-03 01:55:29.000
148493593,Senem,f,2019-03-19 17:35:40.000,2019-03-19 17:35:40.000
148556325,Samuel,f,2019-09-05 08:05:02.000,2019-09-05 08:05:02.000
148563382,Caren,f,2019-07-21 12:38:19.000,2019-07-21 12:38:19.000
148720255,Ahmed,t,2017-09-21 03:09:14.000,2017-09-21 03:09:14.000
148759231,Domenico,f,2017-08-29 03:56:01.000,2017-08-29 03:56:01.000
148772147,Julia,f,2017-09-12 16:10:39.000,2017-09-12 16:10:39.000
148777265,Ruediger,f,2017-09-04 01:33:09.000,2017-09-04 01:33:09.000
148882615,Nene,f,2020-01-14 18:36:25.000,2020-01-14 18:36:25.000
148896750,Nina,f,2017-09-25 02:55:50.000,2017-09-25 02:55:50.000
148919487,Andrej,t,2021-11-05 17:00:42.000,2021-11-05 17:00:42.000
148929909,Yevhen,f,2018-05-30 10:45:00.000,2018-05-30 10:45:00.000
148945283,Luise,f,2018-12-22 06:39:45.000,2018-12-22 06:39:45.000
149041963,Stephanie,f,2019-02-23 13:12:11.000,2019-02-23 13:12:11.000
149079144,Lukas,f,2020-07-08 14:52:57.000,2020-07-08 14:52:57.000
149085794,Simon,f,2019-05-18 17:22:01.000,2019-05-18 17:22:01.000
149107378,Ursula,t,2017-09-07 14:26:36.000,2017-09-07 14:26:36.000
149151975,Rita,f,2021-11-19 08:39:45.000,2021-11-19 08:39:45.000
149214480,Julia,f,2018-08-26 16:29:16.000,2018-08-26 16:29:16.000
149280376,Jana,f,2017-09-10 02:11:18.000,2017-09-10 02:11:18.000
149281575,Stefan,f,2017-09-17 03:50:30.000,2017-09-17 03:50:30.000
149376247,Valeria,f,2021-10-29 12:28:52.000,2021-10-29 12:28:52.000
149386594,Sonja,f,2018-01-07 17:05:09.000,2018-01-07 17:05:09.000
149388216,Viktoria,f,2018-05-01 19:31:14.000,2018-05-01 19:31:14.000
149414041,Daniel,f,2021-11-11 13:16:03.000,2021-11-11 13:16:03.000
149512212,Nad JA,f,2021-10-23 08:23:03.000,2021-10-23 08:23:03.000
149517162,Natalie,f,2018-02-04 07:50:10.000,2018-02-04 07:50:10.000
149567193,Paula,f,2017-09-07 21:48:18.000,2017-09-07 21:48:18.000
149575511,Dominik,f,2021-09-12 11:49:17.000,2021-09-12 11:49:17.000
149620956,Gino,t,2019-03-15 20:46:54.000,2019-03-15 20:46:54.000
149669030,Paweł,f,2021-10-28 16:31:29.000,2021-10-28 16:31:29.000
149702381,Lorenzo,f,2018-07-05 19:38:01.000,2018-07-05 19:38:01.000
149705259,Mémona,f,2018-12-25 22:41:43.000,2018-12-25 22:41:43.000
149810826,Wilfried,t,2019-07-18 23:06:22.000,2019-07-18 23:06:22.000
149817209,Andre,f,2019-08-03 05:31:26.000,2019-08-03 05:31:26.000
149831593,Mnatsakan,f,2021-11-07 17:04:28.000,2021-11-07 17:04:28.000
149840246,Carole,f,2019-03-25 13:42:11.000,2019-03-25 13:42:11.000
149847726,Ben,f,2020-08-09 13:47:05.000,2020-08-09 13:47:05.000
150107423,Christine,f,2018-03-20 18:11:53.000,2018-03-20 18:11:53.000
150288766,Patrick,f,2021-11-19 11:15:55.000,2021-11-19 11:15:55.000
150388261,Jürgen,f,2017-09-28 06:04:35.000,2017-09-28 06:04:35.000
150416272,Frank,f,2017-11-17 01:06:42.000,2017-11-17 01:06:42.000
150433612,Smadar,t,2018-09-21 11:10:37.000,2018-09-21 11:10:37.000
150486946,Ani,f,2017-12-03 18:50:57.000,2017-12-03 18:50:57.000
150545454,Tilman,t,2018-05-26 22:19:16.000,2018-05-26 22:19:16.000
150552459,Yavuz,f,2017-09-17 14:01:24.000,2017-09-17 14:01:24.000
150558400,Christoph,f,2017-09-16 22:56:20.000,2017-09-16 22:56:20.000
150583289,Christian,f,2021-10-22 06:19:14.000,2021-10-22 06:19:14.000
150585572,Marianna,f,2019-10-02 01:29:52.000,2019-10-02 01:29:52.000
150595694,Christina,f,2017-09-24 13:03:47.000,2017-09-24 13:03:47.000
150604066,Gidon,f,2019-11-13 05:12:39.000,2019-11-13 05:12:39.000
150617696,Nadia,f,2017-09-18 20:25:29.000,2017-09-18 20:25:29.000
150662672,Bettina,t,2020-08-19 01:51:40.000,2020-08-19 01:51:40.000
150678920,Max,f,2020-02-13 12:13:58.000,2020-02-13 12:13:58.000
150690907,Mara,f,2021-11-16 15:42:07.000,2021-11-16 15:42:07.000
150722178,Igors,t,2019-02-22 09:45:40.000,2019-02-22 09:45:40.000
150820338,Lea,f,2020-02-22 07:59:47.000,2020-02-22 07:59:47.000
150936032,Laurence,f,2019-11-19 07:21:46.000,2019-11-19 07:21:46.000
150945043,Diego,f,2021-11-06 14:27:04.000,2021-11-06 14:27:04.000
151046242,Monika,t,2017-09-30 16:01:43.000,2017-09-30 16:01:43.000
151048441,Ingo,f,2017-11-10 13:29:25.000,2017-11-10 13:29:25.000
151072686,Enrico,f,2021-11-17 11:05:57.000,2021-11-17 11:05:57.000
151094122,Romy,f,2018-04-26 13:58:25.000,2018-04-26 13:58:25.000
151231271,Heiko,f,2017-04-16 00:38:29.000,2017-04-16 00:38:29.000
151242394,Jan,f,2017-09-21 05:20:28.000,2017-09-21 05:20:28.000
151249828,Tabea,f,2017-09-22 12:38:02.000,2017-09-22 12:38:02.000
151281639,Michaella,f,2017-09-17 18:43:26.000,2017-09-17 18:43:26.000
151284276,Julius,t,2019-07-21 04:17:16.000,2019-07-21 04:17:16.000
151358145,David,t,2017-10-25 09:32:58.000,2017-10-25 09:32:58.000
151363906,Pawel,f,2021-11-10 08:16:03.000,2021-11-10 08:16:03.000
151399764,Anatole,f,2018-11-29 08:59:12.000,2018-11-29 08:59:12.000
151405010,Ilona,f,2021-07-17 00:03:31.000,2021-07-17 00:03:31.000
151419849,Jasper,f,2021-10-28 22:32:46.000,2021-10-28 22:32:46.000
151481778,Sabine,f,2018-06-21 18:12:12.000,2018-06-21 18:12:12.000
151496165,Fabian,f,2021-11-17 17:54:22.000,2021-11-17 17:54:22.000
151652241,Aurelie,f,2017-09-17 15:53:22.000,2017-09-17 15:53:22.000
151694237,Sagir,f,2017-12-19 06:21:21.000,2017-12-19 06:21:21.000
151735530,Ines,f,2017-09-19 22:33:32.000,2017-09-19 22:33:32.000
151751375,Friederike,f,2018-07-21 14:40:54.000,2018-07-21 14:40:54.000
151860699,Marina,f,2018-12-19 06:38:51.000,2018-12-19 06:38:51.000
151865812,Sigbert,t,2017-10-30 16:37:42.000,2017-10-30 16:37:42.000
151875878,Juliette,f,2021-06-18 09:59:24.000,2021-06-18 09:59:24.000
151876378,Evyonne,f,2017-10-28 09:54:07.000,2017-10-28 09:54:07.000
151888238,Fadeih,t,2017-11-14 20:59:17.000,2017-11-14 20:59:17.000
151902367,Barbara,f,2017-10-14 20:28:57.000,2017-10-14 20:28:57.000
151909278,Eric,f,2017-10-06 13:11:29.000,2017-10-06 13:11:29.000
151945185,Pablo,f,2019-05-30 00:27:59.000,2019-05-30 00:27:59.000
151987301,Matthias,t,2017-10-03 17:36:15.000,2017-10-03 17:36:15.000
151987790,Sharmilaa,f,2021-11-05 15:11:08.000,2021-11-05 15:11:08.000
152021828,Sarah,f,2019-05-28 19:23:39.000,2019-05-28 19:23:39.000
152038394,Homa,f,2018-02-17 11:01:53.000,2018-02-17 11:01:53.000
152043224,Teresa,f,2017-09-24 21:24:53.000,2017-09-24 21:24:53.000
152060313,Thomas,f,2021-11-12 01:02:59.000,2021-11-12 01:02:59.000
152068633,Philipp,f,2021-11-18 16:32:43.000,2021-11-18 16:32:43.000
152089057,Zeff,f,2019-09-05 17:35:33.000,2019-09-05 17:35:33.000
152131941,Alexander,f,2021-09-28 18:57:02.000,2021-09-28 18:57:02.000
152133936,Jessica,f,2020-07-19 12:24:05.000,2020-07-19 12:24:05.000
152139325,Marius,f,2017-09-17 23:23:16.000,2017-09-17 23:23:16.000
152172293,Sinali,f,2017-10-27 07:31:20.000,2017-10-27 07:31:20.000
152172436,Valya,f,2017-11-25 21:47:24.000,2017-11-25 21:47:24.000
152190309,Rosanne,f,2017-10-07 00:41:23.000,2017-10-07 00:41:23.000
152197298,Manana,f,2017-10-23 03:39:35.000,2017-10-23 03:39:35.000
152414341,Hesham,f,2021-11-19 12:45:44.000,2021-11-19 12:45:44.000
152439926,Sofiya,f,2018-07-27 09:01:30.000,2018-07-27 09:01:30.000
152562968,Johannes,f,2017-10-01 23:37:33.000,2017-10-01 23:37:33.000
152636521,Ourania,f,2021-11-02 05:25:48.000,2021-11-02 05:25:48.000
152669366,Angela,f,2018-08-24 00:04:12.000,2018-08-24 00:04:12.000
152688610,Leonardo,f,2018-03-19 15:49:47.000,2018-03-19 15:49:47.000
152741718,Merlin,f,2019-03-17 21:23:51.000,2019-03-17 21:23:51.000
152782015,Christiane,f,2021-10-23 05:56:49.000,2021-10-23 05:56:49.000
152834885,Gjorgi,f,2019-08-25 19:36:49.000,2019-08-25 19:36:49.000
152843202,Frank,f,2021-10-31 13:51:19.000,2021-10-31 13:51:19.000
152957218,Ricarda Céline,f,2018-02-14 20:21:18.000,2018-02-14 20:21:18.000
153286671,Frank,f,2017-10-06 10:51:53.000,2017-10-06 10:51:53.000
153293311,Daria,f,2019-05-09 10:50:52.000,2019-05-09 10:50:52.000
153368326,Akshata,f,2019-02-02 20:29:17.000,2019-02-02 20:29:17.000
153496416,Jens Und Stefanie,t,2017-10-25 14:53:52.000,2017-10-25 14:53:52.000
153553069,Frida,f,2021-11-09 19:06:34.000,2021-11-09 19:06:34.000
153604052,Mostafa,f,2019-07-30 06:22:31.000,2019-07-30 06:22:31.000
153613792,Ricardo,f,2019-10-08 22:50:36.000,2019-10-08 22:50:36.000
153658211,Yumin,t,2019-08-24 04:58:58.000,2019-08-24 04:58:58.000
153717454,Athina,f,2017-10-28 07:55:16.000,2017-10-28 07:55:16.000
153723110,Maria,f,2018-01-01 18:18:05.000,2018-01-01 18:18:05.000
153745268,Antje,f,2021-10-28 04:28:04.000,2021-10-28 04:28:04.000
153776774,Ivo,f,2018-01-21 22:49:53.000,2018-01-21 22:49:53.000
153855047,Theresa,f,2017-11-26 18:33:51.000,2017-11-26 18:33:51.000
153893002,Lena,f,2021-10-31 10:38:09.000,2021-10-31 10:38:09.000
153911309,Silke,f,2017-10-23 15:03:13.000,2017-10-23 15:03:13.000
153923983,Alessio (Aisha),f,2017-10-08 15:11:12.000,2017-10-08 15:11:12.000
154000683,Viv,f,2021-07-30 11:15:37.000,2021-07-30 11:15:37.000
154009154,Miriam,f,2019-02-06 09:12:14.000,2019-02-06 09:12:14.000
154010280,Maria,t,2020-01-03 05:15:12.000,2020-01-03 05:15:12.000
154028156,Mikail,f,2018-05-01 05:29:22.000,2018-05-01 05:29:22.000
154053702,Caro,f,2017-10-21 16:08:24.000,2017-10-21 16:08:24.000
154077755,Armin,t,2017-12-23 16:16:33.000,2017-12-23 16:16:33.000
154081600,Anna,f,2021-10-05 03:57:26.000,2021-10-05 03:57:26.000
154173240,Floor,f,2021-11-05 22:22:17.000,2021-11-05 22:22:17.000
154222592,Adam,f,2017-10-17 19:47:11.000,2017-10-17 19:47:11.000
154279461,Bang,f,2017-10-26 02:19:22.000,2017-10-26 02:19:22.000
154300188,Jette,f,2019-03-29 11:46:36.000,2019-03-29 11:46:36.000
154304214,Fadi,f,2021-10-29 04:42:03.000,2021-10-29 04:42:03.000
154315544,Anja,f,2017-12-30 23:46:01.000,2017-12-30 23:46:01.000
154320149,Nina,f,2019-08-07 22:36:40.000,2019-08-07 22:36:40.000
154364163,Gabriel,f,2020-07-26 16:32:08.000,2020-07-26 16:32:08.000
154382625,Jürgen,f,2018-07-10 05:27:16.000,2018-07-10 05:27:16.000
154388151,Nick,f,2021-11-18 08:35:54.000,2021-11-18 08:35:54.000
154444049,Ralph,f,2017-10-05 04:12:46.000,2017-10-05 04:12:46.000
154459928,Cla,f,2021-11-17 15:59:36.000,2021-11-17 15:59:36.000
154473416,Maycon,t,2018-06-27 19:56:25.000,2018-06-27 19:56:25.000
154497701,Erdem,f,2017-10-24 07:43:47.000,2017-10-24 07:43:47.000
154549465,Antonia,f,2017-10-13 11:16:31.000,2017-10-13 11:16:31.000
154637218,Berlin,f,2021-10-24 10:03:25.000,2021-10-24 10:03:25.000
154653929,Stefan,f,2021-11-17 09:05:17.000,2021-11-17 09:05:17.000
154840825,Hernan,f,2021-05-23 22:05:26.000,2021-05-23 22:05:26.000
154843007,Hanna,f,2017-10-12 23:21:30.000,2017-10-12 23:21:30.000
154852945,Kathrin,f,2018-07-01 13:37:55.000,2018-07-01 13:37:55.000
154917279,Martin,f,2021-07-17 06:40:37.000,2021-07-17 06:40:37.000
154966496,Emilie,f,2019-08-26 12:03:21.000,2019-08-26 12:03:21.000
155005411,Milad,f,2017-10-19 08:37:20.000,2017-10-19 08:37:20.000
155080787,Dorothée,f,2017-11-25 21:28:45.000,2017-11-25 21:28:45.000
155094795,Anke,f,2018-04-29 23:09:05.000,2018-04-29 23:09:05.000
155105708,Sören,f,2017-11-28 13:25:50.000,2017-11-28 13:25:50.000
155140624,Max,f,2017-10-17 17:54:19.000,2017-10-17 17:54:19.000
155181125,Tea,f,2021-10-24 23:24:21.000,2021-10-24 23:24:21.000
155186849,Erich,f,2017-11-29 14:55:43.000,2017-11-29 14:55:43.000
155205098,Johannes,t,2017-10-31 21:59:05.000,2017-10-31 21:59:05.000
155245530,David,f,2018-12-27 18:13:30.000,2018-12-27 18:13:30.000
155387306,Jenny,f,2017-10-16 04:30:46.000,2017-10-16 04:30:46.000
155406724,Florian,f,2017-10-19 20:44:04.000,2017-10-19 20:44:04.000
155419137,Mahmoud,f,2021-08-14 11:17:43.000,2021-08-14 11:17:43.000
155705496,Kathrin,f,2020-12-31 21:10:58.000,2020-12-31 21:10:58.000
155722828,Long,f,2018-02-20 01:07:18.000,2018-02-20 01:07:18.000
155733596,Ilias,f,2017-11-10 03:02:38.000,2017-11-10 03:02:38.000
155753831,Ionela,f,2021-11-13 05:00:35.000,2021-11-13 05:00:35.000
155786874,Francisco,t,2019-07-07 01:27:59.000,2019-07-07 01:27:59.000
155791747,Thekla,t,2019-05-03 12:47:58.000,2019-05-03 12:47:58.000
155814934,Karin-Bernd,t,2019-01-31 22:00:01.000,2019-01-31 22:00:01.000
155814966,Pietro,f,2020-05-25 12:37:59.000,2020-05-25 12:37:59.000
155933640,Sunny,f,2017-10-25 13:54:10.000,2017-10-25 13:54:10.000
155937178,Johanna,f,2021-06-14 07:30:14.000,2021-06-14 07:30:14.000
156028691,Ronja,f,2019-06-06 20:06:06.000,2019-06-06 20:06:06.000
156046558,Anthony,t,2018-09-03 05:39:26.000,2018-09-03 05:39:26.000
156048701,Torsten,f,2021-07-01 02:13:04.000,2021-07-01 02:13:04.000
156200092,Brigitte Und Uwe,f,2017-11-23 07:43:41.000,2017-11-23 07:43:41.000
156200360,Beate,f,2017-11-09 21:59:24.000,2017-11-09 21:59:24.000
156213282,Adryan,t,2017-11-03 02:59:37.000,2017-11-03 02:59:37.000
156220851,Cristiana,f,2021-06-16 17:32:56.000,2021-06-16 17:32:56.000
156222101,Nurettin,f,2017-12-30 08:22:39.000,2017-12-30 08:22:39.000
156284295,Max,f,2017-10-20 04:54:46.000,2017-10-20 04:54:46.000
156314830,Pedro,t,2017-11-05 01:48:30.000,2017-11-05 01:48:30.000
156349618,Martin,f,2017-12-10 21:19:47.000,2017-12-10 21:19:47.000
156401628,Nadine,f,2021-10-22 18:08:07.000,2021-10-22 18:08:07.000
156412952,Lorenza,t,2019-09-20 03:31:12.000,2019-09-20 03:31:12.000
156451506,Penne,f,2021-10-22 07:37:57.000,2021-10-22 07:37:57.000
156461453,Sebastian,f,2017-10-15 04:00:17.000,2017-10-15 04:00:17.000
156552347,Maria,t,2019-11-19 00:13:37.000,2019-11-19 00:13:37.000
156558237,Cristina,f,2020-01-02 19:28:58.000,2020-01-02 19:28:58.000
156568725,Lisa,f,2017-10-27 08:17:53.000,2017-10-27 08:17:53.000
156580537,Laurette,f,2017-12-17 06:11:39.000,2017-12-17 06:11:39.000
156632337,Ulrich,f,2017-11-17 05:17:44.000,2017-11-17 05:17:44.000
156659912,Ariane,f,2017-10-23 11:57:47.000,2017-10-23 11:57:47.000
156670178,Mahdi,f,2018-12-27 01:12:44.000,2018-12-27 01:12:44.000
156674051,Nell,f,2018-03-19 13:26:13.000,2018-03-19 13:26:13.000
156712462,Kevin,f,2021-11-06 14:20:18.000,2021-11-06 14:20:18.000
156748477,Ori,f,2018-09-09 05:59:39.000,2018-09-09 05:59:39.000
156869645,Kijana,f,2020-01-11 22:21:41.000,2020-01-11 22:21:41.000
156884055,Alexa,f,2018-08-10 02:26:12.000,2018-08-10 02:26:12.000
156908455,Hinrikus,f,2021-11-06 03:53:37.000,2021-11-06 03:53:37.000
156936686,Ana,f,2021-11-03 10:28:55.000,2021-11-03 10:28:55.000
156988172,Consuelo,f,2018-01-04 09:48:45.000,2018-01-04 09:48:45.000
157008851,Karmen,f,2020-01-29 19:58:59.000,2020-01-29 19:58:59.000
157018638,Yann,f,2018-01-16 02:59:16.000,2018-01-16 02:59:16.000
157031211,Andrea,f,2018-09-04 17:48:51.000,2018-09-04 17:48:51.000
157216702,Jose Enrique,f,2021-11-17 23:11:34.000,2021-11-17 23:11:34.000
157245700,Iryna,f,2018-05-15 06:08:33.000,2018-05-15 06:08:33.000
157253023,Maria,f,2017-12-29 16:37:20.000,2017-12-29 16:37:20.000
157294886,Adriano,f,2018-03-27 20:54:28.000,2018-03-27 20:54:28.000
157298294,Pascal,f,2019-10-16 03:21:02.000,2019-10-16 03:21:02.000
157353641,Nicolas,f,2017-11-23 09:31:21.000,2017-11-23 09:31:21.000
157399342,Aylin Nurten,f,2018-05-13 21:21:20.000,2018-05-13 21:21:20.000
157493133,Sabrina,f,2018-06-16 10:31:02.000,2018-06-16 10:31:02.000
157528531,Marein,f,2017-11-27 21:18:20.000,2017-11-27 21:18:20.000
157549462,Robert,f,2021-11-09 21:35:22.000,2021-11-09 21:35:22.000
157638980,Eileen,f,2018-07-09 05:45:23.000,2018-07-09 05:45:23.000
157644828,Blaire & Anna,t,2018-05-12 15:50:58.000,2018-05-12 15:50:58.000
157661456,Lilli,f,2018-08-09 00:47:51.000,2018-08-09 00:47:51.000
157669475,Kristina,t,2017-11-16 11:27:44.000,2017-11-16 11:27:44.000
157696761,Daniel,f,2021-11-17 02:11:21.000,2021-11-17 02:11:21.000
157803047,Darina,f,2021-10-31 23:53:40.000,2021-10-31 23:53:40.000
157823346,Damla,f,2017-11-12 01:38:43.000,2017-11-12 01:38:43.000
157886841,Ana,f,2021-10-23 03:52:40.000,2021-10-23 03:52:40.000
157950551,Ramona,f,2019-12-28 08:56:55.000,2019-12-28 08:56:55.000
158014092,Elisa,t,2018-04-24 11:26:45.000,2018-04-24 11:26:45.000
158040758,Vany,f,2021-05-16 23:16:17.000,2021-05-16 23:16:17.000
158151263,Nicholas,t,2021-04-12 19:12:03.000,2021-04-12 19:12:03.000
158204725,Andreas,f,2017-12-08 08:55:12.000,2017-12-08 08:55:12.000
158431389,Friedrich,t,2019-01-03 13:42:25.000,2019-01-03 13:42:25.000
158460764,Julia,f,2018-07-16 00:55:01.000,2018-07-16 00:55:01.000
158469533,Ahmad,f,2018-09-25 20:30:01.000,2018-09-25 20:30:01.000
158514558,Ann,f,2018-05-08 08:08:34.000,2018-05-08 08:08:34.000
158569916,Vassilios,f,2017-11-16 19:58:13.000,2017-11-16 19:58:13.000
158583764,Daniela,t,2018-07-19 15:48:20.000,2018-07-19 15:48:20.000
158664044,Jen,f,2017-12-19 15:05:14.000,2017-12-19 15:05:14.000
158688230,Alessio,t,2019-07-23 09:03:07.000,2019-07-23 09:03:07.000
158798094,Florian,f,2017-12-27 07:02:02.000,2017-12-27 07:02:02.000
158804162,Kata,f,2017-11-02 13:26:45.000,2017-11-02 13:26:45.000
158876072,Sibille,f,2017-12-02 21:38:25.000,2017-12-02 21:38:25.000
158929328,Rebecca,f,2017-12-21 16:46:21.000,2017-12-21 16:46:21.000
158959100,Trine,f,2017-11-24 08:34:05.000,2017-11-24 08:34:05.000
158982787,Max,f,2018-11-25 08:54:29.000,2018-11-25 08:54:29.000
159002202,Bibiana,f,2019-06-27 09:21:02.000,2019-06-27 09:21:02.000
159023005,Sebastián,f,2019-12-05 23:14:59.000,2019-12-05 23:14:59.000
159054347,Valérie,f,2017-12-22 18:02:39.000,2017-12-22 18:02:39.000
159069280,Josephine,f,2021-11-12 18:59:52.000,2021-11-12 18:59:52.000
159084133,Holde,f,2021-11-07 03:53:46.000,2021-11-07 03:53:46.000
159086267,Jasmin,f,2019-06-20 13:54:57.000,2019-06-20 13:54:57.000
159181918,Ele,f,2017-11-25 14:47:01.000,2017-11-25 14:47:01.000
159275740,Fritz,t,2020-06-16 06:06:44.000,2020-06-16 06:06:44.000
159278372,Julie,f,2017-11-22 17:14:34.000,2017-11-22 17:14:34.000
159321901,Mick,f,2017-11-24 20:58:31.000,2017-11-24 20:58:31.000
159365432,Ixchel,f,2021-09-04 22:00:35.000,2021-09-04 22:00:35.000
159440612,Lion,f,2017-11-22 22:28:13.000,2017-11-22 22:28:13.000
159468349,Dennis,f,2021-11-02 16:15:01.000,2021-11-02 16:15:01.000
159540062,Maike,f,2018-06-09 12:23:19.000,2018-06-09 12:23:19.000
159603007,Steffi,t,2017-12-08 23:27:25.000,2017-12-08 23:27:25.000
159609896,Moritz,f,2017-12-26 17:22:59.000,2017-12-26 17:22:59.000
159614605,Carlos,f,2021-11-18 17:41:26.000,2021-11-18 17:41:26.000
159639261,Alex,f,2021-11-17 07:19:10.000,2021-11-17 07:19:10.000
159701548,Marcel,f,2017-12-13 11:41:36.000,2017-12-13 11:41:36.000
159831846,Mark,f,2021-11-01 04:30:51.000,2021-11-01 04:30:51.000
159842798,Henri,f,2019-02-26 22:36:08.000,2019-02-26 22:36:08.000
159890884,Lina Burcu,f,2021-08-20 17:16:05.000,2021-08-20 17:16:05.000
159921408,Lilly,f,2018-02-18 21:50:11.000,2018-02-18 21:50:11.000
159938913,Irantzu,f,2021-11-03 13:37:14.000,2021-11-03 13:37:14.000
159953124,Jordi,f,2018-12-14 03:42:47.000,2018-12-14 03:42:47.000
160029799,Luca,f,2021-09-22 14:22:48.000,2021-09-22 14:22:48.000
160031705,Amina,f,2021-05-28 04:14:21.000,2021-05-28 04:14:21.000
160037121,Jonas,t,2018-02-23 18:52:30.000,2018-02-23 18:52:30.000
160045464,Jascha,f,2017-11-24 18:15:53.000,2017-11-24 18:15:53.000
160046811,Daniele,f,2017-12-11 06:57:53.000,2017-12-11 06:57:53.000
160050727,Carolin,f,2021-10-22 03:57:30.000,2021-10-22 03:57:30.000
160057066,Natalia,f,2018-04-22 03:27:22.000,2018-04-22 03:27:22.000
160178706,Adasa,f,2018-04-23 11:41:09.000,2018-04-23 11:41:09.000
160184461,Mario,f,2017-12-28 08:41:18.000,2017-12-28 08:41:18.000
160283585,Sandra,t,2017-12-15 18:14:52.000,2017-12-15 18:14:52.000
160296770,Lea,f,2021-11-07 10:01:35.000,2021-11-07 10:01:35.000
160338519,Angele,f,2019-02-21 22:04:28.000,2019-02-21 22:04:28.000
160397411,Daniel,f,2019-10-26 19:57:54.000,2019-10-26 19:57:54.000
160408388,Nils,f,2017-12-16 22:02:46.000,2017-12-16 22:02:46.000
160545973,Elke,t,2018-02-07 17:42:39.000,2018-02-07 17:42:39.000
160563462,Willi,f,2017-12-27 08:21:24.000,2017-12-27 08:21:24.000
160604605,Monika,f,2018-01-13 20:44:22.000,2018-01-13 20:44:22.000
160617542,Veronika,t,2018-10-21 13:15:15.000,2018-10-21 13:15:15.000
160648874,Salibi,f,2021-07-09 23:27:06.000,2021-07-09 23:27:06.000
160821265,Robin,t,2020-08-12 17:00:24.000,2020-08-12 17:00:24.000
160823100,GaboTest,f,2021-11-15 08:11:10.000,2021-11-15 08:11:10.000
160825827,Hipolito,f,2017-12-20 00:23:35.000,2017-12-20 00:23:35.000
160830896,Michele,f,2017-11-23 05:19:41.000,2017-11-23 05:19:41.000
160861534,Gabriele,f,2017-12-21 19:33:28.000,2017-12-21 19:33:28.000
161005730,YourHost,f,2018-02-14 21:01:04.000,2018-02-14 21:01:04.000
161079051,Ben,f,2018-03-23 14:58:00.000,2018-03-23 14:58:00.000
161112400,David,f,2017-12-21 12:51:26.000,2017-12-21 12:51:26.000
161112787,Wolfram,t,2017-12-26 15:38:17.000,2017-12-26 15:38:17.000
161114176,Khloud,f,2021-10-28 00:59:27.000,2021-10-28 00:59:27.000
161122393,Maike,f,2018-01-02 15:14:05.000,2018-01-02 15:14:05.000
161127590,Christian,f,2021-10-30 08:00:27.000,2021-10-30 08:00:27.000
161130903,Tam,f,2018-03-19 04:58:30.000,2018-03-19 04:58:30.000
161137873,Anne-Marie,f,2021-10-28 13:15:44.000,2021-10-28 13:15:44.000
161209453,Lukas,f,2021-11-04 09:01:33.000,2021-11-04 09:01:33.000
161264668,Gabi,f,2017-12-14 03:35:23.000,2017-12-14 03:35:23.000
161285882,Can You,f,2017-12-06 20:54:26.000,2017-12-06 20:54:26.000
161396202,Norbert,f,2021-11-09 10:40:26.000,2021-11-09 10:40:26.000
161409294,Rainer,f,2017-12-15 19:48:55.000,2017-12-15 19:48:55.000
161416639,Kwon,f,2017-11-30 23:47:34.000,2017-11-30 23:47:34.000
161438581,Dona,t,2019-08-31 13:55:00.000,2019-08-31 13:55:00.000
161525311,Petra,t,2017-12-12 02:28:48.000,2017-12-12 02:28:48.000
161548920,Eike,f,2018-10-04 08:05:19.000,2018-10-04 08:05:19.000
161596791,Louisa,f,2017-12-13 17:38:20.000,2017-12-13 17:38:20.000
161676733,Toni,f,2020-01-16 20:23:27.000,2020-01-16 20:23:27.000
161686029,Nadine,f,2018-05-24 12:04:59.000,2018-05-24 12:04:59.000
161695600,Fabian,f,2019-07-27 10:02:14.000,2019-07-27 10:02:14.000
161720863,The Lovers,f,2017-12-07 04:50:37.000,2017-12-07 04:50:37.000
161792772,René,t,2018-03-30 04:27:53.000,2018-03-30 04:27:53.000
161822094,Liane,f,2021-11-06 19:44:47.000,2021-11-06 19:44:47.000
161867560,Isaiah,f,2019-07-22 09:56:05.000,2019-07-22 09:56:05.000
161985915,Regine,f,2018-04-02 17:39:10.000,2018-04-02 17:39:10.000
162051955,Alina,f,2018-07-03 01:20:26.000,2018-07-03 01:20:26.000
162056711,Hussain,f,2017-12-10 05:16:10.000,2017-12-10 05:16:10.000
162057242,Dudu,f,2021-11-06 19:19:20.000,2021-11-06 19:19:20.000
162067080,Stefan,f,2017-12-31 21:48:49.000,2017-12-31 21:48:49.000
162068327,Marie-Christine,f,2018-07-22 15:16:31.000,2018-07-22 15:16:31.000
162080060,Sandra,t,2018-01-25 07:34:24.000,2018-01-25 07:34:24.000
162204203,Simon,f,2018-09-07 09:52:14.000,2018-09-07 09:52:14.000
162206864,Julia,f,2018-03-24 12:35:30.000,2018-03-24 12:35:30.000
162208870,Sasi,f,2020-08-14 20:37:53.000,2020-08-14 20:37:53.000
162227647,Thorsten,f,2020-02-10 12:06:48.000,2020-02-10 12:06:48.000
162242482,Vera,f,2018-01-03 16:03:37.000,2018-01-03 16:03:37.000
162258655,Britta,t,2019-02-02 19:16:53.000,2019-02-02 19:16:53.000
162261801,Vlad,t,2018-01-14 20:41:51.000,2018-01-14 20:41:51.000
162345707,Philipp,f,2018-07-18 01:07:38.000,2018-07-18 01:07:38.000
162378065,Gregor,t,2017-12-29 14:59:15.000,2017-12-29 14:59:15.000
162385004,Birgit,f,2021-11-13 19:50:17.000,2021-11-13 19:50:17.000
162414627,Nina,f,2018-03-09 05:54:25.000,2018-03-09 05:54:25.000
162420180,Moritz,f,2021-11-09 13:57:17.000,2021-11-09 13:57:17.000
162426994,Jivala,f,2020-09-05 22:35:51.000,2020-09-05 22:35:51.000
162561658,Yael,f,2021-03-01 01:42:45.000,2021-03-01 01:42:45.000
162615470,Michaela,f,2017-12-23 04:01:07.000,2017-12-23 04:01:07.000
162675658,Zinab,f,2020-07-31 08:40:40.000,2020-07-31 08:40:40.000
162692461,Mody,f,2019-08-17 22:27:29.000,2019-08-17 22:27:29.000
162695630,Marie,f,2021-11-13 08:38:42.000,2021-11-13 08:38:42.000
162763923,Maria,f,2021-10-29 11:38:35.000,2021-10-29 11:38:35.000
162772598,Anita,f,2019-03-01 12:22:38.000,2019-03-01 12:22:38.000
162810506,Waleed,f,2018-03-10 14:35:54.000,2018-03-10 14:35:54.000
162818111,Marcel,f,2021-10-28 23:32:56.000,2021-10-28 23:32:56.000
162819302,Bianca,t,2021-03-25 01:46:33.000,2021-03-25 01:46:33.000
162859639,Minghong,f,2021-11-03 20:16:47.000,2021-11-03 20:16:47.000
162915120,Vanessa,f,2021-11-06 14:48:36.000,2021-11-06 14:48:36.000
162917359,Tobias,f,2021-10-23 16:52:50.000,2021-10-23 16:52:50.000
162926505,Tobias,f,2019-12-25 18:29:24.000,2019-12-25 18:29:24.000
162999084,Sophie,f,2017-12-25 00:43:35.000,2017-12-25 00:43:35.000
163021657,Timm,f,2020-12-11 09:56:28.000,2020-12-11 09:56:28.000
163065208,Susanne,f,2018-01-09 20:28:47.000,2018-01-09 20:28:47.000
163128125,Heike,f,2018-07-15 21:56:51.000,2018-07-15 21:56:51.000
163138795,Oliver,f,2021-10-24 23:37:22.000,2021-10-24 23:37:22.000
163140697,Elena,f,2017-12-19 05:07:18.000,2017-12-19 05:07:18.000
163146855,Marvi,t,2017-12-30 05:09:39.000,2017-12-30 05:09:39.000
163170467,Jürgen,f,2021-10-28 18:14:06.000,2021-10-28 18:14:06.000
163176327,Katrin,f,2018-04-02 01:11:31.000,2018-04-02 01:11:31.000
163284016,Dianika,t,2018-12-30 17:14:10.000,2018-12-30 17:14:10.000
163292387,Anjuna,f,2018-03-17 22:05:02.000,2018-03-17 22:05:02.000
163315280,Polina,f,2020-10-25 08:52:30.000,2020-10-25 08:52:30.000
163404075,Bao,f,2018-08-24 12:13:15.000,2018-08-24 12:13:15.000
163438825,Rosy,f,2019-06-08 03:29:02.000,2019-06-08 03:29:02.000
163447033,Leah,t,2019-02-18 05:23:28.000,2019-02-18 05:23:28.000
163465168,Johan,f,2017-12-21 03:31:34.000,2017-12-21 03:31:34.000
163545961,Julia,f,2019-12-12 15:36:58.000,2019-12-12 15:36:58.000
163575955,Isabell,f,2017-12-30 02:40:48.000,2017-12-30 02:40:48.000
163576464,Roman,f,2018-09-25 02:35:37.000,2018-09-25 02:35:37.000
163591573,Mark,t,2019-08-17 19:07:15.000,2019-08-17 19:07:15.000
163599131,Keti,f,2019-03-11 02:00:41.000,2019-03-11 02:00:41.000
163610382,Yuri,t,2018-01-01 17:28:33.000,2018-01-01 17:28:33.000
163721406,Ingo,f,2018-02-06 05:17:00.000,2018-02-06 05:17:00.000
163829916,Hannah,t,2018-08-13 13:59:10.000,2018-08-13 13:59:10.000
164011333,Giovanni Christopher,f,2017-12-23 11:46:41.000,2017-12-23 11:46:41.000
164318684,Katharina,f,2021-06-14 06:55:48.000,2021-06-14 06:55:48.000
164350638,Chihab,f,2018-07-25 21:17:51.000,2018-07-25 21:17:51.000
164600208,Marlene,t,2018-04-23 05:39:01.000,2018-04-23 05:39:01.000
164656783,Flo,f,2017-12-29 15:29:30.000,2017-12-29 15:29:30.000
164771882,Sylvie,f,2018-02-02 09:30:17.000,2018-02-02 09:30:17.000
164836433,Luise,f,2021-10-24 00:34:16.000,2021-10-24 00:34:16.000
164973968,Amira,f,2021-11-01 20:27:19.000,2021-11-01 20:27:19.000
164991512,Manuela,f,2018-01-04 10:42:54.000,2018-01-04 10:42:54.000
164998040,Martin Und Tobias,f,2017-12-30 15:01:51.000,2017-12-30 15:01:51.000
165077669,Waltraud,t,2018-02-26 23:33:45.000,2018-02-26 23:33:45.000
165078522,Alain,f,2021-10-29 20:13:06.000,2021-10-29 20:13:06.000
165214661,Manuel,t,2019-05-14 15:56:06.000,2019-05-14 15:56:06.000
165343699,Svetlozar,f,2018-02-01 09:24:52.000,2018-02-01 09:24:52.000
165403641,Alexis,t,2018-01-11 11:07:38.000,2018-01-11 11:07:38.000
165484955,Eltayeb,f,2018-01-19 07:19:10.000,2018-01-19 07:19:10.000
165556924,Richard,f,2021-10-27 15:23:54.000,2021-10-27 15:23:54.000
165564915,Joanna,f,2016-05-06 02:09:55.000,2016-05-06 02:09:55.000
165605158,Maximiliane,f,2021-10-28 15:24:40.000,2021-10-28 15:24:40.000
165653177,Adem,f,2018-08-19 10:48:50.000,2018-08-19 10:48:50.000
165680691,Bilal,f,2021-11-03 16:28:49.000,2021-11-03 16:28:49.000
165761192,Burghardt,t,2018-01-02 11:34:42.000,2018-01-02 11:34:42.000
165920991,Mica,f,2019-11-18 00:53:42.000,2019-11-18 00:53:42.000
165950424,Levke,t,2019-05-18 07:39:21.000,2019-05-18 07:39:21.000
165957726,Khadija,f,2019-02-01 15:52:04.000,2019-02-01 15:52:04.000
165957729,Jannick,f,2021-11-19 19:56:52.000,2021-11-19 19:56:52.000
165971458,Stella,f,2020-09-30 12:37:59.000,2020-09-30 12:37:59.000
166052942,Bianka,t,2018-07-08 06:02:00.000,2018-07-08 06:02:00.000
166072891,Mimoo,f,2019-10-10 07:01:15.000,2019-10-10 07:01:15.000
166142538,Juliette,f,2018-09-30 13:18:24.000,2018-09-30 13:18:24.000
166146439,Tatjana,f,2018-01-02 13:20:51.000,2018-01-02 13:20:51.000
166163729,Sinja,f,2021-11-02 18:04:01.000,2021-11-02 18:04:01.000
166176451,Marion,t,2018-05-16 16:25:02.000,2018-05-16 16:25:02.000
166227698,Joakin,f,2021-11-14 03:56:50.000,2021-11-14 03:56:50.000
166241825,Roberto,f,2021-11-01 19:28:38.000,2021-11-01 19:28:38.000
166423400,Gvantsa,f,2021-11-15 17:33:45.000,2021-11-15 17:33:45.000
166622859,Sophia,f,2021-10-28 03:22:58.000,2021-10-28 03:22:58.000
166631548,Tanja,t,2018-02-09 23:03:45.000,2018-02-09 23:03:45.000
166649679,Henning,f,2021-11-06 00:00:05.000,2021-11-06 00:00:05.000
166731323,Anne,f,2020-05-23 09:53:16.000,2020-05-23 09:53:16.000
166769669,Sindy,t,2019-12-30 20:44:44.000,2019-12-30 20:44:44.000
166935464,Ulli,f,2019-10-03 15:10:50.000,2019-10-03 15:10:50.000
167067226,Magali,f,2018-05-18 21:34:23.000,2018-05-18 21:34:23.000
167202681,Raafat,f,2018-01-27 13:06:22.000,2018-01-27 13:06:22.000
167319423,Jens,f,2018-07-11 15:51:52.000,2018-07-11 15:51:52.000
167377690,Eli,f,2018-02-06 06:51:52.000,2018-02-06 06:51:52.000
167410436,Eileen,f,2021-10-30 02:01:32.000,2021-10-30 02:01:32.000
167483294,Susanna,f,2018-07-18 03:02:30.000,2018-07-18 03:02:30.000
167508259,Rafael,f,2021-10-27 08:08:24.000,2021-10-27 08:08:24.000
167515393,Paul,f,2018-04-01 19:08:23.000,2018-04-01 19:08:23.000
167534450,Gloria,f,2018-08-14 14:32:30.000,2018-08-14 14:32:30.000
167572635,Pablo,f,2019-10-08 04:16:20.000,2019-10-08 04:16:20.000
167652613,Hotel Tiergarten Berlin,f,2020-02-25 13:15:16.000,2020-02-25 13:15:16.000
167661838,Dirk,t,2018-03-14 13:52:35.000,2018-03-14 13:52:35.000
167679954,Anna-Lena,f,2018-01-20 12:52:22.000,2018-01-20 12:52:22.000
167778488,Ser,f,2021-10-24 08:57:14.000,2021-10-24 08:57:14.000
167862035,Louis,f,2018-01-19 12:44:57.000,2018-01-19 12:44:57.000
167881332,Eugen,f,2018-01-14 08:22:23.000,2018-01-14 08:22:23.000
167904555,Franz,f,2021-11-03 15:16:21.000,2021-11-03 15:16:21.000
167933970,Clara,f,2018-01-05 14:17:44.000,2018-01-05 14:17:44.000
167958949,Leonhard,f,2018-02-14 13:49:01.000,2018-02-14 13:49:01.000
167989119,Tatjana,f,2018-02-06 05:10:51.000,2018-02-06 05:10:51.000
168004874,Tom,t,2018-04-22 14:36:12.000,2018-04-22 14:36:12.000
168102966,Emma,f,2018-01-10 06:24:21.000,2018-01-10 06:24:21.000
168111723,喆,f,2018-08-25 23:16:44.000,2018-08-25 23:16:44.000
168128415,Erman,f,2018-01-15 03:15:03.000,2018-01-15 03:15:03.000
168167047,Jasmin,f,2018-03-05 15:34:04.000,2018-03-05 15:34:04.000
168176867,Peter,f,2018-02-01 09:53:26.000,2018-02-01 09:53:26.000
168290064,Tina,t,2018-02-03 21:31:29.000,2018-02-03 21:31:29.000
168337022,Karim,f,2019-06-12 13:50:54.000,2019-06-12 13:50:54.000
168484420,Jana,f,2018-05-02 03:51:04.000,2018-05-02 03:51:04.000
168667550,Birgit,f,2021-10-24 05:03:26.000,2021-10-24 05:03:26.000
168680858,Elisabeth,f,2018-07-06 18:15:03.000,2018-07-06 18:15:03.000
168690459,Marlon,f,2021-11-12 14:24:08.000,2021-11-12 14:24:08.000
168743858,Valeria,f,2019-03-11 04:33:30.000,2019-03-11 04:33:30.000
168852264,Kati,f,2020-04-23 17:46:17.000,2020-04-23 17:46:17.000
168953934,Samantha,f,2019-01-07 14:23:57.000,2019-01-07 14:23:57.000
169080434,Benny,f,2021-11-08 22:22:20.000,2021-11-08 22:22:20.000
169111035,Natalie,f,2018-09-26 07:40:48.000,2018-09-26 07:40:48.000
169248909,Louis,f,2021-11-03 02:56:06.000,2021-11-03 02:56:06.000
169274328,Ole,f,2021-05-30 11:38:13.000,2021-05-30 11:38:13.000
169284713,Till,f,2019-05-24 04:50:24.000,2019-05-24 04:50:24.000
169301923,Gili,f,2018-06-12 16:35:23.000,2018-06-12 16:35:23.000
169377845,Brigitte,f,2018-04-12 04:01:08.000,2018-04-12 04:01:08.000
169450739,Elena,f,2018-01-19 23:45:00.000,2018-01-19 23:45:00.000
169541670,Michael,f,2018-05-05 06:36:17.000,2018-05-05 06:36:17.000
169653605,Christian,f,2018-01-26 03:26:40.000,2018-01-26 03:26:40.000
169706663,Jerry,f,2020-01-11 12:26:54.000,2020-01-11 12:26:54.000
169709556,Mara,f,2018-02-12 15:09:08.000,2018-02-12 15:09:08.000
169711882,Rainer,f,2018-03-26 15:15:35.000,2018-03-26 15:15:35.000
169823261,Laetitia,f,2018-02-07 02:26:07.000,2018-02-07 02:26:07.000
169863788,Walentin,f,2018-02-06 03:42:33.000,2018-02-06 03:42:33.000
169885897,Lennart,f,2018-02-02 16:51:27.000,2018-02-02 16:51:27.000
169928862,Glückskind,t,2018-11-10 08:24:54.000,2018-11-10 08:24:54.000
169998526,Tobias,t,2018-07-25 12:38:24.000,2018-07-25 12:38:24.000
170150366,Tural,f,2021-11-04 11:22:15.000,2021-11-04 11:22:15.000
170150638,Ines,f,2021-11-13 21:16:54.000,2021-11-13 21:16:54.000
170153654,Paula,f,2021-11-14 16:49:12.000,2021-11-14 16:49:12.000
170212497,Simon,f,2018-09-17 04:09:55.000,2018-09-17 04:09:55.000
170258663,Oliver,t,2019-04-18 07:58:37.000,2019-04-18 07:58:37.000
170533141,Maximilian,f,2018-02-05 04:09:44.000,2018-02-05 04:09:44.000
170587432,Sebastian,t,2018-03-17 17:26:11.000,2018-03-17 17:26:11.000
170600789,Mariana,f,2019-08-30 07:17:35.000,2019-08-30 07:17:35.000
170691547,Andrea,f,2019-12-25 04:04:56.000,2019-12-25 04:04:56.000
170741752,Taner,f,2018-03-29 15:34:50.000,2018-03-29 15:34:50.000
170783254,Frank,f,2018-01-25 20:47:18.000,2018-01-25 20:47:18.000
170805616,Thien,f,2018-02-09 09:54:52.000,2018-02-09 09:54:52.000
170933809,Joana,f,2018-03-30 02:09:00.000,2018-03-30 02:09:00.000
171245106,Andrej,f,2021-09-12 08:18:03.000,2021-09-12 08:18:03.000
171252135,Marina,f,2021-08-12 15:30:09.000,2021-08-12 15:30:09.000
171261181,Stephan,t,2018-04-19 17:20:53.000,2018-04-19 17:20:53.000
171343957,Yves,t,2018-02-03 01:46:30.000,2018-02-03 01:46:30.000
171399240,Till,f,2018-01-29 01:21:06.000,2018-01-29 01:21:06.000
171527631,Cristian,f,2019-07-29 05:53:13.000,2019-07-29 05:53:13.000
171550103,Dina,t,2018-06-28 10:29:23.000,2018-06-28 10:29:23.000
171592674,Joao,f,2021-11-11 03:01:35.000,2021-11-11 03:01:35.000
171592903,Margarita,f,2021-10-29 22:51:16.000,2021-10-29 22:51:16.000
171602108,Federica,f,2021-07-07 02:20:10.000,2021-07-07 02:20:10.000
171606176,Christian,f,2018-02-26 02:54:56.000,2018-02-26 02:54:56.000
171608711,Monika,f,2018-05-10 16:28:27.000,2018-05-10 16:28:27.000
171680617,Igor,t,2019-06-02 16:51:23.000,2019-06-02 16:51:23.000
171752792,Thorsten,f,2019-08-30 14:52:36.000,2019-08-30 14:52:36.000
171777167,Cristóbal,f,2021-10-22 13:24:11.000,2021-10-22 13:24:11.000
171811733,Lina,f,2018-10-27 15:35:58.000,2018-10-27 15:35:58.000
171832891,Daniel,f,2018-03-03 03:59:54.000,2018-03-03 03:59:54.000
171863224,Mandy,t,2019-05-21 10:18:41.000,2019-05-21 10:18:41.000
171967212,Firas,f,2019-11-18 22:03:37.000,2019-11-18 22:03:37.000
171988699,Ole,f,2018-03-03 07:12:37.000,2018-03-03 07:12:37.000
172027240,Fanny,f,2021-11-14 12:05:45.000,2021-11-14 12:05:45.000
172043505,Dana,f,2021-10-26 13:54:27.000,2021-10-26 13:54:27.000
172106212,Janine,t,2020-02-03 21:26:18.000,2020-02-03 21:26:18.000
172114632,Lucian,f,2019-09-16 10:18:25.000,2019-09-16 10:18:25.000
172232819,Holiday 33,f,2018-02-22 14:33:23.000,2018-02-22 14:33:23.000
172288392,Monika,f,2021-10-28 14:38:20.000,2021-10-28 14:38:20.000
172306339,Francesca,t,2019-08-30 14:53:04.000,2019-08-30 14:53:04.000
172452402,Philipp,f,2018-06-27 10:41:31.000,2018-06-27 10:41:31.000
172458650,Eric,f,2021-10-25 07:33:41.000,2021-10-25 07:33:41.000
172469771,Zeynep,f,2019-02-24 08:41:44.000,2019-02-24 08:41:44.000
172542810,Lazar,f,2021-11-03 10:10:08.000,2021-11-03 10:10:08.000
172621762,Theresa,t,2018-02-11 05:39:05.000,2018-02-11 05:39:05.000
172630815,Li-An,f,2018-02-27 13:40:02.000,2018-02-27 13:40:02.000
172690444,M,f,2018-02-22 23:21:46.000,2018-02-22 23:21:46.000
172700050,Frank,f,2019-08-26 06:13:07.000,2019-08-26 06:13:07.000
172776577,Tom,f,2018-02-07 22:40:27.000,2018-02-07 22:40:27.000
172802977,Fallahi,f,2020-02-17 20:50:06.000,2020-02-17 20:50:06.000
172803916,Arne,f,2018-06-16 08:33:56.000,2018-06-16 08:33:56.000
172813406,Petra,f,2018-05-15 00:57:45.000,2018-05-15 00:57:45.000
172892930,Rached,f,2021-11-07 00:53:16.000,2021-11-07 00:53:16.000
172960119,Hannes,f,2018-02-12 02:45:31.000,2018-02-12 02:45:31.000
172967041,Dorina,f,2018-02-06 00:54:56.000,2018-02-06 00:54:56.000
172996111,Lesley,f,2018-03-27 06:14:07.000,2018-03-27 06:14:07.000
173179141,Sandra,f,2018-03-09 12:39:16.000,2018-03-09 12:39:16.000
173208768,Natalie,f,2018-02-23 16:05:29.000,2018-02-23 16:05:29.000
173230432,Alex,f,2017-03-11 16:07:55.000,2017-03-11 16:07:55.000
173473002,Johannes,f,2019-07-25 08:33:25.000,2019-07-25 08:33:25.000
173604722,Daniel,f,2021-11-10 23:03:21.000,2021-11-10 23:03:21.000
173606747,Juliane,f,2021-10-23 02:33:33.000,2021-10-23 02:33:33.000
173692390,Sibo,f,2018-08-22 07:46:37.000,2018-08-22 07:46:37.000
173799763,Tahelah,f,2018-03-15 13:31:23.000,2018-03-15 13:31:23.000
173922802,Daniel,f,2019-08-09 16:30:10.000,2019-08-09 16:30:10.000
173931235,Mira,f,2018-02-22 16:34:52.000,2018-02-22 16:34:52.000
173995100,Nadine,f,2019-10-10 06:04:13.000,2019-10-10 06:04:13.000
174038835,Dainaly,f,2020-09-24 02:54:31.000,2020-09-24 02:54:31.000
174047870,Edouard,f,2018-02-16 21:24:50.000,2018-02-16 21:24:50.000
174136994,Hanna,f,2018-02-28 07:17:34.000,2018-02-28 07:17:34.000
174145915,Irina,f,2021-10-22 00:33:42.000,2021-10-22 00:33:42.000
174151392,Fabian,f,2020-07-03 05:47:15.000,2020-07-03 05:47:15.000
174157905,Adrian,f,2018-03-04 20:44:33.000,2018-03-04 20:44:33.000
174214846,Lina,f,2021-10-27 01:51:21.000,2021-10-27 01:51:21.000
174231951,Chris,f,2018-02-09 23:44:16.000,2018-02-09 23:44:16.000
174254113,Anna,f,2018-02-23 05:04:01.000,2018-02-23 05:04:01.000
174320959,Eliana,f,2018-02-27 03:51:38.000,2018-02-27 03:51:38.000
174335327,Lorena,f,2019-04-07 13:48:01.000,2019-04-07 13:48:01.000
174343869,Marcela,f,2018-06-06 18:13:48.000,2018-06-06 18:13:48.000
174364538,Lena,f,2019-10-23 07:19:25.000,2019-10-23 07:19:25.000
174524863,Victoria,f,2019-12-01 10:19:16.000,2019-12-01 10:19:16.000
174559909,Mohit,f,2019-10-27 13:55:25.000,2019-10-27 13:55:25.000
174580619,Lucas,f,2018-02-24 22:03:37.000,2018-02-24 22:03:37.000
174608579,Elena,f,2019-03-05 23:48:21.000,2019-03-05 23:48:21.000
174614591,Don,f,2018-04-20 22:57:02.000,2018-04-20 22:57:02.000
174625090,Elias,f,2018-09-06 11:37:15.000,2018-09-06 11:37:15.000
174725147,Sarah,f,2019-12-17 07:10:04.000,2019-12-17 07:10:04.000
174735694,Luciana,f,2021-11-18 09:32:25.000,2021-11-18 09:32:25.000
174779362,Katerina,f,2018-04-12 01:28:15.000,2018-04-12 01:28:15.000
174787262,Ivan,f,2018-02-14 07:11:22.000,2018-02-14 07:11:22.000
174923505,Margit,f,2018-03-16 22:05:46.000,2018-03-16 22:05:46.000
175081501,Marika,f,2018-05-15 19:00:39.000,2018-05-15 19:00:39.000
175239213,Andre,t,2018-03-07 07:35:24.000,2018-03-07 07:35:24.000
175288764,Marlene,f,2020-02-13 07:01:59.000,2020-02-13 07:01:59.000
175396263,Simon,f,2021-09-19 22:30:09.000,2021-09-19 22:30:09.000
175590325,Reiner,f,2018-03-18 04:21:18.000,2018-03-18 04:21:18.000
175598863,Manuela Und Armin,t,2018-04-26 12:03:01.000,2018-04-26 12:03:01.000
175619053,David,f,2018-09-23 14:43:13.000,2018-09-23 14:43:13.000
175654535,Miao,f,2019-12-28 07:40:50.000,2019-12-28 07:40:50.000
175697475,Vilma,f,2021-07-01 01:24:51.000,2021-07-01 01:24:51.000
175804467,Randolf,f,2021-11-14 04:42:29.000,2021-11-14 04:42:29.000
175839244,Limehome,f,2021-10-26 23:43:43.000,2021-10-26 23:43:43.000
175851365,Conny,f,2018-02-26 09:27:38.000,2018-02-26 09:27:38.000
175865207,Thilo,f,2018-04-07 09:30:59.000,2018-04-07 09:30:59.000
175890096,Cathy,f,2018-10-04 22:07:31.000,2018-10-04 22:07:31.000
175980680,Hans,f,2019-12-29 09:36:04.000,2019-12-29 09:36:04.000
176045432,Nathan,f,2018-04-07 21:49:26.000,2018-04-07 21:49:26.000
176209179,Nina,f,2021-10-23 18:04:11.000,2021-10-23 18:04:11.000
176227957,Raphael,f,2018-06-02 06:04:43.000,2018-06-02 06:04:43.000
176320361,Elisa,f,2018-03-22 22:39:05.000,2018-03-22 22:39:05.000
176351085,Katja,f,2021-10-31 17:42:11.000,2021-10-31 17:42:11.000
176358665,Frau,f,2018-02-26 19:25:34.000,2018-02-26 19:25:34.000
176517429,Jay P,t,2018-02-25 16:32:08.000,2018-02-25 16:32:08.000
176541683,Jonas,t,2021-03-27 00:55:10.000,2021-03-27 00:55:10.000
176603885,Annica,f,2018-03-08 15:15:31.000,2018-03-08 15:15:31.000
176750828,Jürgen,f,2018-02-28 04:12:12.000,2018-02-28 04:12:12.000
176756838,Jayne,f,2018-03-15 14:12:21.000,2018-03-15 14:12:21.000
177013169,Simon,t,2018-05-31 03:05:47.000,2018-05-31 03:05:47.000
177035379,Adil,t,2020-09-18 12:38:16.000,2020-09-18 12:38:16.000
177093394,Sören,t,2018-04-26 08:30:21.000,2018-04-26 08:30:21.000
177166073,Naza,f,2018-03-04 16:22:41.000,2018-03-04 16:22:41.000
177201738,Leo,t,2019-07-18 00:20:19.000,2019-07-18 00:20:19.000
177285014,Margritt,f,2021-11-09 18:01:34.000,2021-11-09 18:01:34.000
177318290,Celly,t,2018-03-31 14:48:46.000,2018-03-31 14:48:46.000
177332633,Mohamed Ali,f,2021-10-25 14:25:40.000,2021-10-25 14:25:40.000
177461515,Juliane,f,2018-04-16 08:45:20.000,2018-04-16 08:45:20.000
177489771,Niklas,f,2018-05-26 06:04:08.000,2018-05-26 06:04:08.000
177537291,Johannes,f,2018-12-21 19:21:11.000,2018-12-21 19:21:11.000
177597446,Yvonne,f,2021-11-15 04:50:27.000,2021-11-15 04:50:27.000
177617514,Negar,f,2018-02-23 11:07:27.000,2018-02-23 11:07:27.000
177619318,Arabel Design Apartments,f,2018-05-25 06:15:48.000,2018-05-25 06:15:48.000
177664569,Hendrik,f,2018-03-18 21:25:05.000,2018-03-18 21:25:05.000
177686693,Heiko,f,2019-05-03 06:19:11.000,2019-05-03 06:19:11.000
177712443,Amarjot,f,2019-04-14 04:16:01.000,2019-04-14 04:16:01.000
177712632,Sandra,f,2021-07-26 09:56:46.000,2021-07-26 09:56:46.000
177714942,David,f,2018-04-13 01:27:24.000,2018-04-13 01:27:24.000
177812342,Daniela,f,2021-10-21 02:50:54.000,2021-10-21 02:50:54.000
177856363,Detlef,t,2019-07-17 08:30:49.000,2019-07-17 08:30:49.000
177895808,Antonia,f,2020-08-17 09:42:51.000,2020-08-17 09:42:51.000
177911536,Berno,t,2018-04-07 13:42:13.000,2018-04-07 13:42:13.000
177977343,Vincent,f,2019-03-31 10:11:20.000,2019-03-31 10:11:20.000
178037042,Ina,f,2019-10-19 07:23:21.000,2019-10-19 07:23:21.000
178178558,Davina,f,2018-03-27 05:53:40.000,2018-03-27 05:53:40.000
178188974,Matias,f,2019-11-11 01:02:33.000,2019-11-11 01:02:33.000
178292287,Lucie,f,2018-03-30 22:18:05.000,2018-03-30 22:18:05.000
178375349,Thomas,f,2018-03-13 06:52:03.000,2018-03-13 06:52:03.000
178416136,Hernan,f,2021-02-01 12:53:43.000,2021-02-01 12:53:43.000
178419234,Madeleine,f,2021-09-07 02:13:29.000,2021-09-07 02:13:29.000
178437258,Samuel,f,2018-05-04 09:25:03.000,2018-05-04 09:25:03.000
178514024,Sukru,f,2021-11-17 14:41:15.000,2021-11-17 14:41:15.000
178567571,John,f,2018-04-15 17:44:23.000,2018-04-15 17:44:23.000
178659459,Tim & Matthias,t,2020-11-25 07:11:09.000,2020-11-25 07:11:09.000
178663411,Kim,t,2021-07-10 14:15:45.000,2021-07-10 14:15:45.000
178669173,Malen,f,2018-03-19 04:13:26.000,2018-03-19 04:13:26.000
178775825,Gösta,f,2018-12-13 04:13:59.000,2018-12-13 04:13:59.000
178784913,Ocak Apart & Hotel,f,2020-07-17 09:46:53.000,2020-07-17 09:46:53.000
178970031,Emanuel,f,2018-03-24 11:23:14.000,2018-03-24 11:23:14.000
178978691,Maria,f,2019-08-09 00:01:14.000,2019-08-09 00:01:14.000
178995407,Francisco,f,2021-07-19 05:40:37.000,2021-07-19 05:40:37.000
179126204,Elizabeth,f,2019-04-29 15:53:00.000,2019-04-29 15:53:00.000
179131157,Billie & Munja,f,2018-06-26 16:50:44.000,2018-06-26 16:50:44.000
179169845,Andy,t,2018-03-31 04:39:48.000,2018-03-31 04:39:48.000
179179070,Jana,f,2018-05-24 14:20:59.000,2018-05-24 14:20:59.000
179181774,Javier,f,2018-03-19 14:09:08.000,2018-03-19 14:09:08.000
179421660,Iryna,f,2018-04-24 07:48:15.000,2018-04-24 07:48:15.000
179514965,Kristian,f,2021-11-11 13:18:48.000,2021-11-11 13:18:48.000
179743787,Hotel,f,2021-10-31 23:07:14.000,2021-10-31 23:07:14.000
179857269,Jonas,f,2018-09-06 01:16:30.000,2018-09-06 01:16:30.000
179968133,Alina,f,2021-10-26 15:17:40.000,2021-10-26 15:17:40.000
180004024,Marlene,f,2018-04-29 14:21:44.000,2018-04-29 14:21:44.000
180025652,Patrick,f,2020-02-19 22:10:52.000,2020-02-19 22:10:52.000
180081155,Anna-Lena,f,2018-07-20 12:04:52.000,2018-07-20 12:04:52.000
180136626,Christine,t,2020-12-26 13:11:19.000,2020-12-26 13:11:19.000
180183241,Carla,f,2021-05-05 13:43:45.000,2021-05-05 13:43:45.000
180242594,Antonin,f,2018-11-02 16:11:58.000,2018-11-02 16:11:58.000
180265434,Helena,f,2018-08-04 23:21:33.000,2018-08-04 23:21:33.000
180508243,Friederike,t,2019-10-04 17:42:23.000,2019-10-04 17:42:23.000
180538642,Sara,f,2018-03-21 15:32:29.000,2018-03-21 15:32:29.000
180542608,Fotios,f,2018-06-18 22:41:38.000,2018-06-18 22:41:38.000
180629090,Malte Und Sarah,f,2018-04-10 04:30:02.000,2018-04-10 04:30:02.000
180638720,Gisela,f,2020-01-20 12:21:08.000,2020-01-20 12:21:08.000
180700472,Christian,f,2021-10-21 21:04:52.000,2021-10-21 21:04:52.000
180704002,Johanna,f,2018-07-08 09:02:11.000,2018-07-08 09:02:11.000
180742497,Suzanna,f,2018-04-10 23:32:18.000,2018-04-10 23:32:18.000
180758665,Magnus,t,2018-04-28 16:33:37.000,2018-04-28 16:33:37.000
180824064,Philipp,f,2019-08-29 07:10:30.000,2019-08-29 07:10:30.000
180839425,Jürgen,f,2021-10-24 00:30:39.000,2021-10-24 00:30:39.000
180850168,Keyhan,f,2018-04-10 06:36:22.000,2018-04-10 06:36:22.000
180902435,Stefano,f,2018-04-07 21:11:41.000,2018-04-07 21:11:41.000
180902499,Rasmus,f,2018-05-31 07:42:51.000,2018-05-31 07:42:51.000
180959066,Daniel,f,2018-03-23 11:00:01.000,2018-03-23 11:00:01.000
181062162,Thomas,f,2021-10-25 21:31:58.000,2021-10-25 21:31:58.000
181065930,Martin,f,2018-06-08 05:07:45.000,2018-06-08 05:07:45.000
181182518,Patrick,f,2019-05-31 08:27:35.000,2019-05-31 08:27:35.000
181233581,Angel,f,2021-10-30 13:10:46.000,2021-10-30 13:10:46.000
181322527,Daniel,f,2019-06-23 17:11:55.000,2019-06-23 17:11:55.000
181441777,Freiraum Hostel,f,2021-08-08 22:14:55.000,2021-08-08 22:14:55.000
181478192,Icardo,f,2018-04-18 22:19:34.000,2018-04-18 22:19:34.000
181499374,Desiree,f,2020-06-14 22:04:32.000,2020-06-14 22:04:32.000
181570040,Bjoern,f,2021-11-04 22:12:43.000,2021-11-04 22:12:43.000
181605315,Mathilde,f,2018-06-03 21:15:17.000,2018-06-03 21:15:17.000
181657115,Niclas,f,2020-01-27 09:11:59.000,2020-01-27 09:11:59.000
181672745,Robin,f,2019-01-22 05:52:11.000,2019-01-22 05:52:11.000
181678549,Katja,f,2019-08-03 10:00:46.000,2019-08-03 10:00:46.000
181742117,Piergiorgio,t,2018-11-15 16:21:51.000,2018-11-15 16:21:51.000
181796151,Billie Bonita,f,2020-07-13 21:13:37.000,2020-07-13 21:13:37.000
181934749,Svenja,t,2018-09-11 06:03:23.000,2018-09-11 06:03:23.000
181955613,Melanie,f,2018-05-19 07:55:19.000,2018-05-19 07:55:19.000
181970874,Paul,f,2021-10-31 12:27:52.000,2021-10-31 12:27:52.000
182032984,Ronja,f,2018-03-30 13:08:27.000,2018-03-30 13:08:27.000
182047663,Katharina,f,2018-04-16 15:38:20.000,2018-04-16 15:38:20.000
182263499,Martin,f,2021-11-17 03:32:03.000,2021-11-17 03:32:03.000
182284017,Manuel,f,2021-09-21 20:53:34.000,2021-09-21 20:53:34.000
182361724,Bianca,f,2018-12-21 10:17:17.000,2018-12-21 10:17:17.000
182364115,Sigrid,f,2018-06-09 02:32:31.000,2018-06-09 02:32:31.000
182435004,Anna-Lena,f,2018-04-26 15:18:50.000,2018-04-26 15:18:50.000
182558424,Favorent,f,2020-07-19 13:02:35.000,2020-07-19 13:02:35.000
182658486,Caline,f,2020-08-24 04:36:50.000,2020-08-24 04:36:50.000
182673326,Ronja,f,2018-04-21 07:10:42.000,2018-04-21 07:10:42.000
182731111,Laura,f,2018-11-12 18:53:53.000,2018-11-12 18:53:53.000
182733064,Clara,f,2018-04-12 06:12:13.000,2018-04-12 06:12:13.000
182761408,Talia,f,2021-04-02 22:52:33.000,2021-04-02 22:52:33.000
183055767,Udo,f,2018-04-07 15:15:56.000,2018-04-07 15:15:56.000
183067961,Roland,f,2018-09-27 10:56:39.000,2018-09-27 10:56:39.000
183248794,Leni,f,2018-04-16 15:30:43.000,2018-04-16 15:30:43.000
183268840,Chandra,f,2018-04-03 21:06:21.000,2018-04-03 21:06:21.000
183281679,Mira,f,2021-08-11 19:40:23.000,2021-08-11 19:40:23.000
183372921,Franz,t,2018-10-04 20:30:30.000,2018-10-04 20:30:30.000
183409490,Fariba,f,2019-02-24 08:56:44.000,2019-02-24 08:56:44.000
183533424,Björn,f,2021-10-30 22:44:06.000,2021-10-30 22:44:06.000
183548929,Iljana,f,2018-04-13 09:56:15.000,2018-04-13 09:56:15.000
183670795,Kathrin,t,2018-08-07 11:51:28.000,2018-08-07 11:51:28.000
183729511,Philipp,f,2021-11-19 06:36:17.000,2021-11-19 06:36:17.000
183762354,Liz,f,2021-11-03 05:23:44.000,2021-11-03 05:23:44.000
183876576,Viktor,f,2021-10-23 21:50:16.000,2021-10-23 21:50:16.000
183881123,Deborah,f,2018-07-14 22:33:50.000,2018-07-14 22:33:50.000
183902279,Dave & Lee,f,2018-04-26 18:52:12.000,2018-04-26 18:52:12.000
183938400,Karin,f,2018-07-18 15:32:03.000,2018-07-18 15:32:03.000
184337505,Konstantin,f,2018-07-03 13:07:01.000,2018-07-03 13:07:01.000
184472573,Yagmur,f,2019-07-24 02:59:37.000,2019-07-24 02:59:37.000
184599590,Carina,f,2021-11-03 23:50:00.000,2021-11-03 23:50:00.000
184636927,Ingo,f,2021-01-17 19:28:16.000,2021-01-17 19:28:16.000
184661493,Rina Neg,f,2021-11-19 21:04:26.000,2021-11-19 21:04:26.000
184779561,Anastasia,f,2018-04-30 14:31:34.000,2018-04-30 14:31:34.000
184819156,Hendrika,f,2021-11-09 23:58:23.000,2021-11-09 23:58:23.000
184983126,Nico,f,2018-06-30 12:35:27.000,2018-06-30 12:35:27.000
185052454,А,f,2019-05-11 08:34:15.000,2019-05-11 08:34:15.000
185104416,Marc,f,2018-05-06 19:20:17.000,2018-05-06 19:20:17.000
185127873,Angela,f,2021-11-19 08:03:37.000,2021-11-19 08:03:37.000
185130665,Ketki,f,2019-11-19 20:02:03.000,2019-11-19 20:02:03.000
185131977,Ligia-And-Tim,f,2021-11-09 12:02:26.000,2021-11-09 12:02:26.000
185331428,Charlotte,f,2019-09-04 04:16:42.000,2019-09-04 04:16:42.000
185462358,Jorro,f,2021-11-02 04:30:46.000,2021-11-02 04:30:46.000
185478541,Anoosh,f,2018-04-30 19:24:28.000,2018-04-30 19:24:28.000
185493774,Smadar,f,2018-07-27 03:34:23.000,2018-07-27 03:34:23.000
185679076,Anne,f,2018-04-26 10:08:41.000,2018-04-26 10:08:41.000
185705260,Isabelle,t,2018-05-10 06:36:42.000,2018-05-10 06:36:42.000
185803969,Annabell,f,2018-05-08 03:53:05.000,2018-05-08 03:53:05.000
185914276,Ana,f,2021-11-14 05:48:53.000,2021-11-14 05:48:53.000
186089671,René,f,2021-07-14 19:52:42.000,2021-07-14 19:52:42.000
186123207,Hannah,f,2018-06-28 16:09:28.000,2018-06-28 16:09:28.000
186208208,Elena,t,2020-02-06 04:12:41.000,2020-02-06 04:12:41.000
186399123,Markus,f,2018-04-23 18:34:05.000,2018-04-23 18:34:05.000
186460740,Gia,f,2019-07-27 17:53:41.000,2019-07-27 17:53:41.000
186487369,Artpimp,f,2018-10-18 16:32:26.000,2018-10-18 16:32:26.000
186559720,Cornelius,f,2019-05-03 10:49:06.000,2019-05-03 10:49:06.000
186634753,Flo,f,2018-08-29 01:20:18.000,2018-08-29 01:20:18.000
186725484,Layal,f,2019-07-02 15:24:14.000,2019-07-02 15:24:14.000
186772971,Dorothea,t,2018-05-15 15:37:25.000,2018-05-15 15:37:25.000
186902057,Osam,f,2018-05-02 12:27:05.000,2018-05-02 12:27:05.000
187045688,Lisa,t,2018-04-30 01:46:09.000,2018-04-30 01:46:09.000
187073406,Carlotta,f,2019-02-25 23:13:33.000,2019-02-25 23:13:33.000
187078477,Roni,f,2021-10-25 16:33:25.000,2021-10-25 16:33:25.000
187082499,Delio,f,2018-10-01 15:20:27.000,2018-10-01 15:20:27.000
187158536,Violanta & Alex,f,2018-05-07 00:14:29.000,2018-05-07 00:14:29.000
187222745,Maria,t,2019-08-26 16:05:43.000,2019-08-26 16:05:43.000
187264790,Bianca,f,2018-06-03 12:14:28.000,2018-06-03 12:14:28.000
187269518,Hussam,f,2018-06-03 15:38:31.000,2018-06-03 15:38:31.000
187437981,Carola,t,2018-05-22 08:04:43.000,2018-05-22 08:04:43.000
187451083,Jan,f,2019-01-01 17:16:06.000,2019-01-01 17:16:06.000
187465369,Tom,f,2018-04-29 09:42:01.000,2018-04-29 09:42:01.000
187653504,Ralf,f,2018-07-17 00:38:16.000,2018-07-17 00:38:16.000
187655517,TWO Hotel Berlin By Axel - Adults,f,2018-07-03 02:17:55.000,2018-07-03 02:17:55.000
187676894,Aisha,t,2018-06-26 06:39:48.000,2018-06-26 06:39:48.000
187700760,Alex,f,2018-05-29 10:19:49.000,2018-05-29 10:19:49.000
187861873,Sultani,f,2018-05-24 08:13:41.000,2018-05-24 08:13:41.000
187865272,Caroline,f,2018-04-29 02:22:50.000,2018-04-29 02:22:50.000
187987885,Alexandra,f,2018-07-06 01:44:29.000,2018-07-06 01:44:29.000
188299537,Francesco,f,2018-05-18 14:04:02.000,2018-05-18 14:04:02.000
188309571,Tim,f,2018-08-07 16:40:38.000,2018-08-07 16:40:38.000
188345028,Ella,f,2021-11-16 20:11:37.000,2021-11-16 20:11:37.000
188371179,Ashka,f,2021-06-10 13:22:14.000,2021-06-10 13:22:14.000
188372797,Sabine,t,2019-01-11 07:37:19.000,2019-01-11 07:37:19.000
188449250,Kathrin,f,2018-05-17 23:53:59.000,2018-05-17 23:53:59.000
188475656,Clara,f,2018-06-25 01:10:07.000,2018-06-25 01:10:07.000
188478182,Michelberger Hotel,f,2018-09-07 16:08:31.000,2018-09-07 16:08:31.000
188536761,Páris,t,2019-05-31 04:08:49.000,2019-05-31 04:08:49.000
188642510,Sophia,f,2020-08-02 10:37:38.000,2020-08-02 10:37:38.000
188668906,Антон,f,2019-07-13 09:21:45.000,2019-07-13 09:21:45.000
188821864,Mari,f,2018-08-06 01:14:29.000,2018-08-06 01:14:29.000
188844544,Glenn,f,2020-02-09 11:07:06.000,2020-02-09 11:07:06.000
188849025,Bärbel,t,2018-06-14 08:46:47.000,2018-06-14 08:46:47.000
188997068,Gulkiz,f,2018-05-01 16:56:33.000,2018-05-01 16:56:33.000
189137873,Leticia,f,2021-11-14 22:28:54.000,2021-11-14 22:28:54.000
189155455,Valentin,t,2018-05-26 19:43:41.000,2018-05-26 19:43:41.000
189189105,Leo,f,2018-05-18 13:05:56.000,2018-05-18 13:05:56.000
189356164,Rudolf,f,2018-05-25 19:29:17.000,2018-05-25 19:29:17.000
189371281,Theresa,f,2021-09-03 21:58:30.000,2021-09-03 21:58:30.000
189702363,Franz,f,2018-05-20 05:03:18.000,2018-05-20 05:03:18.000
189712516,Thuy Trang,t,2021-08-11 05:02:26.000,2021-08-11 05:02:26.000
189727497,Harald,f,2018-06-02 12:43:24.000,2018-06-02 12:43:24.000
189733157,Meriem,f,2018-11-04 10:35:14.000,2018-11-04 10:35:14.000
189765633,Ursula,f,2021-11-04 02:04:32.000,2021-11-04 02:04:32.000
189774580,Sebastian,t,2018-05-05 04:22:01.000,2018-05-05 04:22:01.000
189883336,Lisa,f,2019-11-13 17:45:17.000,2019-11-13 17:45:17.000
189929449,Matthias,f,2018-06-08 06:42:01.000,2018-06-08 06:42:01.000
190045823,Hong,f,2021-11-03 10:00:18.000,2021-11-03 10:00:18.000
190062232,Helge,f,2018-06-03 11:33:29.000,2018-06-03 11:33:29.000
190071696,Tobias,f,2020-09-04 10:48:14.000,2020-09-04 10:48:14.000
190073525,Francesco,t,2019-06-05 13:38:33.000,2019-06-05 13:38:33.000
190096971,Nicole,f,2021-07-13 00:01:02.000,2021-07-13 00:01:02.000
190133418,Ibrahim,f,2018-05-18 09:02:52.000,2018-05-18 09:02:52.000
190149131,Mika,f,2018-07-16 16:08:58.000,2018-07-16 16:08:58.000
190227788,Philipp,f,2020-07-04 09:15:55.000,2020-07-04 09:15:55.000
190260192,Hélène,f,2021-11-14 10:33:31.000,2021-11-14 10:33:31.000
190263981,Teem Verwaltung,t,2018-05-18 03:07:49.000,2018-05-18 03:07:49.000
190265660,Özdem,f,2021-11-04 22:21:01.000,2021-11-04 22:21:01.000
190551349,Nils,f,2019-10-31 04:20:44.000,2019-10-31 04:20:44.000
190737633,Samet,f,2018-07-10 23:23:12.000,2018-07-10 23:23:12.000
190957759,Stella,t,2018-07-08 04:56:36.000,2018-07-08 04:56:36.000
190998588,Stefan,f,2020-01-25 03:37:15.000,2020-01-25 03:37:15.000
191014407,Adhil Mubarak,f,2019-10-17 01:54:10.000,2019-10-17 01:54:10.000
191049220,Maurice,f,2018-06-09 08:29:02.000,2018-06-09 08:29:02.000
191131925,Lorna,f,2021-10-24 21:44:05.000,2021-10-24 21:44:05.000
191156834,Zarah,t,2018-06-12 19:36:44.000,2018-06-12 19:36:44.000
191218997,Michael,f,2018-05-24 22:23:55.000,2018-05-24 22:23:55.000
191543044,Gyulyuzar,f,2018-08-03 00:11:57.000,2018-08-03 00:11:57.000
191706485,Cansu,f,2018-07-15 08:20:20.000,2018-07-15 08:20:20.000
191752005,Anita,f,2021-06-03 19:20:21.000,2021-06-03 19:20:21.000
191821964,Wesam,f,2019-12-22 21:52:40.000,2019-12-22 21:52:40.000
191829434,Mirko,f,2018-05-26 11:39:27.000,2018-05-26 11:39:27.000
191830563,Saif,f,2018-06-23 23:40:37.000,2018-06-23 23:40:37.000
192014498,Damian,f,2018-06-05 10:09:08.000,2018-06-05 10:09:08.000
192018470,Flo,f,2021-11-15 05:05:02.000,2021-11-15 05:05:02.000
192020815,Sonja,f,2019-07-23 23:12:43.000,2019-07-23 23:12:43.000
192092454,Ulf,f,2019-03-26 06:42:26.000,2019-03-26 06:42:26.000
192130100,Caroline,f,2018-05-26 11:29:16.000,2018-05-26 11:29:16.000
192200150,Cristian,f,2019-12-20 09:30:28.000,2019-12-20 09:30:28.000
192210205,Katrin,f,2018-06-04 04:26:21.000,2018-06-04 04:26:21.000
192221262,Alice,f,2018-12-16 11:06:47.000,2018-12-16 11:06:47.000
192224480,Sascha,f,2018-05-24 02:05:46.000,2018-05-24 02:05:46.000
192286210,Bianca,t,2018-06-18 05:34:01.000,2018-06-18 05:34:01.000
192300010,Anto,f,2021-11-11 21:11:35.000,2021-11-11 21:11:35.000
192314217,Sarah,f,2019-12-18 11:52:43.000,2019-12-18 11:52:43.000
192337343,Marius,f,2019-02-01 10:50:45.000,2019-02-01 10:50:45.000
192352278,Ina,f,2018-06-09 14:01:57.000,2018-06-09 14:01:57.000
192439967,Tan,f,2020-03-08 09:39:23.000,2020-03-08 09:39:23.000
192455794,Michael,f,2018-06-17 08:57:34.000,2018-06-17 08:57:34.000
192654826,Johanna,f,2019-06-21 12:58:46.000,2019-06-21 12:58:46.000
192805504,Danielle,f,2018-06-29 18:03:39.000,2018-06-29 18:03:39.000
193222579,André,f,2020-10-14 22:09:38.000,2020-10-14 22:09:38.000
193243349,Lucas,f,2018-06-24 00:11:53.000,2018-06-24 00:11:53.000
193388569,Alex,f,2019-08-13 21:46:31.000,2019-08-13 21:46:31.000
193439734,Paulina,f,2020-06-30 11:01:09.000,2020-06-30 11:01:09.000
193461863,Itay,f,2018-05-28 01:20:04.000,2018-05-28 01:20:04.000
193468086,Norema,f,2018-06-05 08:08:06.000,2018-06-05 08:08:06.000
193504997,Carlos,t,2018-06-16 15:20:23.000,2018-06-16 15:20:23.000
193611541,C.,f,2018-06-19 08:44:58.000,2018-06-19 08:44:58.000
193643890,ElPilar,f,2018-08-14 01:46:40.000,2018-08-14 01:46:40.000
193731690,Patrick,f,2018-11-13 12:45:06.000,2018-11-13 12:45:06.000
193814759,Nadine,f,2018-06-29 20:22:03.000,2018-06-29 20:22:03.000
193820230,Sophia,f,2021-11-03 20:44:08.000,2021-11-03 20:44:08.000
193831106,Ryan,f,2019-07-11 01:04:35.000,2019-07-11 01:04:35.000
194077741,Nidhal,f,2021-09-01 04:02:27.000,2021-09-01 04:02:27.000
194135933,Enrico,f,2021-11-11 14:44:53.000,2021-11-11 14:44:53.000
194144898,Daniela,f,2018-08-04 21:14:46.000,2018-08-04 21:14:46.000
194252369,Oscar,f,2018-06-04 00:53:24.000,2018-06-04 00:53:24.000
194268217,Nejteh,f,2018-07-03 22:12:32.000,2018-07-03 22:12:32.000
194343081,Kilian,t,2019-06-13 01:09:32.000,2019-06-13 01:09:32.000
194475135,Kristin,t,2019-05-13 09:58:13.000,2019-05-13 09:58:13.000
194663540,Vera,t,2018-06-17 14:50:51.000,2018-06-17 14:50:51.000
194675656,Anke,f,2018-08-04 20:23:59.000,2018-08-04 20:23:59.000
194858741,Victoria,f,2018-06-03 18:48:39.000,2018-06-03 18:48:39.000
194909568,Andy,f,2018-07-03 04:54:16.000,2018-07-03 04:54:16.000
194930255,Merle Malou,f,2018-06-18 00:18:54.000,2018-06-18 00:18:54.000
194994513,Beate,f,2021-08-15 07:18:30.000,2021-08-15 07:18:30.000
195006466,Yanina,f,2021-11-19 19:10:44.000,2021-11-19 19:10:44.000
195013901,Henk,f,2021-07-14 19:17:52.000,2021-07-14 19:17:52.000
195136536,Andre,f,2018-06-18 22:41:05.000,2018-06-18 22:41:05.000
195199908,Julian,t,2018-06-17 04:15:41.000,2018-06-17 04:15:41.000
195205137,Tea,t,2018-07-02 21:25:10.000,2018-07-02 21:25:10.000
195241396,An,t,2019-02-25 12:15:32.000,2019-02-25 12:15:32.000
195358017,Isabelle,f,2018-07-28 06:37:42.000,2018-07-28 06:37:42.000
195456152,Renas,f,2019-07-02 12:37:46.000,2019-07-02 12:37:46.000
195553985,Daria,f,2019-08-27 19:34:01.000,2019-08-27 19:34:01.000
195560708,Kevin,f,2018-07-01 11:11:12.000,2018-07-01 11:11:12.000
195679063,Dani,f,2018-07-09 13:44:46.000,2018-07-09 13:44:46.000
195709119,Toni,t,2018-06-26 23:40:09.000,2018-06-26 23:40:09.000
195748609,Yukon,f,2018-06-21 10:52:46.000,2018-06-21 10:52:46.000
195783755,Ali,f,2019-12-12 21:54:47.000,2019-12-12 21:54:47.000
195856286,Sophie,f,2021-11-10 17:53:34.000,2021-11-10 17:53:34.000
195867979,Özlem,f,2021-11-14 14:14:47.000,2021-11-14 14:14:47.000
195933294,Galina,t,2018-06-03 16:36:50.000,2018-06-03 16:36:50.000
196070548,Max,f,2018-06-17 04:15:01.000,2018-06-17 04:15:01.000
196147226,Simona,f,2018-06-29 15:21:22.000,2018-06-29 15:21:22.000
196387284,Anna,f,2018-07-02 01:29:37.000,2018-07-02 01:29:37.000
196520970,Marie,f,2018-09-01 23:15:08.000,2018-09-01 23:15:08.000
196545452,Sendhil,f,2021-11-14 19:15:43.000,2021-11-14 19:15:43.000
196550406,Mona,f,2021-11-11 04:08:20.000,2021-11-11 04:08:20.000
196625630,Florian,f,2018-06-22 01:38:02.000,2018-06-22 01:38:02.000
196709080,Iwona,t,2018-06-29 17:23:37.000,2018-06-29 17:23:37.000
196781468,Angelika,t,2018-09-26 18:35:20.000,2018-09-26 18:35:20.000
196822945,Larissa,f,2019-04-03 22:01:12.000,2019-04-03 22:01:12.000
196874018,Hayat,f,2018-06-24 04:22:54.000,2018-06-24 04:22:54.000
196986485,Sophie,f,2018-07-02 15:34:50.000,2018-07-02 15:34:50.000
197188619,Thomas,f,2018-07-25 04:18:45.000,2018-07-25 04:18:45.000
197227115,Martha,t,2018-07-05 19:35:54.000,2018-07-05 19:35:54.000
197233948,Ben,f,2020-08-18 09:05:49.000,2020-08-18 09:05:49.000
197288782,Kris,f,2021-10-31 07:37:23.000,2021-10-31 07:37:23.000
197444036,Marie,f,2018-12-31 09:29:51.000,2018-12-31 09:29:51.000
197444204,Sabine,f,2018-06-21 16:04:50.000,2018-06-21 16:04:50.000
197634213,Celina,f,2019-07-09 06:47:07.000,2019-07-09 06:47:07.000
197703868,Aisha,f,2018-06-11 02:36:47.000,2018-06-11 02:36:47.000
197716584,Lisa,f,2021-10-29 08:05:18.000,2021-10-29 08:05:18.000
197908287,Muharrem,f,2021-11-04 14:11:14.000,2021-11-04 14:11:14.000
197915619,Jakob,f,2018-08-25 23:34:07.000,2018-08-25 23:34:07.000
197920736,Clément,f,2018-07-06 19:37:26.000,2018-07-06 19:37:26.000
197968020,利亚,f,2021-11-11 07:47:56.000,2021-11-11 07:47:56.000
197978265,Heike,f,2018-07-13 21:43:42.000,2018-07-13 21:43:42.000
198061260,Andrew,f,2018-07-20 02:49:43.000,2018-07-20 02:49:43.000
198110578,Sarah,f,2021-08-25 20:16:49.000,2021-08-25 20:16:49.000
198130253,Jennifer,f,2018-07-05 08:21:33.000,2018-07-05 08:21:33.000
198200036,Catharina,f,2019-01-03 21:40:29.000,2019-01-03 21:40:29.000
198349095,Stephan,f,2018-07-25 02:21:47.000,2018-07-25 02:21:47.000
198404989,Karina,f,2021-11-17 06:58:20.000,2021-11-17 06:58:20.000
198463177,Alexei,f,2020-07-30 00:06:31.000,2020-07-30 00:06:31.000
198564506,Alessandro,t,2018-11-22 09:22:40.000,2018-11-22 09:22:40.000
198640795,Simon,f,2018-05-31 13:37:58.000,2018-05-31 13:37:58.000
198668412,Marylin,f,2018-06-27 23:51:09.000,2018-06-27 23:51:09.000
198787263,Justin,f,2018-11-02 04:02:34.000,2018-11-02 04:02:34.000
198861385,Patrice,f,2018-07-28 13:26:31.000,2018-07-28 13:26:31.000
198864678,Ebtisam,f,2021-11-13 06:53:01.000,2021-11-13 06:53:01.000
198974220,Aziz,f,2018-07-25 16:38:47.000,2018-07-25 16:38:47.000
199007222,Patrick,f,2018-10-10 02:21:34.000,2018-10-10 02:21:34.000
199150527,Mustafa,f,2019-09-11 04:05:17.000,2019-09-11 04:05:17.000
199190869,Ulrich,f,2018-06-29 02:01:56.000,2018-06-29 02:01:56.000
199627082,Hans Werner,t,2018-07-05 23:28:12.000,2018-07-05 23:28:12.000
199673303,Benni,f,2018-07-11 06:40:59.000,2018-07-11 06:40:59.000
199701359,Mustafa,f,2018-12-22 14:37:51.000,2018-12-22 14:37:51.000
199758744,Giovanna,f,2018-12-24 03:39:46.000,2018-12-24 03:39:46.000
199794458,Marleijn,f,2018-07-05 14:12:39.000,2018-07-05 14:12:39.000
199967460,Alex,t,2018-07-03 18:11:23.000,2018-07-03 18:11:23.000
200098082,Anna,f,2021-11-01 16:42:13.000,2021-11-01 16:42:13.000
200195304,Ben,t,2018-06-29 07:04:49.000,2018-06-29 07:04:49.000
200248962,Dirk,f,2018-09-01 23:05:23.000,2018-09-01 23:05:23.000
200347806,David,t,2018-07-26 13:04:33.000,2018-07-26 13:04:33.000
200369628,Annica,f,2018-07-28 06:32:50.000,2018-07-28 06:32:50.000
200406875,Susanne,f,2018-06-25 14:50:36.000,2018-06-25 14:50:36.000
200407976,Carsten,t,2018-07-14 04:56:53.000,2018-07-14 04:56:53.000
200458035,Philipp,f,2020-07-02 08:08:50.000,2020-07-02 08:08:50.000
200549573,Holger,f,2018-07-10 02:31:36.000,2018-07-10 02:31:36.000
200627195,Diana,t,2019-08-15 02:21:41.000,2019-08-15 02:21:41.000
200753080,Nickolai,f,2019-02-22 12:00:18.000,2019-02-22 12:00:18.000
200794512,Knut,f,2018-08-18 04:54:34.000,2018-08-18 04:54:34.000
200833865,Silvia,f,2021-11-11 00:30:57.000,2021-11-11 00:30:57.000
200941684,Lisa,f,2021-09-12 06:06:00.000,2021-09-12 06:06:00.000
200945496,Susanne,f,2021-11-11 05:00:50.000,2021-11-11 05:00:50.000
201049868,Leona,f,2021-10-21 16:35:38.000,2021-10-21 16:35:38.000
201075090,Irene,f,2018-07-17 22:09:26.000,2018-07-17 22:09:26.000
201279474,Doro,t,2018-07-29 07:26:56.000,2018-07-29 07:26:56.000
201324336,Gioia,f,2019-03-14 18:53:50.000,2019-03-14 18:53:50.000
201332261,Nicolás,f,2018-07-07 11:34:33.000,2018-07-07 11:34:33.000
201457320,Jacky,f,2019-07-15 18:56:54.000,2019-07-15 18:56:54.000
201522303,Gaurav,f,2018-07-14 16:03:31.000,2018-07-14 16:03:31.000
201525538,Marion,t,2018-07-15 01:04:46.000,2018-07-15 01:04:46.000
201537102,Tristan,f,2019-02-13 18:48:49.000,2019-02-13 18:48:49.000
201720555,Your.Rentals,f,2021-11-09 01:27:48.000,2021-11-09 01:27:48.000
201748463,Lisa,f,2020-09-05 17:11:12.000,2020-09-05 17:11:12.000
201754455,Amina Bambina,f,2019-02-26 10:09:45.000,2019-02-26 10:09:45.000
201762540,Luise,f,2018-12-05 19:34:03.000,2018-12-05 19:34:03.000
201775943,Karen,t,2018-09-18 03:06:02.000,2018-09-18 03:06:02.000
201800593,Mandy,t,2018-07-28 06:07:54.000,2018-07-28 06:07:54.000
201809555,Alisa,f,2018-07-19 21:00:03.000,2018-07-19 21:00:03.000
201839696,Erdinc,f,2018-07-16 04:49:31.000,2018-07-16 04:49:31.000
202056883,Karolina & Philipp,t,2020-05-26 07:01:57.000,2020-05-26 07:01:57.000
202123087,Sandra,f,2018-07-27 00:24:20.000,2018-07-27 00:24:20.000
202217269,Nemi,f,2020-10-17 10:52:32.000,2020-10-17 10:52:32.000
202307531,Alex,t,2020-07-27 08:45:04.000,2020-07-27 08:45:04.000
202344102,Sofia,f,2021-11-14 20:29:48.000,2021-11-14 20:29:48.000
202695467,Bastin,f,2018-08-11 21:53:03.000,2018-08-11 21:53:03.000
202727923,Maria,f,2018-08-18 23:08:56.000,2018-08-18 23:08:56.000
202728548,Dominik,f,2018-07-29 03:03:50.000,2018-07-29 03:03:50.000
202747425,Ilva,f,2019-03-20 09:10:07.000,2019-03-20 09:10:07.000
202779274,Me Hien,t,2018-07-06 14:10:59.000,2018-07-06 14:10:59.000
202968614,Christian Karl-Heinz,f,2021-08-28 17:14:35.000,2021-08-28 17:14:35.000
203071555,Victoria,f,2021-03-05 10:48:05.000,2021-03-05 10:48:05.000
203193166,Steffen,f,2021-06-06 08:10:42.000,2021-06-06 08:10:42.000
203514968,Dunja,f,2018-07-29 23:59:25.000,2018-07-29 23:59:25.000
203584355,Oliver,f,2018-07-25 07:19:51.000,2018-07-25 07:19:51.000
203689530,Tony,f,2019-08-07 08:54:58.000,2019-08-07 08:54:58.000
203997165,Osman,f,2021-11-14 21:44:52.000,2021-11-14 21:44:52.000
204027928,Peter,t,2018-07-21 10:03:40.000,2018-07-21 10:03:40.000
204170899,Hugh,f,2019-10-24 21:47:30.000,2019-10-24 21:47:30.000
204171816,Andreas,t,2018-08-23 20:06:59.000,2018-08-23 20:06:59.000
204210308,OlEr,t,2018-08-04 13:48:51.000,2018-08-04 13:48:51.000
204265055,Gio,f,2018-09-16 15:12:39.000,2018-09-16 15:12:39.000
204308354,Lisa,f,2018-12-22 17:51:53.000,2018-12-22 17:51:53.000
204660001,Alexandra,f,2021-10-21 15:38:30.000,2021-10-21 15:38:30.000
204713450,Alice,f,2018-07-29 22:52:28.000,2018-07-29 22:52:28.000
204761289,Henri,f,2019-08-19 17:17:42.000,2019-08-19 17:17:42.000
205049345,Jenny,f,2018-11-12 20:05:33.000,2018-11-12 20:05:33.000
205235114,Lotta,f,2020-02-05 06:08:53.000,2020-02-05 06:08:53.000
205258595,Oleksandr,f,2018-07-28 00:22:05.000,2018-07-28 00:22:05.000
205705714,Natalie,f,2021-11-16 13:14:55.000,2021-11-16 13:14:55.000
205752377,Perry,f,2019-05-07 13:30:05.000,2019-05-07 13:30:05.000
205773837,Tony,f,2021-11-13 12:31:46.000,2021-11-13 12:31:46.000
205905208,Frederic,f,2018-08-21 23:12:23.000,2018-08-21 23:12:23.000
205976061,Júlia,f,2021-11-13 06:26:33.000,2021-11-13 06:26:33.000
206153158,Paulo,f,2018-07-23 15:42:22.000,2018-07-23 15:42:22.000
206176712,Nicole,t,2018-08-06 08:36:17.000,2018-08-06 08:36:17.000
206354995,Jonas,f,2021-11-12 11:34:22.000,2021-11-12 11:34:22.000
206367813,Henry,f,2019-03-08 08:45:19.000,2019-03-08 08:45:19.000
206374835,Marcel,t,2019-07-25 00:16:02.000,2019-07-25 00:16:02.000
206485562,Ahmee,f,2018-08-06 00:43:29.000,2018-08-06 00:43:29.000
206494022,Tavy,f,2021-11-09 06:52:23.000,2021-11-09 06:52:23.000
206522893,Hadi,f,2018-07-26 20:36:19.000,2018-07-26 20:36:19.000
206674863,Christian,f,2018-08-20 07:19:35.000,2018-08-20 07:19:35.000
206689318,Sonya,f,2021-11-10 12:52:49.000,2021-11-10 12:52:49.000
206827879,Tim,f,2018-08-12 13:45:20.000,2018-08-12 13:45:20.000
206843996,Lee,f,2018-07-29 08:50:37.000,2018-07-29 08:50:37.000
206862811,Steffen,t,2018-07-27 18:03:18.000,2018-07-27 18:03:18.000
206877989,Corinna,t,2021-05-31 09:07:52.000,2021-05-31 09:07:52.000
206926760,Sui,f,2020-09-29 14:11:38.000,2020-09-29 14:11:38.000
207062664,1a Apartment,f,2019-08-10 08:29:30.000,2019-08-10 08:29:30.000
207178379,Yoren,f,2018-09-28 11:14:30.000,2018-09-28 11:14:30.000
207473068,Anne,f,2021-11-18 08:36:10.000,2021-11-18 08:36:10.000
207475344,Aharon,f,2021-05-28 23:30:35.000,2021-05-28 23:30:35.000
207814426,Manu,f,2019-07-30 11:17:08.000,2019-07-30 11:17:08.000
207929989,Eva,t,2018-11-09 04:44:05.000,2018-11-09 04:44:05.000
207993866,Kgomotso,f,2021-10-21 03:52:32.000,2021-10-21 03:52:32.000
208019418,Daniel,f,2019-12-19 06:04:06.000,2019-12-19 06:04:06.000
208069921,Pierre,t,2019-07-20 12:45:33.000,2019-07-20 12:45:33.000
208272633,Lyudmil,f,2021-11-14 11:11:05.000,2021-11-14 11:11:05.000
208279113,Violet,f,2019-04-02 21:10:38.000,2019-04-02 21:10:38.000
208293610,Andreas,f,2018-08-17 06:07:04.000,2018-08-17 06:07:04.000
208443009,Egil,f,2018-09-04 08:12:13.000,2018-09-04 08:12:13.000
208645599,Patrick,f,2018-08-22 17:39:13.000,2018-08-22 17:39:13.000
208721377,Maria + Benno,f,2018-08-13 01:09:20.000,2018-08-13 01:09:20.000
208849155,Regina,f,2018-08-22 17:32:54.000,2018-08-22 17:32:54.000
209018173,Silvia,f,2021-08-29 05:44:03.000,2021-08-29 05:44:03.000
209054839,Engin,f,2019-12-29 03:41:56.000,2019-12-29 03:41:56.000
209082762,Tareef,f,2018-10-14 03:13:14.000,2018-10-14 03:13:14.000
209199022,Rosemarie,f,2018-08-18 08:05:51.000,2018-08-18 08:05:51.000
209203249,Janna,f,2018-11-03 10:34:18.000,2018-11-03 10:34:18.000
209250178,Sven,f,2020-02-22 08:56:45.000,2020-02-22 08:56:45.000
209258189,Benyamin,f,2018-08-23 01:50:41.000,2018-08-23 01:50:41.000
209327933,Ronja,f,2019-08-18 12:35:48.000,2019-08-18 12:35:48.000
209461073,Robert,f,2018-12-24 06:38:50.000,2018-12-24 06:38:50.000
209466384,Alexander,f,2019-03-04 11:33:38.000,2019-03-04 11:33:38.000
209555676,Ann-Kathrin,f,2019-06-19 13:42:04.000,2019-06-19 13:42:04.000
209596863,Simone,f,2021-08-18 00:35:14.000,2021-08-18 00:35:14.000
209649631,Elisabeth,f,2018-08-18 23:31:46.000,2018-08-18 23:31:46.000
209666936,M. Florian,f,2018-09-01 10:14:11.000,2018-09-01 10:14:11.000
209678303,Max,f,2021-11-03 00:42:03.000,2021-11-03 00:42:03.000
209738741,Paulo,f,2018-08-07 21:13:22.000,2018-08-07 21:13:22.000
210045882,Katharina,f,2018-09-10 20:35:35.000,2018-09-10 20:35:35.000
210058923,Marija,f,2018-09-02 14:30:30.000,2018-09-02 14:30:30.000
210071028,Marie,f,2018-11-24 15:09:03.000,2018-11-24 15:09:03.000
210185436,Luka,f,2021-10-25 01:12:52.000,2021-10-25 01:12:52.000
210270223,Divine,f,2018-09-05 04:44:19.000,2018-09-05 04:44:19.000
210286210,C,f,2018-09-02 22:59:06.000,2018-09-02 22:59:06.000
210291317,Ferry,f,2018-08-31 02:49:58.000,2018-08-31 02:49:58.000
210465681,Can,t,2018-08-22 00:58:53.000,2018-08-22 00:58:53.000
210470412,Madlen,t,2018-08-17 19:42:04.000,2018-08-17 19:42:04.000
210484545,Jose,f,2018-09-10 00:55:27.000,2018-09-10 00:55:27.000
210523149,Karl-Hinrich,f,2018-09-01 00:35:22.000,2018-09-01 00:35:22.000
210545456,Berkan,f,2018-08-10 02:28:17.000,2018-08-10 02:28:17.000
210684446,Kiraz,f,2018-08-23 11:51:45.000,2018-08-23 11:51:45.000
210700814,Downtown Apartments Berlin,t,2018-12-12 22:13:08.000,2018-12-12 22:13:08.000
210712144,Julie,f,2018-08-12 19:54:50.000,2018-08-12 19:54:50.000
210731852,Valdis,f,2018-08-18 19:50:08.000,2018-08-18 19:50:08.000
210760043,Johannes,f,2021-08-06 03:57:08.000,2021-08-06 03:57:08.000
210836796,Din,f,2021-07-22 03:07:05.000,2021-07-22 03:07:05.000
210914922,Erik,f,2018-08-31 01:01:23.000,2018-08-31 01:01:23.000
210943950,Chantal,f,2018-09-15 05:57:36.000,2018-09-15 05:57:36.000
210979600,Zejna,f,2021-11-19 10:03:23.000,2021-11-19 10:03:23.000
211089589,Sebastian,t,2020-10-11 10:27:11.000,2020-10-11 10:27:11.000
211096430,Ali,f,2020-08-12 08:36:40.000,2020-08-12 08:36:40.000
211151778,Dora,t,2018-10-22 02:57:48.000,2018-10-22 02:57:48.000
211478275,Robin,f,2018-10-16 04:36:02.000,2018-10-16 04:36:02.000
211505567,Amano Home Apartments,f,2018-11-29 18:40:59.000,2018-11-29 18:40:59.000
211541011,Sören,f,2021-11-09 21:00:51.000,2021-11-09 21:00:51.000
211672889,Kit,t,2018-09-03 19:05:39.000,2018-09-03 19:05:39.000
211673565,Álvaro,f,2019-01-21 18:06:05.000,2019-01-21 18:06:05.000
211851013,Amadeus,f,2018-12-19 15:44:45.000,2018-12-19 15:44:45.000
212034529,Talat,f,2018-08-30 15:16:06.000,2018-08-30 15:16:06.000
212091686,Koray,f,2019-08-21 23:42:50.000,2019-08-21 23:42:50.000
212106796,Ausama,f,2018-09-04 07:08:30.000,2018-09-04 07:08:30.000
212189469,Louisa'S Place,f,2019-06-06 17:07:30.000,2019-06-06 17:07:30.000
212193161,Andrea,f,2018-09-23 05:08:25.000,2018-09-23 05:08:25.000
212197766,HENRI Team,t,2019-01-22 14:46:55.000,2019-01-22 14:46:55.000
212377709,Hotel Zoo,f,2021-10-25 14:57:20.000,2021-10-25 14:57:20.000
212465284,Florian,f,2018-08-27 06:40:34.000,2018-08-27 06:40:34.000
212479271,Bogdana,f,2019-12-31 14:37:41.000,2019-12-31 14:37:41.000
212558982,Jens,t,2020-09-18 22:45:04.000,2020-09-18 22:45:04.000
212586679,Arne,f,2021-10-29 22:08:45.000,2021-10-29 22:08:45.000
212590330,Jan Und Elnaz,f,2018-09-08 21:17:16.000,2018-09-08 21:17:16.000
212597196,Karak,f,2018-09-23 18:32:15.000,2018-09-23 18:32:15.000
212766182,Wioletta,f,2018-12-08 03:22:29.000,2018-12-08 03:22:29.000
212774369,Georg,f,2019-07-04 12:03:57.000,2019-07-04 12:03:57.000
212782483,Oliver,t,2018-09-07 23:14:39.000,2018-09-07 23:14:39.000
212799157,Hotel,f,2019-02-22 19:16:09.000,2019-02-22 19:16:09.000
212843172,Philipp,f,2021-11-05 12:59:40.000,2021-11-05 12:59:40.000
212852826,Jürgen,t,2018-09-07 07:39:15.000,2018-09-07 07:39:15.000
212853002,Lola,f,2018-09-09 02:32:59.000,2018-09-09 02:32:59.000
212873823,Lena,f,2021-10-31 05:04:18.000,2021-10-31 05:04:18.000
212946182,Wolf Martin,t,2018-08-24 04:48:49.000,2018-08-24 04:48:49.000
212963857,André,f,2021-10-28 13:39:26.000,2021-10-28 13:39:26.000
213169487,Landry,f,2018-08-29 12:28:04.000,2018-08-29 12:28:04.000
213221785,安,t,2019-07-20 01:53:27.000,2019-07-20 01:53:27.000
213278089,Thomas,f,2018-10-01 21:33:35.000,2018-10-01 21:33:35.000
213301443,Michael,f,2021-09-12 05:31:34.000,2021-09-12 05:31:34.000
213304271,Andreas,f,2018-12-03 12:43:13.000,2018-12-03 12:43:13.000
213416425,Matthew,t,2020-02-12 04:10:38.000,2020-02-12 04:10:38.000
213518028,Leo,f,2019-05-09 22:19:40.000,2019-05-09 22:19:40.000
213528984,Yc,f,2021-11-01 07:39:04.000,2021-11-01 07:39:04.000
213595635,Gerard,f,2018-10-11 01:03:04.000,2018-10-11 01:03:04.000
213674200,Anne,f,2019-04-16 03:57:14.000,2019-04-16 03:57:14.000
213877372,Anna 1908,f,2019-04-28 01:23:17.000,2019-04-28 01:23:17.000
213890489,Joseph,f,2018-09-10 15:47:48.000,2018-09-10 15:47:48.000
213910519,Victor,f,2021-10-31 17:56:09.000,2021-10-31 17:56:09.000
213967353,Maja,t,2018-09-19 22:03:40.000,2018-09-19 22:03:40.000
214044965,Jörn,t,2019-05-17 23:57:23.000,2019-05-17 23:57:23.000
214075094,Burak,f,2019-05-26 06:39:52.000,2019-05-26 06:39:52.000
214387108,Susanne,f,2021-08-09 05:53:23.000,2021-08-09 05:53:23.000
214403628,Maru,f,2021-11-08 06:23:48.000,2021-11-08 06:23:48.000
214454662,Anja,f,2020-03-15 17:26:47.000,2020-03-15 17:26:47.000
214593057,Paylag,f,2018-12-25 23:39:07.000,2018-12-25 23:39:07.000
214598399,Mr,f,2019-08-03 10:09:15.000,2019-08-03 10:09:15.000
214644316,Ana,t,2018-09-13 22:56:23.000,2018-09-13 22:56:23.000
214653833,Luzia,f,2018-09-11 15:15:17.000,2018-09-11 15:15:17.000
214790308,Ursula,f,2018-10-13 13:27:00.000,2018-10-13 13:27:00.000
214803461,Bulut,f,2018-09-21 17:45:39.000,2018-09-21 17:45:39.000
214841261,Mathilde,f,2020-01-01 15:20:15.000,2020-01-01 15:20:15.000
214851154,Max,f,2016-05-25 11:20:23.000,2016-05-25 11:20:23.000
214865067,Caro,f,2018-09-14 17:31:31.000,2018-09-14 17:31:31.000
214941388,Mathias,f,2019-10-31 23:39:37.000,2019-10-31 23:39:37.000
214951099,Karam,f,2021-11-18 13:19:03.000,2021-11-18 13:19:03.000
214963971,Anna,f,2018-09-14 07:02:19.000,2018-09-14 07:02:19.000
214971466,Paula,f,2018-09-19 05:00:04.000,2018-09-19 05:00:04.000
214992365,Thilo,f,2019-12-26 12:02:49.000,2019-12-26 12:02:49.000
215027759,Tony,f,2021-11-03 16:30:35.000,2021-11-03 16:30:35.000
215174581,CALMA Berlin Mitte,t,2018-11-18 15:09:45.000,2018-11-18 15:09:45.000
215175725,Fjord Hotel Berlin,f,2018-10-27 17:31:55.000,2018-10-27 17:31:55.000
215178674,Lindemann'S,f,2018-12-11 05:03:52.000,2018-12-11 05:03:52.000
215344022,Jürgen,f,2019-12-09 20:31:42.000,2019-12-09 20:31:42.000
215385584,Charalambos,f,2018-09-22 19:51:20.000,2018-09-22 19:51:20.000
215514794,Britta,t,2021-11-18 22:28:15.000,2021-11-18 22:28:15.000
215519704,Zawar,f,2018-12-25 00:56:35.000,2018-12-25 00:56:35.000
215573313,Noella,f,2021-06-07 21:29:45.000,2021-06-07 21:29:45.000
215643792,Danya,t,2021-05-10 03:40:39.000,2021-05-10 03:40:39.000
215651220,Ivan,f,2021-10-28 18:25:52.000,2021-10-28 18:25:52.000
215898210,Vera,f,2018-09-12 08:14:14.000,2018-09-12 08:14:14.000
215926055,Rosa,f,2020-08-21 18:44:00.000,2020-08-21 18:44:00.000
215937780,Marcel,t,2018-12-23 11:36:15.000,2018-12-23 11:36:15.000
216089548,Sylvana,f,2018-10-07 04:19:23.000,2018-10-07 04:19:23.000
216090764,Jan David,f,2020-03-02 11:15:09.000,2020-03-02 11:15:09.000
216103834,Celina,f,2019-02-23 11:40:57.000,2019-02-23 11:40:57.000
216253769,Fernando,t,2019-09-27 02:57:17.000,2019-09-27 02:57:17.000
216384648,Laura,f,2021-11-05 13:11:29.000,2021-11-05 13:11:29.000
216392647,Petra,f,2018-10-26 01:13:33.000,2018-10-26 01:13:33.000
216394478,Mustafa,f,2021-11-18 05:59:08.000,2021-11-18 05:59:08.000
216469474,Sinisa,f,2019-11-11 18:27:56.000,2019-11-11 18:27:56.000
216540733,Johann,f,2018-10-27 16:55:26.000,2018-10-27 16:55:26.000
216545166,Kim And Caro,f,2018-09-13 04:07:55.000,2018-09-13 04:07:55.000
216837175,Amelia,t,2018-12-22 01:39:30.000,2018-12-22 01:39:30.000
216855948,Emelio,f,2021-05-13 05:04:33.000,2021-05-13 05:04:33.000
216867611,Rewari Hotel Berlin,t,2018-12-05 15:08:33.000,2018-12-05 15:08:33.000
216880791,Sebastian,f,2019-05-13 12:29:12.000,2019-05-13 12:29:12.000
217008809,Christoph,f,2018-09-29 00:07:26.000,2018-09-29 00:07:26.000
217049360,Peter & Sabine,t,2018-10-24 04:25:28.000,2018-10-24 04:25:28.000
217176947,Janna,f,2018-09-15 23:29:57.000,2018-09-15 23:29:57.000
217187729,Julian,f,2018-09-28 20:21:06.000,2018-09-28 20:21:06.000
217262525,Allison,f,2018-10-05 03:30:42.000,2018-10-05 03:30:42.000
217378709,Visionapartments,f,2016-03-11 21:06:57.000,2016-03-11 21:06:57.000
217382028,Anna,f,2021-11-04 05:03:26.000,2021-11-04 05:03:26.000
217529245,Conny,f,2018-12-30 12:35:05.000,2018-12-30 12:35:05.000
217538129,Maria,f,2021-10-21 00:27:30.000,2021-10-21 00:27:30.000
217559281,Marie,f,2021-10-24 06:06:40.000,2021-10-24 06:06:40.000
217642567,Marilu,t,2019-01-06 22:31:27.000,2019-01-06 22:31:27.000
217706736,Gudrun,f,2018-10-23 07:29:29.000,2018-10-23 07:29:29.000
217724263,Daniel,f,2019-08-03 14:30:49.000,2019-08-03 14:30:49.000
217899069,Oliver,t,2018-10-21 08:39:03.000,2018-10-21 08:39:03.000
217952174,Fereshteh,f,2021-07-08 06:54:49.000,2021-07-08 06:54:49.000
218056981,Jennifer,f,2020-02-25 07:42:02.000,2020-02-25 07:42:02.000
218067793,Simon,f,2021-09-14 17:44:19.000,2021-09-14 17:44:19.000
218110120,Jens,t,2020-06-10 13:18:44.000,2020-06-10 13:18:44.000
218426295,Panos,f,2021-11-13 16:47:42.000,2021-11-13 16:47:42.000
218540737,Arne Und Fee,f,2021-11-02 20:41:32.000,2021-11-02 20:41:32.000
218563528,Nico,f,2018-10-30 14:26:08.000,2018-10-30 14:26:08.000
218706214,Michael,t,2018-10-07 00:51:31.000,2018-10-07 00:51:31.000
218761980,Hannes,f,2021-11-18 11:49:25.000,2021-11-18 11:49:25.000
218792729,Gabriele,f,2018-11-17 08:08:48.000,2018-11-17 08:08:48.000
218817177,Jule,f,2018-10-13 14:42:14.000,2018-10-13 14:42:14.000
218829566,Daniel,f,2021-04-13 12:32:10.000,2021-04-13 12:32:10.000
219276021,Steven,f,2021-10-23 18:52:52.000,2021-10-23 18:52:52.000
219284770,Alex,f,2021-11-17 11:43:47.000,2021-11-17 11:43:47.000
219326028,Tanja & Julius,t,2018-11-29 12:30:01.000,2018-11-29 12:30:01.000
219387149,Andre,f,2018-10-11 03:50:09.000,2018-10-11 03:50:09.000
219411816,Andrew,t,2019-08-09 07:56:10.000,2019-08-09 07:56:10.000
219420726,Nabila,f,2018-12-13 00:48:13.000,2018-12-13 00:48:13.000
219587159,Annegret,f,2018-10-30 11:41:30.000,2018-10-30 11:41:30.000
219791942,Moritz,f,2019-08-09 12:11:20.000,2019-08-09 12:11:20.000
219818665,Sebastian,t,2018-10-08 02:39:21.000,2018-10-08 02:39:21.000
219826586,Muhammad &Angela,f,2018-12-27 21:59:57.000,2018-12-27 21:59:57.000
220021377,Georg,t,2021-06-10 01:17:59.000,2021-06-10 01:17:59.000
220025968,Frank,f,2021-10-25 01:22:41.000,2021-10-25 01:22:41.000
220040685,Karin,t,2018-10-15 18:50:18.000,2018-10-15 18:50:18.000
220188192,Carlotta,f,2019-01-02 07:42:03.000,2019-01-02 07:42:03.000
220193495,Frank,f,2019-05-28 02:27:46.000,2019-05-28 02:27:46.000
220204535,Team NEWBERLIN,f,2018-12-22 15:53:13.000,2018-12-22 15:53:13.000
220427209,Kathrin,f,2018-10-24 04:44:58.000,2018-10-24 04:44:58.000
220934996,Tansu,f,2021-10-28 12:17:46.000,2021-10-28 12:17:46.000
220957569,Heide,t,2019-01-06 21:43:50.000,2019-01-06 21:43:50.000
221150356,Andrea,f,2018-11-18 14:22:04.000,2018-11-18 14:22:04.000
221307440,Arite,f,2021-11-18 10:45:55.000,2021-11-18 10:45:55.000
221325581,Raquel,f,2021-10-23 11:52:12.000,2021-10-23 11:52:12.000
221361263,Birte,t,2018-10-20 03:57:10.000,2018-10-20 03:57:10.000
221364268,Ule,f,2019-02-02 12:49:57.000,2019-02-02 12:49:57.000
221370552,Peter,f,2020-08-06 20:37:31.000,2020-08-06 20:37:31.000
221486457,Berlina,f,2018-11-01 01:41:02.000,2018-11-01 01:41:02.000
221529487,Louise,f,2018-12-01 01:53:44.000,2018-12-01 01:53:44.000
221559421,Diana,f,2018-12-31 05:15:32.000,2018-12-31 05:15:32.000
221610108,Robin,t,2018-10-22 13:45:18.000,2018-10-22 13:45:18.000
221662049,Zanda,f,2020-01-04 01:15:24.000,2020-01-04 01:15:24.000
221731912,Annika,f,2021-11-15 11:54:58.000,2021-11-15 11:54:58.000
221733916,Alexandre,f,2019-11-10 18:13:24.000,2019-11-10 18:13:24.000
221885061,Rafi,f,2020-11-28 22:09:27.000,2020-11-28 22:09:27.000
221894338,Karthik,f,2019-11-04 17:12:03.000,2019-11-04 17:12:03.000
221894358,Kamilla,f,2021-08-14 16:36:06.000,2021-08-14 16:36:06.000
222021604,Christof,t,2018-10-29 12:48:37.000,2018-10-29 12:48:37.000
222039980,Carolin,f,2021-06-28 15:03:23.000,2021-06-28 15:03:23.000
222088950,Clarissa,f,2021-11-14 11:21:20.000,2021-11-14 11:21:20.000
222154123,Isabelle,t,2018-12-26 17:09:38.000,2018-12-26 17:09:38.000
222276941,Emmanuel,f,2018-11-04 02:42:34.000,2018-11-04 02:42:34.000
222347863,Marco,f,2019-09-22 03:51:28.000,2019-09-22 03:51:28.000
222565622,Daniele,f,2018-10-23 18:31:19.000,2018-10-23 18:31:19.000
222575103,Jona,f,2018-12-24 02:02:04.000,2018-12-24 02:02:04.000
222596512,Juval,f,2021-10-29 07:39:57.000,2021-10-29 07:39:57.000
222672960,Pippa,f,2021-10-26 01:16:48.000,2021-10-26 01:16:48.000
222673220,Diana,f,2021-11-14 15:40:25.000,2021-11-14 15:40:25.000
222877193,Luca,t,2021-01-20 18:20:27.000,2021-01-20 18:20:27.000
222935818,Ralf,t,2018-10-26 16:10:57.000,2018-10-26 16:10:57.000
222966010,Francis,t,2021-04-17 10:27:00.000,2021-04-17 10:27:00.000
222997440,Siegfried,f,2018-11-02 05:11:23.000,2018-11-02 05:11:23.000
223098376,Isabelle,f,2019-07-05 23:39:14.000,2019-07-05 23:39:14.000
223112527,Patrik,f,2021-10-26 20:58:13.000,2021-10-26 20:58:13.000
223122438,Benjamin,f,2019-07-18 06:38:08.000,2019-07-18 06:38:08.000
223184163,Bert,f,2019-11-12 09:03:39.000,2019-11-12 09:03:39.000
223195205,Maya,f,2018-10-31 22:34:30.000,2018-10-31 22:34:30.000
223290400,Lu,f,2018-11-10 01:52:59.000,2018-11-10 01:52:59.000
223369819,Anisa,f,2018-12-15 19:28:15.000,2018-12-15 19:28:15.000
223414302,Jannis,f,2018-11-06 14:09:29.000,2018-11-06 14:09:29.000
223469578,Lucas,f,2019-05-29 14:31:57.000,2019-05-29 14:31:57.000
223488941,Inga,f,2019-06-09 12:48:57.000,2019-06-09 12:48:57.000
223670741,Conor,t,2019-08-01 15:24:34.000,2019-08-01 15:24:34.000
223679612,Jens,t,2018-10-22 04:19:02.000,2018-10-22 04:19:02.000
223702661,Celia,f,2020-01-07 12:23:01.000,2020-01-07 12:23:01.000
223758739,Jenifer,f,2019-06-24 15:10:20.000,2019-06-24 15:10:20.000
223807959,Eva,f,2021-11-11 03:52:20.000,2021-11-11 03:52:20.000
224005802,Akhtar,f,2018-11-18 00:17:00.000,2018-11-18 00:17:00.000
224088356,Ben,f,2021-11-01 00:24:48.000,2021-11-01 00:24:48.000
224128782,Dietmar,t,2018-11-13 04:59:26.000,2018-11-13 04:59:26.000
224156706,Cem,t,2018-11-19 15:02:00.000,2018-11-19 15:02:00.000
224274594,Martin,t,2019-01-05 05:24:12.000,2019-01-05 05:24:12.000
224289213,Iris,f,2018-12-20 00:43:34.000,2018-12-20 00:43:34.000
224415305,Natalia,f,2018-11-16 06:08:10.000,2018-11-16 06:08:10.000
224487852,Rafa,f,2020-01-30 20:28:55.000,2020-01-30 20:28:55.000
224508134,Katja,f,2018-12-21 21:52:13.000,2018-12-21 21:52:13.000
224618890,Nico,f,2019-03-28 03:52:39.000,2019-03-28 03:52:39.000
224642410,Anna,f,2018-11-06 01:05:04.000,2018-11-06 01:05:04.000
224691394,Kristina,f,2018-11-17 02:33:04.000,2018-11-17 02:33:04.000
224800977,Juno,f,2020-11-09 05:08:31.000,2020-11-09 05:08:31.000
224824217,Sophia,f,2018-12-24 15:38:57.000,2018-12-24 15:38:57.000
224826358,Mirfat,f,2018-11-28 08:53:57.000,2018-11-28 08:53:57.000
224914737,Fu,t,2020-11-21 04:00:28.000,2020-11-21 04:00:28.000
225032154,Simon,f,2019-02-24 13:15:53.000,2019-02-24 13:15:53.000
225133967,Nadja,f,2021-07-23 13:07:31.000,2021-07-23 13:07:31.000
225190210,Humeyra,f,2019-09-19 02:04:16.000,2019-09-19 02:04:16.000
225204685,Naomi,f,2018-11-10 20:34:57.000,2018-11-10 20:34:57.000
225240354,Sophia,f,2021-10-25 00:47:56.000,2021-10-25 00:47:56.000
225256054,Magda,f,2018-12-17 01:08:29.000,2018-12-17 01:08:29.000
225263350,Sara,f,2021-11-13 10:50:39.000,2021-11-13 10:50:39.000
225277104,Gelfo,f,2018-11-26 01:46:15.000,2018-11-26 01:46:15.000
225339158,Giulia,t,2019-07-29 17:30:02.000,2019-07-29 17:30:02.000
225448824,Sigrun,f,2019-01-25 10:43:41.000,2019-01-25 10:43:41.000
225527178,Joanna,f,2018-11-03 11:12:46.000,2018-11-03 11:12:46.000
225580370,Lars,f,2019-10-30 11:31:55.000,2019-10-30 11:31:55.000
225695136,Tino,f,2020-08-15 15:57:38.000,2020-08-15 15:57:38.000
225711033,Rubén,t,2018-11-13 04:24:56.000,2018-11-13 04:24:56.000
225729173,Franz,f,2021-07-17 17:44:43.000,2021-07-17 17:44:43.000
225781791,Schoeneberg,f,2018-11-07 00:08:35.000,2018-11-07 00:08:35.000
225852413,Britta,f,2018-11-27 14:39:17.000,2018-11-27 14:39:17.000
225874512,Manfred,f,2021-09-25 15:27:54.000,2021-09-25 15:27:54.000
225941636,Anton,f,2018-12-07 00:46:54.000,2018-12-07 00:46:54.000
225999508,Gökhan,t,2021-03-06 06:09:58.000,2021-03-06 06:09:58.000
226028482,Viviana,f,2019-01-31 18:22:11.000,2019-01-31 18:22:11.000
226065063,Darius Und Tommy,f,2018-11-28 08:27:57.000,2018-11-28 08:27:57.000
226306598,Marcus,f,2018-12-07 10:18:18.000,2018-12-07 10:18:18.000
226345338,Sam,f,2020-03-18 09:40:10.000,2020-03-18 09:40:10.000
226367313,Julia,f,2018-12-13 03:52:26.000,2018-12-13 03:52:26.000
226379402,Katharina,f,2018-11-17 19:25:20.000,2018-11-17 19:25:20.000
226468844,Winnie,f,2019-03-01 01:38:18.000,2019-03-01 01:38:18.000
226480704,Willi,f,2019-12-19 13:02:13.000,2019-12-19 13:02:13.000
226545155,Caroline,t,2019-05-07 23:10:01.000,2019-05-07 23:10:01.000
226644788,Lara,f,2019-08-10 21:46:00.000,2019-08-10 21:46:00.000
226804910,Andrea,t,2021-04-27 14:11:23.000,2021-04-27 14:11:23.000
226976247,Benjamin,f,2021-10-22 18:12:13.000,2021-10-22 18:12:13.000
227034714,Norbert,t,2018-12-06 05:40:54.000,2018-12-06 05:40:54.000
227122628,Hassanin,f,2021-11-07 04:46:30.000,2021-11-07 04:46:30.000
227441080,Benni,f,2021-10-21 12:40:28.000,2021-10-21 12:40:28.000
227580228,Florian,f,2018-11-24 02:21:49.000,2018-11-24 02:21:49.000
227583617,Lou,f,2019-01-11 16:12:34.000,2019-01-11 16:12:34.000
227608392,Phuc,f,2021-08-30 21:14:23.000,2021-08-30 21:14:23.000
227612865,André,f,2018-12-09 00:47:24.000,2018-12-09 00:47:24.000
227623259,Susana,t,2020-10-15 23:47:32.000,2020-10-15 23:47:32.000
227774469,Ainhoa,f,2018-12-05 08:08:28.000,2018-12-05 08:08:28.000
227798081,Nicolas,t,2019-03-30 23:20:26.000,2019-03-30 23:20:26.000
227835898,Zviad,f,2021-11-15 14:53:28.000,2021-11-15 14:53:28.000
227868914,Alalouch,f,2019-08-01 09:26:48.000,2019-08-01 09:26:48.000
227947244,Amadou,f,2019-05-26 22:40:16.000,2019-05-26 22:40:16.000
228058426,Dorit,t,2018-11-26 11:52:56.000,2018-11-26 11:52:56.000
228105924,Eva-Lotta,f,2021-11-10 05:23:52.000,2021-11-10 05:23:52.000
228360093,Peter,f,2021-07-31 04:51:09.000,2021-07-31 04:51:09.000
228560577,Amjad,f,2021-10-29 11:55:39.000,2021-10-29 11:55:39.000
228579126,Negin,f,2021-11-15 00:54:26.000,2021-11-15 00:54:26.000
228670455,Uwe,f,2018-11-26 10:12:59.000,2018-11-26 10:12:59.000
228702349,Maximilian,f,2018-12-24 06:16:10.000,2018-12-24 06:16:10.000
228821843,Peta,f,2018-12-18 17:30:27.000,2018-12-18 17:30:27.000
228826277,Lion,f,2018-12-27 13:14:27.000,2018-12-27 13:14:27.000
228838792,Lisa,f,2019-09-09 12:00:09.000,2019-09-09 12:00:09.000
228863350,Ana,f,2018-12-16 04:01:02.000,2018-12-16 04:01:02.000
228893524,Rebeca,f,2018-12-19 09:04:18.000,2018-12-19 09:04:18.000
228898318,Andrea,t,2021-06-15 21:28:14.000,2021-06-15 21:28:14.000
228901917,Lara,f,2021-06-27 14:54:44.000,2021-06-27 14:54:44.000
228990143,Joseph,f,2020-02-18 04:46:27.000,2020-02-18 04:46:27.000
229087787,Joanna,f,2021-08-02 11:04:30.000,2021-08-02 11:04:30.000
229089748,Nikola,t,2021-07-02 13:13:23.000,2021-07-02 13:13:23.000
229198003,Benjamin Und Andreas,f,2019-04-20 01:24:50.000,2019-04-20 01:24:50.000
229209363,Ann-Sophie,f,2019-09-01 05:01:33.000,2019-09-01 05:01:33.000
229224660,FLOTTWELL BERLIN Hotel,f,2019-03-30 05:18:14.000,2019-03-30 05:18:14.000
229225507,Violeta,f,2018-12-30 15:12:37.000,2018-12-30 15:12:37.000
229230204,Sascha,f,2018-12-09 10:45:47.000,2018-12-09 10:45:47.000
229379445,Julien,f,2021-11-04 02:56:32.000,2021-11-04 02:56:32.000
229435799,Elliot,f,2020-07-13 22:27:18.000,2020-07-13 22:27:18.000
229439059,Alexander,f,2019-02-02 20:13:13.000,2019-02-02 20:13:13.000
229443494,Yana,f,2018-12-26 09:53:13.000,2018-12-26 09:53:13.000
229694700,Mouod,f,2021-10-26 02:43:41.000,2021-10-26 02:43:41.000
229742535,Tom,t,2019-08-14 16:26:59.000,2019-08-14 16:26:59.000
229814668,Anastasia,f,2018-12-19 16:46:21.000,2018-12-19 16:46:21.000
229818288,Ermin,f,2019-12-19 18:19:39.000,2019-12-19 18:19:39.000
229848279,Itohan Mercy,f,2019-04-18 21:52:04.000,2019-04-18 21:52:04.000
229906598,Aris,f,2019-01-01 14:40:27.000,2019-01-01 14:40:27.000
229974079,Naora,f,2019-04-23 17:09:42.000,2019-04-23 17:09:42.000
229976316,Sören,f,2018-12-25 12:36:52.000,2018-12-25 12:36:52.000
230001236,Assunta,t,2019-01-08 12:59:34.000,2019-01-08 12:59:34.000
230303813,My Linh,f,2019-04-19 22:18:46.000,2019-04-19 22:18:46.000
230318099,Petra,t,2019-03-21 20:53:41.000,2019-03-21 20:53:41.000
230325352,Vincent,f,2019-07-17 11:10:22.000,2019-07-17 11:10:22.000
230343847,Fabio,f,2019-06-24 04:18:10.000,2019-06-24 04:18:10.000
230352789,Uta,f,2019-03-15 16:48:55.000,2019-03-15 16:48:55.000
230374445,Nour,f,2019-08-24 08:20:20.000,2019-08-24 08:20:20.000
230386042,Evgeny,f,2020-04-15 00:17:42.000,2020-04-15 00:17:42.000
230483522,Sabine,f,2019-12-27 09:03:15.000,2019-12-27 09:03:15.000
230485511,Lauriane,f,2018-12-21 08:52:48.000,2018-12-21 08:52:48.000
230607730,Andrea,f,2021-08-05 22:09:44.000,2021-08-05 22:09:44.000
230642908,Alexandra,f,2019-11-24 06:37:45.000,2019-11-24 06:37:45.000
230662590,Felix,f,2019-03-17 22:16:43.000,2019-03-17 22:16:43.000
230943751,Morgan,f,2021-10-29 08:10:55.000,2021-10-29 08:10:55.000
231054516,Björn,f,2019-04-25 15:44:45.000,2019-04-25 15:44:45.000
231080319,Stephan,f,2018-12-25 02:18:26.000,2018-12-25 02:18:26.000
231082199,Annett,f,2021-08-21 07:09:53.000,2021-08-21 07:09:53.000
231137281,Lara,f,2019-03-04 06:24:31.000,2019-03-04 06:24:31.000
231153373,Linda,f,2019-04-08 05:54:57.000,2019-04-08 05:54:57.000
231321669,Johann,t,2021-04-01 18:56:08.000,2021-04-01 18:56:08.000
231385009,Florian,f,2019-12-25 07:44:33.000,2019-12-25 07:44:33.000
231477389,Miguel Tito,f,2018-12-17 18:59:50.000,2018-12-17 18:59:50.000
231480307,Aria,f,2018-12-24 13:44:50.000,2018-12-24 13:44:50.000
231582428,Mohit,f,2019-05-29 02:21:00.000,2019-05-29 02:21:00.000
231617186,Manuel,f,2019-07-27 18:29:33.000,2019-07-27 18:29:33.000
231622685,Anne,f,2019-01-27 01:50:04.000,2019-01-27 01:50:04.000
231632308,Julian,t,2018-12-30 10:35:03.000,2018-12-30 10:35:03.000
231768189,Alex,f,2019-02-04 20:53:01.000,2019-02-04 20:53:01.000
231929784,Christian,f,2019-06-01 09:55:12.000,2019-06-01 09:55:12.000
231988813,Ayesha,f,2018-12-16 14:42:34.000,2018-12-16 14:42:34.000
232010466,Werner,t,2019-01-12 15:16:00.000,2019-01-12 15:16:00.000
232067096,Islem,f,2020-08-11 05:15:24.000,2020-08-11 05:15:24.000
232136851,Sören,t,2019-07-17 14:12:25.000,2019-07-17 14:12:25.000
232201424,Marissa,t,2019-02-25 03:36:18.000,2019-02-25 03:36:18.000
232381112,Mark,f,2019-03-15 22:52:47.000,2019-03-15 22:52:47.000
232510151,Bettina,f,2019-04-27 23:27:20.000,2019-04-27 23:27:20.000
232544721,Brigitte,f,2019-04-15 07:22:36.000,2019-04-15 07:22:36.000
232551293,Philipp,t,2019-02-16 19:17:54.000,2019-02-16 19:17:54.000
232691796,Dusan,t,2018-12-22 14:06:39.000,2018-12-22 14:06:39.000
232917231,Franziska,f,2018-12-16 17:45:37.000,2018-12-16 17:45:37.000
232966616,Gabriele,f,2019-03-03 16:18:13.000,2019-03-03 16:18:13.000
232977398,Steffen,f,2019-06-30 02:56:25.000,2019-06-30 02:56:25.000
233220830,Mohammad Hamza,f,2021-11-09 07:00:44.000,2021-11-09 07:00:44.000
233476604,Sami,f,2021-07-11 11:09:11.000,2021-07-11 11:09:11.000
233629381,Olaf,f,2018-12-29 01:56:30.000,2018-12-29 01:56:30.000
233663426,Matthias,t,2019-04-25 03:25:04.000,2019-04-25 03:25:04.000
233890775,Michael,f,2019-01-09 20:29:00.000,2019-01-09 20:29:00.000
233918696,Alessandra,f,2019-07-31 21:53:46.000,2019-07-31 21:53:46.000
233927295,Nhung,f,2019-01-05 16:39:25.000,2019-01-05 16:39:25.000
234077728,Anahita,f,2021-11-08 10:40:22.000,2021-11-08 10:40:22.000
234080474,Julius,f,2019-05-07 19:56:26.000,2019-05-07 19:56:26.000
234280081,Irene,f,2019-01-24 04:19:54.000,2019-01-24 04:19:54.000
234312359,Trina,f,2019-05-08 11:39:05.000,2019-05-08 11:39:05.000
234393112,Sven,f,2019-01-13 08:31:59.000,2019-01-13 08:31:59.000
234510969,Frank,t,2019-12-17 23:13:55.000,2019-12-17 23:13:55.000
234578236,Sarah,f,2021-10-28 04:47:06.000,2021-10-28 04:47:06.000
234695082,Susanne,f,2021-10-21 08:17:52.000,2021-10-21 08:17:52.000
234753937,Yue,f,2021-10-26 02:00:45.000,2021-10-26 02:00:45.000
234800552,Mohammad Reza,f,2019-01-24 13:30:38.000,2019-01-24 13:30:38.000
234811911,Alex,f,2021-11-09 10:55:54.000,2021-11-09 10:55:54.000
234930165,KroMap,f,2019-04-02 06:13:55.000,2019-04-02 06:13:55.000
235032226,Benjamin,f,2019-01-15 07:17:50.000,2019-01-15 07:17:50.000
235058174,Bert,t,2019-01-04 18:48:56.000,2019-01-04 18:48:56.000
235168007,Gela,t,2019-01-17 10:58:24.000,2019-01-17 10:58:24.000
235188041,Pedram,f,2021-11-18 20:31:48.000,2021-11-18 20:31:48.000
235201790,Renate,t,2019-01-24 10:03:03.000,2019-01-24 10:03:03.000
235406349,Centrovital,f,2019-02-02 16:31:50.000,2019-02-02 16:31:50.000
235448301,Gritt,t,2019-02-23 11:03:50.000,2019-02-23 11:03:50.000
235494831,Sol,f,2019-01-23 05:19:39.000,2019-01-23 05:19:39.000
235516787,Frank,f,2019-01-03 05:57:31.000,2019-01-03 05:57:31.000
235520461,Ralf,f,2021-11-16 09:45:30.000,2021-11-16 09:45:30.000
235524245,Vinnie,t,2019-06-11 04:44:20.000,2019-06-11 04:44:20.000
235527892,Jhon Jairo,f,2019-07-21 21:26:02.000,2019-07-21 21:26:02.000
235589349,Maria,f,2019-02-09 12:29:49.000,2019-02-09 12:29:49.000
235668226,Nebo,f,2021-02-10 04:05:42.000,2021-02-10 04:05:42.000
235728535,Monika,t,2019-01-14 21:36:18.000,2019-01-14 21:36:18.000
235847317,Annette,t,2019-02-06 15:51:48.000,2019-02-06 15:51:48.000
235871361,Sahling,f,2019-01-05 01:23:17.000,2019-01-05 01:23:17.000
235879272,Stefan,f,2019-01-17 10:15:15.000,2019-01-17 10:15:15.000
235904998,Franziska,f,2019-05-26 02:05:21.000,2019-05-26 02:05:21.000
236031555,Lisa,f,2021-08-21 17:41:36.000,2021-08-21 17:41:36.000
236084954,Marc,f,2019-03-21 22:15:53.000,2019-03-21 22:15:53.000
236148209,Antje,f,2021-07-14 07:46:34.000,2021-07-14 07:46:34.000
236290057,Susann,f,2020-03-05 23:49:50.000,2020-03-05 23:49:50.000
236291927,Henok,f,2019-04-10 21:32:38.000,2019-04-10 21:32:38.000
236474705,Arzu,t,2019-03-15 03:41:09.000,2019-03-15 03:41:09.000
236551352,Victor,t,2021-07-29 08:59:23.000,2021-07-29 08:59:23.000
236562193,Simona,f,2019-01-08 05:21:58.000,2019-01-08 05:21:58.000
236746096,Georg,f,2020-06-30 05:20:55.000,2020-06-30 05:20:55.000
236761017,Janis,t,2019-01-26 13:32:36.000,2019-01-26 13:32:36.000
236828216,Kathleen,f,2019-02-23 19:50:40.000,2019-02-23 19:50:40.000
236933948,Team Living Hotel Weissensee,f,2020-05-21 09:11:47.000,2020-05-21 09:11:47.000
237190016,Özgür,f,2021-10-20 23:11:34.000,2021-10-20 23:11:34.000
237199104,Mathias,f,2019-02-02 11:01:30.000,2019-02-02 11:01:30.000
237247600,Ruben,t,2019-02-09 16:01:54.000,2019-02-09 16:01:54.000
237277569,Djamila,f,2020-07-26 02:11:10.000,2020-07-26 02:11:10.000
237476911,Janeth,f,2019-02-28 02:46:09.000,2019-02-28 02:46:09.000
237617227,Diana,f,2021-11-05 22:52:32.000,2021-11-05 22:52:32.000
237735970,Koko,f,2021-11-09 14:23:56.000,2021-11-09 14:23:56.000
237852071,Markus,t,2019-01-16 04:41:11.000,2019-01-16 04:41:11.000
237868039,Fadi,t,2020-09-04 03:05:05.000,2020-09-04 03:05:05.000
237949725,Hannah,f,2020-09-06 07:16:28.000,2020-09-06 07:16:28.000
238003420,Stefan,f,2021-11-05 00:32:14.000,2021-11-05 00:32:14.000
238028559,Buchungsservice SECRA Bookings,f,2021-07-28 20:49:01.000,2021-07-28 20:49:01.000
238029336,Buchungsservice SECRA Bookings,f,2020-12-01 16:44:54.000,2020-12-01 16:44:54.000
238030351,Buchungsservice SECRA Bookings,f,2021-10-26 03:36:06.000,2021-10-26 03:36:06.000
238117376,Alina,f,2021-10-28 11:47:59.000,2021-10-28 11:47:59.000
238278118,Ndoumbe,f,2019-07-08 13:37:04.000,2019-07-08 13:37:04.000
238293580,Rebecca,f,2019-02-03 04:26:51.000,2019-02-03 04:26:51.000
238342312,Anna,f,2019-02-08 02:56:54.000,2019-02-08 02:56:54.000
238446402,Sophia,f,2019-01-25 10:00:29.000,2019-01-25 10:00:29.000
238646049,Pieter & Anne,f,2019-03-02 00:34:16.000,2019-03-02 00:34:16.000
238693377,Steffen,f,2019-03-22 20:13:14.000,2019-03-22 20:13:14.000
238744871,Firman,f,2019-04-08 09:32:13.000,2019-04-08 09:32:13.000
238904827,Marlene,f,2019-02-26 21:28:02.000,2019-02-26 21:28:02.000
238914286,Baron,f,2021-11-02 05:20:34.000,2021-11-02 05:20:34.000
239040287,Joachim,f,2019-06-16 17:02:42.000,2019-06-16 17:02:42.000
239050243,Barbara,f,2019-08-31 14:42:43.000,2019-08-31 14:42:43.000
239058698,Eylem,f,2019-01-13 04:21:29.000,2019-01-13 04:21:29.000
239249936,Benjamin,f,2021-11-10 06:04:23.000,2021-11-10 06:04:23.000
239572037,Ana,f,2021-11-15 11:27:26.000,2021-11-15 11:27:26.000
239737415,Christin,f,2019-02-10 00:28:57.000,2019-02-10 00:28:57.000
239752574,Hector,f,2021-11-01 11:12:09.000,2021-11-01 11:12:09.000
239914396,Ferdinand,f,2019-03-23 12:20:25.000,2019-03-23 12:20:25.000
239934068,Se,f,2019-10-06 13:37:38.000,2019-10-06 13:37:38.000
240160127,Barkin,f,2019-03-04 19:54:16.000,2019-03-04 19:54:16.000
240204649,St Christophers Inn Berlin,f,2019-06-25 16:49:30.000,2019-06-25 16:49:30.000
240210420,Gabriela,f,2019-01-29 22:20:40.000,2019-01-29 22:20:40.000
240229894,Mathias,f,2020-04-27 17:50:50.000,2020-04-27 17:50:50.000
240236791,Christian,f,2019-06-27 11:56:41.000,2019-06-27 11:56:41.000
240349779,Thomas,f,2019-02-13 03:57:05.000,2019-02-13 03:57:05.000
240361474,Cora,f,2021-11-09 00:56:19.000,2021-11-09 00:56:19.000
240471823,Damien,t,2019-08-05 09:02:07.000,2019-08-05 09:02:07.000
240489100,Charlotte,f,2019-10-11 20:05:19.000,2019-10-11 20:05:19.000
240774012,Meredith,f,2021-11-13 01:15:53.000,2021-11-13 01:15:53.000
240803358,Michaela,t,2019-03-06 06:33:46.000,2019-03-06 06:33:46.000
240978402,Oliver,f,2021-10-28 03:27:06.000,2021-10-28 03:27:06.000
241020837,Jürgen,t,2019-04-11 04:08:05.000,2019-04-11 04:08:05.000
241176336,Stayery,t,2019-02-14 18:50:41.000,2019-02-14 18:50:41.000
241261677,Ernst,f,2021-11-01 21:04:00.000,2021-11-01 21:04:00.000
241278252,Flo,t,2019-03-14 16:29:19.000,2019-03-14 16:29:19.000
241439206,Andrea,t,2019-04-22 10:55:44.000,2019-04-22 10:55:44.000
241486369,Tim,t,2020-08-21 19:50:53.000,2020-08-21 19:50:53.000
241598444,Maya,f,2020-09-21 02:45:40.000,2020-09-21 02:45:40.000
241626933,Rupert,f,2021-11-09 19:33:57.000,2021-11-09 19:33:57.000
241643747,Mehdi,f,2021-07-26 06:40:30.000,2021-07-26 06:40:30.000
241695991,Sarah,f,2019-03-27 18:40:58.000,2019-03-27 18:40:58.000
241731385,Deborah,f,2021-11-06 18:39:55.000,2021-11-06 18:39:55.000
241745713,Josef,f,2019-02-18 19:04:40.000,2019-02-18 19:04:40.000
241893881,Alina,f,2021-10-22 14:30:55.000,2021-10-22 14:30:55.000
241946091,Shivam,f,2019-05-08 18:12:14.000,2019-05-08 18:12:14.000
242063096,Torill,t,2019-03-07 12:14:12.000,2019-03-07 12:14:12.000
242128703,Zöhre,t,2019-10-21 11:18:10.000,2019-10-21 11:18:10.000
242231104,Hannes,f,2019-03-05 18:30:29.000,2019-03-05 18:30:29.000
242430405,Werner,t,2019-04-15 23:46:37.000,2019-04-15 23:46:37.000
242439150,Igor,f,2019-05-19 10:36:54.000,2019-05-19 10:36:54.000
242443720,Sha,f,2020-02-20 23:53:30.000,2020-02-20 23:53:30.000
242476070,Frederic,t,2019-03-09 07:40:40.000,2019-03-09 07:40:40.000
242495251,Tina,f,2021-06-24 05:27:05.000,2021-06-24 05:27:05.000
242507901,Mareen,f,2019-03-05 18:35:25.000,2019-03-05 18:35:25.000
242573496,Peggy,f,2020-10-07 13:47:02.000,2020-10-07 13:47:02.000
242662435,Ramona,f,2019-06-27 08:50:51.000,2019-06-27 08:50:51.000
242676450,Marion,t,2020-02-14 09:27:17.000,2020-02-14 09:27:17.000
242732438,Max,f,2019-03-03 19:54:07.000,2019-03-03 19:54:07.000
242740150,Bernd,f,2019-05-11 20:21:14.000,2019-05-11 20:21:14.000
242922705,Philipp,f,2019-10-02 18:26:39.000,2019-10-02 18:26:39.000
242928642,Lila,t,2019-02-07 09:44:28.000,2019-02-07 09:44:28.000
242961382,Helvin,t,2019-03-05 12:43:22.000,2019-03-05 12:43:22.000
242964912,SaMer,f,2019-03-01 02:51:14.000,2019-03-01 02:51:14.000
243076441,Sebastian,t,2019-10-21 03:06:32.000,2019-10-21 03:06:32.000
243177127,Sebastian,t,2019-08-21 18:22:05.000,2019-08-21 18:22:05.000
243390663,Anja,f,2021-07-07 21:40:23.000,2021-07-07 21:40:23.000
243421116,Maria,f,2021-11-06 14:24:01.000,2021-11-06 14:24:01.000
243427336,Trish,f,2019-02-17 01:51:04.000,2019-02-17 01:51:04.000
243483364,Tanja,f,2019-02-18 20:28:22.000,2019-02-18 20:28:22.000
243593450,Dragos,f,2019-05-15 20:06:03.000,2019-05-15 20:06:03.000
243622938,Darya,f,2021-11-02 12:49:30.000,2021-11-02 12:49:30.000
243806907,Stefan,f,2019-07-04 22:05:16.000,2019-07-04 22:05:16.000
243835679,Marco,f,2019-12-22 15:17:41.000,2019-12-22 15:17:41.000
243896113,Nik,f,2019-05-04 10:40:56.000,2019-05-04 10:40:56.000
243934963,Sebastian,f,2021-10-25 03:49:03.000,2021-10-25 03:49:03.000
243951375,Ani,f,2021-08-01 22:12:08.000,2021-08-01 22:12:08.000
244058292,Kasey,f,2019-02-24 01:08:20.000,2019-02-24 01:08:20.000
244062496,Lauritz,f,2019-03-01 09:34:21.000,2019-03-01 09:34:21.000
244300136,Lukas,f,2019-03-20 08:04:13.000,2019-03-20 08:04:13.000
244301347,Jule,f,2019-12-31 08:53:15.000,2019-12-31 08:53:15.000
244311758,Juliette,f,2019-03-14 06:54:45.000,2019-03-14 06:54:45.000
244346619,Pierre,f,2019-11-09 04:59:10.000,2019-11-09 04:59:10.000
244374498,Roman,t,2020-07-29 21:32:13.000,2020-07-29 21:32:13.000
244482639,Sylvia,f,2019-02-19 19:44:43.000,2019-02-19 19:44:43.000
244591669,Michael,t,2019-11-08 08:17:44.000,2019-11-08 08:17:44.000
244881771,Lutz,f,2020-10-27 19:48:41.000,2020-10-27 19:48:41.000
245121658,Anika Und Martin,f,2021-11-06 20:17:16.000,2021-11-06 20:17:16.000
245134540,Anat,t,2019-05-21 19:28:31.000,2019-05-21 19:28:31.000
245273297,Lea,f,2019-03-01 02:42:36.000,2019-03-01 02:42:36.000
245287038,Gianni,f,2020-08-31 22:45:35.000,2020-08-31 22:45:35.000
245322783,Sofie,t,2019-06-04 22:23:40.000,2019-06-04 22:23:40.000
245717635,Ulf,t,2019-04-20 05:36:40.000,2019-04-20 05:36:40.000
245724076,IRent,f,2019-03-03 05:15:35.000,2019-03-03 05:15:35.000
245813534,Viktoria,f,2019-12-27 06:23:24.000,2019-12-27 06:23:24.000
245921875,Cornelia,f,2021-10-29 01:32:36.000,2021-10-29 01:32:36.000
245939806,Christoph,f,2021-10-28 01:40:26.000,2021-10-28 01:40:26.000
246097895,Vicky,f,2019-02-27 16:27:01.000,2019-02-27 16:27:01.000
246126296,Katharina,f,2019-03-06 01:26:59.000,2019-03-06 01:26:59.000
246141139,Philipp,f,2019-02-27 14:12:57.000,2019-02-27 14:12:57.000
246149585,Toma,f,2019-04-16 11:36:00.000,2019-04-16 11:36:00.000
246182817,Donata,f,2020-01-20 04:52:12.000,2020-01-20 04:52:12.000
246426102,Saman,t,2020-07-23 00:28:38.000,2020-07-23 00:28:38.000
246524621,Vivien,f,2019-08-24 04:09:54.000,2019-08-24 04:09:54.000
246731979,Larissa,f,2019-04-04 12:04:59.000,2019-04-04 12:04:59.000
246816195,Carolin,f,2019-03-06 17:05:43.000,2019-03-06 17:05:43.000
246848849,Kim,f,2021-10-28 18:39:02.000,2021-10-28 18:39:02.000
247023802,Esra,t,2019-03-29 17:53:42.000,2019-03-29 17:53:42.000
247071736,Jeffrey,f,2019-03-11 13:20:00.000,2019-03-11 13:20:00.000
247158537,Carolin,f,2019-03-20 09:38:49.000,2019-03-20 09:38:49.000
247180286,Paul,f,2019-04-01 03:59:48.000,2019-04-01 03:59:48.000
247205056,Thomas,f,2021-07-30 00:37:12.000,2021-07-30 00:37:12.000
247426814,Joseph,t,2019-03-20 18:33:35.000,2019-03-20 18:33:35.000
247428676,Michael,f,2021-10-29 17:14:30.000,2021-10-29 17:14:30.000
247436929,Patric,t,2019-03-10 04:30:40.000,2019-03-10 04:30:40.000
247444610,Daria,t,2019-03-09 02:25:35.000,2019-03-09 02:25:35.000
247583994,Daniel,t,2019-03-16 07:46:01.000,2019-03-16 07:46:01.000
247651074,Lucka,f,2019-03-14 12:45:57.000,2019-03-14 12:45:57.000
247668798,Christiane,f,2019-06-20 08:34:54.000,2019-06-20 08:34:54.000
247832729,Diana,f,2019-09-17 05:56:44.000,2019-09-17 05:56:44.000
247958421,Denis,f,2019-03-21 12:27:24.000,2019-03-21 12:27:24.000
247978374,Leena,t,2019-03-26 03:24:57.000,2019-03-26 03:24:57.000
248037605,Leslye,f,2019-03-15 12:25:07.000,2019-03-15 12:25:07.000
248358743,Markus,f,2019-07-14 07:58:25.000,2019-07-14 07:58:25.000
248390574,Anna,f,2019-11-26 10:31:43.000,2019-11-26 10:31:43.000
248447171,Konstantin,t,2019-03-18 04:59:34.000,2019-03-18 04:59:34.000
248564713,Luis,f,2019-03-31 06:02:34.000,2019-03-31 06:02:34.000
248577093,Anne,f,2019-03-26 22:58:43.000,2019-03-26 22:58:43.000
248696847,Gerasimos,f,2020-03-01 01:43:29.000,2020-03-01 01:43:29.000
248820265,Oguzhan,f,2020-02-20 10:36:01.000,2020-02-20 10:36:01.000
248853741,Suse,f,2019-03-10 16:27:42.000,2019-03-10 16:27:42.000
248866253,Kaya,t,2019-08-21 16:36:06.000,2019-08-21 16:36:06.000
249039927,Emiliano,f,2021-11-12 14:28:48.000,2021-11-12 14:28:48.000
249076347,Eli,t,2019-07-23 12:25:20.000,2019-07-23 12:25:20.000
249095771,Jonas,f,2019-04-19 12:33:03.000,2019-04-19 12:33:03.000
249240890,Bob,f,2021-07-31 01:09:29.000,2021-07-31 01:09:29.000
249285910,Ricardo,f,2021-11-13 05:16:51.000,2021-11-13 05:16:51.000
249494349,Anne,f,2019-06-28 21:37:50.000,2019-06-28 21:37:50.000
249586813,Lina,t,2019-07-02 16:11:27.000,2019-07-02 16:11:27.000
249643775,Soraya,f,2019-03-13 08:45:15.000,2019-03-13 08:45:15.000
249647967,Debora,f,2019-12-23 13:52:32.000,2019-12-23 13:52:32.000
249817385,Iris,f,2019-06-04 17:36:20.000,2019-06-04 17:36:20.000
249851890,Natascha,t,2019-03-15 22:44:09.000,2019-03-15 22:44:09.000
249913966,Till,f,2019-07-10 16:12:28.000,2019-07-10 16:12:28.000
249960384,Sabine & Andreas,f,2019-04-04 20:58:29.000,2019-04-04 20:58:29.000
250095588,Tushar,f,2019-05-26 18:02:32.000,2019-05-26 18:02:32.000
250422861,Uta,f,2019-04-19 04:08:02.000,2019-04-19 04:08:02.000
250424750,Armin,f,2019-04-08 06:31:13.000,2019-04-08 06:31:13.000
250434615,Henrik,f,2019-03-22 19:36:15.000,2019-03-22 19:36:15.000
250463009,Ana,f,2019-10-18 11:37:01.000,2019-10-18 11:37:01.000
250474714,Laura,f,2019-04-17 16:43:38.000,2019-04-17 16:43:38.000
250490126,Louisa,f,2021-11-08 10:19:41.000,2021-11-08 10:19:41.000
250648735,Tanya,f,2021-05-19 14:19:38.000,2021-05-19 14:19:38.000
250666138,Nicolas,f,2019-09-14 20:32:50.000,2019-09-14 20:32:50.000
250756570,Anaïs,f,2021-07-03 18:10:40.000,2021-07-03 18:10:40.000
250859973,Dennis,f,2019-04-07 14:14:01.000,2019-04-07 14:14:01.000
250865735,Thomas,f,2019-08-29 01:53:38.000,2019-08-29 01:53:38.000
250865866,Ewa,f,2021-11-04 11:21:12.000,2021-11-04 11:21:12.000
250869359,Anastassia,f,2019-09-18 12:19:49.000,2019-09-18 12:19:49.000
250870384,Andreas,t,2019-04-12 11:53:20.000,2019-04-12 11:53:20.000
251070303,Viola,f,2019-04-08 01:59:33.000,2019-04-08 01:59:33.000
251495116,Andrea,f,2019-05-13 08:05:34.000,2019-05-13 08:05:34.000
251497729,Kristina,f,2019-05-25 18:31:21.000,2019-05-25 18:31:21.000
251609284,Florian,f,2021-10-22 07:22:40.000,2021-10-22 07:22:40.000
251692186,Maischa,f,2019-08-06 05:39:24.000,2019-08-06 05:39:24.000
251702716,John,f,2021-11-10 09:07:39.000,2021-11-10 09:07:39.000
251703986,Martin,f,2020-07-24 22:42:45.000,2020-07-24 22:42:45.000
251708769,Marie,f,2019-05-26 19:30:28.000,2019-05-26 19:30:28.000
251921957,Sabby,f,2019-12-22 04:44:49.000,2019-12-22 04:44:49.000
251964839,Isabella,t,2019-04-12 08:04:37.000,2019-04-12 08:04:37.000
251971300,Philipp,f,2019-09-05 12:07:53.000,2019-09-05 12:07:53.000
252010097,Ardit,f,2020-04-27 20:48:25.000,2020-04-27 20:48:25.000
252025968,Kanchanjit,f,2021-11-17 11:20:09.000,2021-11-17 11:20:09.000
252048694,Aghy,f,2020-02-26 23:53:26.000,2020-02-26 23:53:26.000
252090361,Jonathan,f,2019-04-05 22:24:59.000,2019-04-05 22:24:59.000
252128965,Anja,f,2019-07-09 00:09:47.000,2019-07-09 00:09:47.000
252315229,David,f,2019-08-03 04:38:42.000,2019-08-03 04:38:42.000
252498808,Vermietungsservice SECRA Bookings,f,2021-08-06 11:40:10.000,2021-08-06 11:40:10.000
252506507,Rainer,f,2019-03-23 18:56:21.000,2019-03-23 18:56:21.000
252517578,Christian,t,2019-04-10 13:31:06.000,2019-04-10 13:31:06.000
252608118,Enrico,f,2019-06-19 17:44:35.000,2019-06-19 17:44:35.000
252615967,Manuela,f,2021-11-02 16:15:05.000,2021-11-02 16:15:05.000
252720334,Anja,f,2020-02-13 16:42:07.000,2020-02-13 16:42:07.000
252740499,Ulf,f,2019-04-07 14:50:03.000,2019-04-07 14:50:03.000
252743752,Judith,t,2019-04-01 10:14:57.000,2019-04-01 10:14:57.000
252805983,Silvan,f,2021-10-23 06:35:10.000,2021-10-23 06:35:10.000
252831202,Jonas,f,2019-04-19 01:56:54.000,2019-04-19 01:56:54.000
252938718,Anna,f,2021-11-17 12:39:01.000,2021-11-17 12:39:01.000
252963672,Serena,f,2019-04-30 02:11:32.000,2019-04-30 02:11:32.000
252981613,Sofia,f,2019-04-18 15:25:27.000,2019-04-18 15:25:27.000
253137965,Laura,f,2019-06-26 17:48:22.000,2019-06-26 17:48:22.000
253224425,Augusto,f,2021-08-13 20:15:51.000,2021-08-13 20:15:51.000
253228683,Dan,f,2019-05-18 02:16:33.000,2019-05-18 02:16:33.000
253433465,Anika,f,2019-06-29 23:52:45.000,2019-06-29 23:52:45.000
253470504,Konstantin,t,2019-04-05 09:16:36.000,2019-04-05 09:16:36.000
253489630,Paul,f,2021-11-11 22:50:47.000,2021-11-11 22:50:47.000
253550770,铮争,f,2021-10-23 10:15:38.000,2021-10-23 10:15:38.000
253593119,Silvia,f,2021-11-09 03:42:04.000,2021-11-09 03:42:04.000
253607769,Felix,t,2019-04-11 13:41:34.000,2019-04-11 13:41:34.000
253784213,Anna,f,2019-05-13 03:14:52.000,2019-05-13 03:14:52.000
253869373,Janine,f,2019-06-02 23:19:00.000,2019-06-02 23:19:00.000
254002911,Malou,f,2019-06-08 18:21:58.000,2019-06-08 18:21:58.000
254003149,Hilmi Kaya,t,2019-04-19 09:36:10.000,2019-04-19 09:36:10.000
254121955,Ghaya,f,2019-07-04 15:56:50.000,2019-07-04 15:56:50.000
254273419,Bugdayci,f,2021-11-05 20:51:49.000,2021-11-05 20:51:49.000
254296027,Annett,f,2020-02-19 22:23:19.000,2020-02-19 22:23:19.000
254344351,Julia,f,2020-01-10 15:00:15.000,2020-01-10 15:00:15.000
254371533,Jonas & Michela,f,2019-07-29 19:30:30.000,2019-07-29 19:30:30.000
254469394,Iris,f,2019-04-15 08:20:23.000,2019-04-15 08:20:23.000
254474068,Hannes,f,2019-04-27 14:34:06.000,2019-04-27 14:34:06.000
254531738,Matthias,f,2021-11-01 20:20:28.000,2021-11-01 20:20:28.000
254624292,Kevin,f,2020-06-06 00:44:55.000,2020-06-06 00:44:55.000
255189662,Vivienne,f,2020-07-17 21:14:41.000,2020-07-17 21:14:41.000
255208777,Lea,f,2019-05-02 13:22:44.000,2019-05-02 13:22:44.000
255304344,Charlotte,f,2021-08-02 20:58:38.000,2021-08-02 20:58:38.000
255434237,Kathrin,f,2021-10-27 09:22:55.000,2021-10-27 09:22:55.000
255505646,Gisela,t,2019-06-07 13:13:08.000,2019-06-07 13:13:08.000
255536908,Leo,f,2019-06-03 22:12:29.000,2019-06-03 22:12:29.000
255568099,Inga,t,2019-05-21 21:04:25.000,2019-05-21 21:04:25.000
255694167,Joyce,f,2019-06-08 10:12:37.000,2019-06-08 10:12:37.000
255935032,Jules,f,2021-09-09 19:39:41.000,2021-09-09 19:39:41.000
255958728,Patrick,f,2019-06-02 11:55:19.000,2019-06-02 11:55:19.000
256035484,Emeline,f,2020-07-13 05:00:37.000,2020-07-13 05:00:37.000
256062596,Corinna,t,2019-06-04 07:19:39.000,2019-06-04 07:19:39.000
256278556,Ben,f,2019-09-06 03:59:10.000,2019-09-06 03:59:10.000
256430330,Farzona,f,2021-04-13 08:02:04.000,2021-04-13 08:02:04.000
256588588,Nancy,f,2019-12-26 18:49:20.000,2019-12-26 18:49:20.000
256594479,Daniel,f,2019-04-28 03:17:00.000,2019-04-28 03:17:00.000
256594692,Pin-Jyun,f,2019-05-13 23:57:40.000,2019-05-13 23:57:40.000
256605450,Julian,f,2019-12-01 00:37:56.000,2019-12-01 00:37:56.000
256762224,Giancarlo,f,2021-11-06 20:38:41.000,2021-11-06 20:38:41.000
257183289,Baladeira,f,2019-04-21 16:21:04.000,2019-04-21 16:21:04.000
257323932,Ana,f,2019-06-18 01:10:25.000,2019-06-18 01:10:25.000
257379748,Cruz,f,2021-10-22 17:38:07.000,2021-10-22 17:38:07.000
257726278,Laurenz,t,2019-05-10 20:10:30.000,2019-05-10 20:10:30.000
257726398,Team Vom Goodman´S Living,f,2019-06-26 12:13:32.000,2019-06-26 12:13:32.000
257730416,Anna,t,2019-05-18 15:20:43.000,2019-05-18 15:20:43.000
257757294,Robert,t,2019-06-02 12:52:28.000,2019-06-02 12:52:28.000
257790634,Ariane,f,2021-11-07 14:24:45.000,2021-11-07 14:24:45.000
258173951,Dominik,f,2021-11-10 03:29:00.000,2021-11-10 03:29:00.000
258197723,Vicky,t,2019-04-23 04:13:44.000,2019-04-23 04:13:44.000
258217678,Tim,t,2019-11-29 20:13:50.000,2019-11-29 20:13:50.000
258229037,Daniela,f,2020-02-15 20:27:33.000,2020-02-15 20:27:33.000
258350902,Manni,f,2019-04-29 10:31:36.000,2019-04-29 10:31:36.000
258356469,Phil,f,2019-05-16 18:05:38.000,2019-05-16 18:05:38.000
258536638,Anna-Lena,f,2019-06-29 20:43:34.000,2019-06-29 20:43:34.000
258606573,Kevin Eghosa,f,2021-10-30 15:40:24.000,2021-10-30 15:40:24.000
258692912,Crystal River,f,2019-06-06 13:50:36.000,2019-06-06 13:50:36.000
258711520,Christina,f,2020-08-25 07:31:15.000,2020-08-25 07:31:15.000
258761653,Nena Apartments Metropolpark Berlin,f,2019-05-11 02:23:29.000,2019-05-11 02:23:29.000
258767530,Tanya,f,2019-05-26 04:10:57.000,2019-05-26 04:10:57.000
258780613,Sophie,f,2019-12-22 04:30:15.000,2019-12-22 04:30:15.000
258798035,Emily,t,2019-06-01 20:34:07.000,2019-06-01 20:34:07.000
258832970,Vika,f,2021-05-18 13:11:59.000,2021-05-18 13:11:59.000
258947387,Sophia Und Tilman,f,2019-05-14 22:48:03.000,2019-05-14 22:48:03.000
258959731,La Corniche Apartments GmbH,f,2021-10-30 00:21:40.000,2021-10-30 00:21:40.000
259149815,Luis,f,2019-04-28 16:56:30.000,2019-04-28 16:56:30.000
259224000,Team Vom,t,2019-06-02 16:26:07.000,2019-06-02 16:26:07.000
259262897,Letizia,f,2020-03-11 00:08:51.000,2020-03-11 00:08:51.000
259317360,Domenico,f,2021-11-18 06:51:21.000,2021-11-18 06:51:21.000
259412674,Anita,f,2021-09-25 10:11:50.000,2021-09-25 10:11:50.000
259418649,Anna,f,2021-11-19 15:57:30.000,2021-11-19 15:57:30.000
259423623,Robert,f,2019-04-21 06:13:50.000,2019-04-21 06:13:50.000
259551168,Oleg,f,2019-05-10 20:38:19.000,2019-05-10 20:38:19.000
259604247,Pia,f,2019-05-13 16:35:47.000,2019-05-13 16:35:47.000
259711094,Coralie,f,2019-07-20 04:55:32.000,2019-07-20 04:55:32.000
259727701,Elsa,f,2021-10-27 03:26:46.000,2021-10-27 03:26:46.000
259739442,Irene Lia,f,2020-07-18 11:37:34.000,2020-07-18 11:37:34.000
259940521,Kefah,f,2021-11-14 07:57:05.000,2021-11-14 07:57:05.000
259971398,Yedai,t,2019-05-09 13:31:10.000,2019-05-09 13:31:10.000
259981791,Ahmad,f,2021-10-28 05:15:13.000,2021-10-28 05:15:13.000
260167740,Marthe,f,2020-09-25 17:03:13.000,2020-09-25 17:03:13.000
260583792,Chris,f,2019-07-05 15:44:48.000,2019-07-05 15:44:48.000
260745009,Julien,f,2019-09-04 16:36:06.000,2019-09-04 16:36:06.000
260759851,Stefan,f,2019-05-24 02:56:47.000,2019-05-24 02:56:47.000
260945779,Katharina,f,2019-05-13 01:47:34.000,2019-05-13 01:47:34.000
260969264,Johannes,t,2019-06-02 21:37:56.000,2019-06-02 21:37:56.000
261036424,Elvin,f,2021-10-02 20:15:10.000,2021-10-02 20:15:10.000
261308982,Ina,f,2019-05-12 10:20:19.000,2019-05-12 10:20:19.000
261377554,Chiara,f,2019-08-26 17:32:34.000,2019-08-26 17:32:34.000
261548855,Flo,f,2019-06-11 02:51:27.000,2019-06-11 02:51:27.000
261605200,Laura,f,2019-05-01 11:58:59.000,2019-05-01 11:58:59.000
262057253,Williane,t,2019-05-12 14:28:30.000,2019-05-12 14:28:30.000
262209501,Jason,f,2019-08-25 05:23:57.000,2019-08-25 05:23:57.000
262248101,Julian,f,2019-07-10 08:17:34.000,2019-07-10 08:17:34.000
262271694,Lothar,f,2019-06-05 12:28:10.000,2019-06-05 12:28:10.000
262277644,Hugo,f,2019-05-13 13:08:49.000,2019-05-13 13:08:49.000
262362133,Lynda,t,2019-05-18 06:45:12.000,2019-05-18 06:45:12.000
262442515,Selma,f,2019-06-11 05:36:51.000,2019-06-11 05:36:51.000
262470855,Marta,f,2021-11-16 13:16:42.000,2021-11-16 13:16:42.000
262828785,Stella,f,2019-06-20 23:26:07.000,2019-06-20 23:26:07.000
262942262,Kristina,f,2019-07-14 21:42:01.000,2019-07-14 21:42:01.000
263245982,Ela,f,2020-08-22 19:40:50.000,2020-08-22 19:40:50.000
263379944,R.,t,2019-05-20 02:33:43.000,2019-05-20 02:33:43.000
263403354,Ignacio,f,2021-09-09 13:33:58.000,2021-09-09 13:33:58.000
263427438,Amélie,f,2019-06-04 21:20:28.000,2019-06-04 21:20:28.000
263458414,John,f,2019-05-27 20:21:32.000,2019-05-27 20:21:32.000
263627387,Simon,f,2021-10-22 16:47:37.000,2021-10-22 16:47:37.000
263663534,Bianca,f,2019-05-18 19:10:58.000,2019-05-18 19:10:58.000
263757282,Serhat,t,2019-06-22 09:59:41.000,2019-06-22 09:59:41.000
263814398,Uyen,f,2021-10-11 15:57:42.000,2021-10-11 15:57:42.000
263822901,Lea,f,2021-07-18 16:45:03.000,2021-07-18 16:45:03.000
263838249,Erhan,t,2019-05-17 13:53:29.000,2019-05-17 13:53:29.000
263918188,Sedra,f,2021-10-28 03:28:24.000,2021-10-28 03:28:24.000
264000094,Maryam,f,2021-11-06 01:55:48.000,2021-11-06 01:55:48.000
264047260,Yuval,t,2019-05-26 02:41:35.000,2019-05-26 02:41:35.000
264220585,Nicolas,f,2019-12-28 06:28:12.000,2019-12-28 06:28:12.000
264306815,Erdal,f,2021-11-05 08:32:16.000,2021-11-05 08:32:16.000
264435948,Soji,f,2020-02-14 19:48:33.000,2020-02-14 19:48:33.000
264442117,Matthias,f,2019-06-11 07:56:43.000,2019-06-11 07:56:43.000
264491936,Kathleen,f,2019-12-25 02:30:27.000,2019-12-25 02:30:27.000
264650965,Daniela,f,2021-10-26 22:47:47.000,2021-10-26 22:47:47.000
264670551,Matthias,f,2019-06-25 14:10:34.000,2019-06-25 14:10:34.000
264676347,Annalisa,f,2019-07-02 18:33:24.000,2019-07-02 18:33:24.000
264791454,Natalie,f,2019-07-05 20:01:55.000,2019-07-05 20:01:55.000
264908563,Laura,t,2019-06-01 05:44:42.000,2019-06-01 05:44:42.000
265251885,Phuong Linh,t,2019-08-16 00:01:19.000,2019-08-16 00:01:19.000
265406526,Julian Dean,f,2019-05-29 18:03:51.000,2019-05-29 18:03:51.000
265415759,Ana,f,2019-11-13 02:13:38.000,2019-11-13 02:13:38.000
265446715,Hesham,f,2020-08-23 22:21:14.000,2020-08-23 22:21:14.000
265490093,Robert,f,2019-05-27 00:38:52.000,2019-05-27 00:38:52.000
265491291,Céline,f,2021-03-30 23:28:40.000,2021-03-30 23:28:40.000
265635773,James,f,2019-07-16 16:51:36.000,2019-07-16 16:51:36.000
265822169,Agata,f,2019-12-17 16:00:51.000,2019-12-17 16:00:51.000
266014741,Kahan,f,2019-06-21 16:51:53.000,2019-06-21 16:51:53.000
266026454,Frank,f,2021-07-27 05:38:10.000,2021-07-27 05:38:10.000
266028804,Lilian,f,2019-06-22 10:18:25.000,2019-06-22 10:18:25.000
266066667,Frank,t,2019-06-04 12:12:02.000,2019-06-04 12:12:02.000
266090525,Letizia,f,2019-07-16 02:57:17.000,2019-07-16 02:57:17.000
266231877,Danuta,f,2019-07-04 13:24:20.000,2019-07-04 13:24:20.000
266250591,Tabea & Paula,f,2019-05-31 17:35:15.000,2019-05-31 17:35:15.000
266263930,Heike,f,2019-08-10 18:38:43.000,2019-08-10 18:38:43.000
266268233,Anna,f,2021-11-01 17:10:23.000,2021-11-01 17:10:23.000
266352766,Alina,f,2021-06-19 05:38:21.000,2021-06-19 05:38:21.000
266482556,Andrea Und Holger,t,2019-05-25 18:47:11.000,2019-05-25 18:47:11.000
266492416,Johannes,f,2019-10-14 04:49:31.000,2019-10-14 04:49:31.000
266536602,Szilard,t,2019-09-28 12:40:11.000,2019-09-28 12:40:11.000
266586952,Carla,f,2021-06-12 17:55:54.000,2021-06-12 17:55:54.000
266724394,Anna,t,2019-06-12 03:38:36.000,2019-06-12 03:38:36.000
266770902,Lisa,f,2019-06-27 08:06:49.000,2019-06-27 08:06:49.000
266817943,Oliver,f,2019-08-27 05:22:39.000,2019-08-27 05:22:39.000
266910125,Nico,f,2019-07-04 03:19:50.000,2019-07-04 03:19:50.000
266914699,Walter,f,2019-07-12 22:42:30.000,2019-07-12 22:42:30.000
266952435,Nicole,f,2019-06-19 12:48:57.000,2019-06-19 12:48:57.000
266965003,Anja,f,2021-10-29 18:17:45.000,2021-10-29 18:17:45.000
267000335,Djo,f,2019-06-21 22:03:21.000,2019-06-21 22:03:21.000
267112588,John,f,2019-09-22 16:20:04.000,2019-09-22 16:20:04.000
267172624,Wely,t,2020-06-02 09:58:13.000,2020-06-02 09:58:13.000
267316752,Nathalie,f,2019-09-03 09:08:31.000,2019-09-03 09:08:31.000
267400172,Carsten,t,2019-05-30 02:02:33.000,2019-05-30 02:02:33.000
267525825,Bülent,f,2019-08-03 07:51:20.000,2019-08-03 07:51:20.000
267551144,Mai,f,2021-08-09 23:41:37.000,2021-08-09 23:41:37.000
267562621,Jürgen,t,2019-09-04 19:26:48.000,2019-09-04 19:26:48.000
267583245,Stefan Und Nathalie,t,2019-07-12 13:09:58.000,2019-07-12 13:09:58.000
267616510,Trine,f,2019-06-12 22:55:46.000,2019-06-12 22:55:46.000
267620192,Turabi,f,2019-07-18 23:14:57.000,2019-07-18 23:14:57.000
267623793,Katja,t,2019-06-10 02:15:04.000,2019-06-10 02:15:04.000
267778385,Zoraya,f,2020-07-16 23:24:13.000,2020-07-16 23:24:13.000
267779752,St Christophers Inn Berlin Mitte,f,2019-06-21 02:22:50.000,2019-06-21 02:22:50.000
267863630,Julia,f,2019-06-21 21:08:55.000,2019-06-21 21:08:55.000
267887249,Joerg,f,2020-07-15 10:42:24.000,2020-07-15 10:42:24.000
267995688,Lutz,f,2019-06-09 11:03:14.000,2019-06-09 11:03:14.000
268022853,Hotel Die Schule,f,2019-08-30 09:12:27.000,2019-08-30 09:12:27.000
268025423,Bob,f,2019-09-19 16:44:29.000,2019-09-19 16:44:29.000
268061709,Lazhar,f,2019-06-23 22:32:09.000,2019-06-23 22:32:09.000
268066223,Mahnaz,f,2021-11-12 12:39:48.000,2021-11-12 12:39:48.000
268075764,Schlossbräu,f,2019-08-31 09:48:07.000,2019-08-31 09:48:07.000
268156265,Birgit,t,2019-09-10 16:54:13.000,2019-09-10 16:54:13.000
268176715,Tatjana,f,2021-11-03 05:07:17.000,2021-11-03 05:07:17.000
268301912,Jörg,t,2019-07-02 03:09:23.000,2019-07-02 03:09:23.000
268302176,Jane,f,2019-08-16 21:35:05.000,2019-08-16 21:35:05.000
268631508,Maryana,f,2021-10-25 16:38:30.000,2021-10-25 16:38:30.000
268768440,Natalia,t,2019-07-09 08:36:13.000,2019-07-09 08:36:13.000
268929085,Sonja,f,2019-06-19 11:16:17.000,2019-06-19 11:16:17.000
268944361,Olga,f,2019-07-06 17:33:46.000,2019-07-06 17:33:46.000
268952342,David Henry,f,2019-08-03 00:02:21.000,2019-08-03 00:02:21.000
268964781,Carolin,f,2020-02-23 15:31:06.000,2020-02-23 15:31:06.000
269165457,Ringhotel Seehof Berlin - Team,f,2021-09-14 04:48:41.000,2021-09-14 04:48:41.000
269192904,Jodali,f,2019-06-29 13:13:11.000,2019-06-29 13:13:11.000
269196922,Old Town Hotel,f,2019-08-12 06:21:48.000,2019-08-12 06:21:48.000
269247914,Reem,f,2021-11-01 22:01:32.000,2021-11-01 22:01:32.000
269454258,Sam,f,2019-12-30 10:05:19.000,2019-12-30 10:05:19.000
269461122,Daniel,f,2019-06-22 04:35:52.000,2019-06-22 04:35:52.000
269483435,Anaelle,t,2019-06-14 12:34:39.000,2019-06-14 12:34:39.000
269730595,Kamal,f,2019-10-11 12:11:36.000,2019-10-11 12:11:36.000
269810192,Marie,f,2019-12-29 23:42:52.000,2019-12-29 23:42:52.000
269850608,Socrisse Neldy,f,2021-11-03 03:01:52.000,2021-11-03 03:01:52.000
269854119,D.,t,2019-06-16 08:51:47.000,2019-06-16 08:51:47.000
270096880,Jana,f,2020-01-06 14:19:20.000,2020-01-06 14:19:20.000
270284539,Marlon,f,2021-11-17 07:42:42.000,2021-11-17 07:42:42.000
270508273,Beatrice,f,2021-09-28 20:56:30.000,2021-09-28 20:56:30.000
270511754,Gülhan,f,2020-08-27 23:32:55.000,2020-08-27 23:32:55.000
270577016,Johann,t,2019-08-30 19:27:40.000,2019-08-30 19:27:40.000
270596134,Zac,f,2021-07-17 21:17:35.000,2021-07-17 21:17:35.000
270713464,Lena,f,2021-08-04 17:52:54.000,2021-08-04 17:52:54.000
270760003,Anja,t,2019-08-17 12:00:15.000,2019-08-17 12:00:15.000
270932564,Ester,f,2021-11-19 10:19:19.000,2021-11-19 10:19:19.000
270945294,Alexander,t,2019-07-01 12:38:45.000,2019-07-01 12:38:45.000
270945970,Generator,f,2019-07-10 10:40:10.000,2019-07-10 10:40:10.000
270965910,Mandana,f,2021-11-12 14:23:59.000,2021-11-12 14:23:59.000
271235180,Sammy,f,2020-12-15 16:40:10.000,2020-12-15 16:40:10.000
271239829,Christian,f,2021-10-22 00:28:31.000,2021-10-22 00:28:31.000
271262936,Tomer,t,2019-06-19 15:08:34.000,2019-06-19 15:08:34.000
271536602,Orell,f,2019-09-07 11:49:13.000,2019-09-07 11:49:13.000
271539020,Atrous,f,2020-03-01 00:25:33.000,2020-03-01 00:25:33.000
271549062,Saskia,f,2019-09-30 18:24:16.000,2019-09-30 18:24:16.000
271600260,Kevin,f,2019-06-16 10:12:39.000,2019-06-16 10:12:39.000
271635707,Eknös,f,2020-02-08 14:38:46.000,2020-02-08 14:38:46.000
271696663,Laura,f,2019-12-23 03:42:34.000,2019-12-23 03:42:34.000
271714786,Celio,f,2021-11-16 07:19:01.000,2021-11-16 07:19:01.000
271747133,Andrei,f,2019-08-28 16:12:20.000,2019-08-28 16:12:20.000
271782848,Laura,f,2019-09-07 13:54:30.000,2019-09-07 13:54:30.000
271993354,Orhan,f,2019-06-28 19:48:12.000,2019-06-28 19:48:12.000
272015514,Jo,f,2019-07-19 00:34:19.000,2019-07-19 00:34:19.000
272028952,Ella,f,2019-06-18 20:01:57.000,2019-06-18 20:01:57.000
272444407,Julia,t,2019-07-21 07:31:12.000,2019-07-21 07:31:12.000
272513688,Robert,f,2019-06-30 03:12:48.000,2019-06-30 03:12:48.000
272567340,Mathias,t,2020-07-16 16:01:05.000,2020-07-16 16:01:05.000
272665773,Dominika,f,2019-07-05 12:35:22.000,2019-07-05 12:35:22.000
272686633,Greta,f,2019-07-24 11:56:13.000,2019-07-24 11:56:13.000
272739339,Jessica,f,2019-07-06 22:56:02.000,2019-07-06 22:56:02.000
272770561,Allen,f,2019-08-03 17:15:23.000,2019-08-03 17:15:23.000
272784264,Maqsood,f,2019-07-10 10:35:30.000,2019-07-10 10:35:30.000
273049892,Andre,t,2019-08-27 05:50:54.000,2019-08-27 05:50:54.000
273058696,Jana,f,2019-06-26 18:15:58.000,2019-06-26 18:15:58.000
273073817,Michael,t,2019-07-08 15:48:56.000,2019-07-08 15:48:56.000
273331838,Mehmet,f,2019-08-27 06:31:11.000,2019-08-27 06:31:11.000
273334779,Agata,f,2021-10-26 02:39:15.000,2021-10-26 02:39:15.000
273470240,Maria,f,2019-07-08 17:57:13.000,2019-07-08 17:57:13.000
273509888,Classik Hotel Hackescher Markt,f,2019-09-03 10:01:59.000,2019-09-03 10:01:59.000
273517819,Vera,t,2019-08-07 19:22:07.000,2019-08-07 19:22:07.000
273540150,Ivana,f,2020-02-21 13:03:29.000,2020-02-21 13:03:29.000
273574156,Kien,f,2019-11-27 19:05:57.000,2019-11-27 19:05:57.000
273603825,Melissa,f,2019-12-30 23:11:33.000,2019-12-30 23:11:33.000
273704413,Mikhail,f,2020-02-15 19:48:01.000,2020-02-15 19:48:01.000
273956965,Ekaterina,t,2021-08-30 09:16:54.000,2021-08-30 09:16:54.000
273992777,Irene,f,2019-07-20 12:16:28.000,2019-07-20 12:16:28.000
274078976,Francesco,f,2021-11-14 14:54:21.000,2021-11-14 14:54:21.000
274202606,Maja And Mark,t,2019-08-29 04:43:22.000,2019-08-29 04:43:22.000
274268017,Flo,f,2019-08-08 17:51:58.000,2019-08-08 17:51:58.000
274427243,Vanessa,f,2019-07-06 21:50:35.000,2019-07-06 21:50:35.000
274428860,Bastian,f,2019-08-29 17:52:57.000,2019-08-29 17:52:57.000
274430017,Tim,f,2021-10-27 21:44:51.000,2021-10-27 21:44:51.000
274449171,Alexandr,f,2019-07-06 18:10:26.000,2019-07-06 18:10:26.000
274566819,Zoë,f,2020-02-25 23:42:05.000,2020-02-25 23:42:05.000
274596433,Marc,f,2020-02-10 01:32:57.000,2020-02-10 01:32:57.000
274694797,Yen,f,2021-11-19 19:59:38.000,2021-11-19 19:59:38.000
274712635,Robert,f,2021-10-24 09:56:15.000,2021-10-24 09:56:15.000
274962947,Sergej,f,2019-06-29 05:45:21.000,2019-06-29 05:45:21.000
274994975,Ma,f,2019-07-11 04:58:41.000,2019-07-11 04:58:41.000
275087561,Shqiponje,f,2021-11-14 07:33:29.000,2021-11-14 07:33:29.000
275132496,Virgile,f,2019-08-10 10:04:06.000,2019-08-10 10:04:06.000
275227742,Alla,f,2019-08-28 11:14:41.000,2019-08-28 11:14:41.000
275245040,Mario,f,2019-07-17 09:43:30.000,2019-07-17 09:43:30.000
275252903,Sophia,f,2021-11-07 01:51:29.000,2021-11-07 01:51:29.000
275255165,Nora,f,2019-10-04 02:34:27.000,2019-10-04 02:34:27.000
275257887,Michael,f,2019-10-23 23:38:55.000,2019-10-23 23:38:55.000
275280158,Louis,f,2021-11-11 00:31:37.000,2021-11-11 00:31:37.000
275339948,Richard,f,2021-11-12 01:26:44.000,2021-11-12 01:26:44.000
275374141,Thomas,f,2021-11-17 12:01:15.000,2021-11-17 12:01:15.000
275389549,Helmut,f,2019-10-14 23:22:35.000,2019-10-14 23:22:35.000
275434958,Carmela,f,2021-11-06 18:12:41.000,2021-11-06 18:12:41.000
275530759,Viktoria,f,2019-07-21 10:34:23.000,2019-07-21 10:34:23.000
275558370,Victoria,f,2021-11-09 00:45:28.000,2021-11-09 00:45:28.000
275595737,Nina,f,2019-07-10 03:21:16.000,2019-07-10 03:21:16.000
275613202,Theo,f,2019-08-18 14:35:21.000,2019-08-18 14:35:21.000
275715739,Anna,f,2021-08-16 05:37:42.000,2021-08-16 05:37:42.000
275723550,Rosario,t,2019-08-16 08:20:27.000,2019-08-16 08:20:27.000
275746541,Mona,f,2019-09-29 23:02:09.000,2019-09-29 23:02:09.000
276223237,STADT. LAND. BAD. GmbH,f,2019-10-04 10:31:16.000,2019-10-04 10:31:16.000
276230451,Frank,f,2020-06-20 01:54:19.000,2020-06-20 01:54:19.000
276276652,Damla,f,2019-09-08 09:31:18.000,2019-09-08 09:31:18.000
276354122,Morten,f,2021-11-07 01:12:35.000,2021-11-07 01:12:35.000
276363267,René,f,2019-07-26 18:41:11.000,2019-07-26 18:41:11.000
276491861,Benjami,f,2021-10-29 02:41:30.000,2021-10-29 02:41:30.000
276573275,Iman,f,2021-11-15 01:11:55.000,2021-11-15 01:11:55.000
276750451,Lacey,f,2021-11-08 03:57:31.000,2021-11-08 03:57:31.000
276804047,Adeeb,f,2019-09-28 15:21:03.000,2019-09-28 15:21:03.000
276815132,Bryn,f,2021-11-15 01:18:18.000,2021-11-15 01:18:18.000
276882413,Max,f,2019-08-01 09:51:25.000,2019-08-01 09:51:25.000
277040136,Christoph,f,2019-08-26 12:17:03.000,2019-08-26 12:17:03.000
277041881,Ctap,f,2021-08-06 20:22:54.000,2021-08-06 20:22:54.000
277158924,Elena,f,2019-10-03 20:54:54.000,2019-10-03 20:54:54.000
277159422,Hala,t,2019-08-29 05:18:05.000,2019-08-29 05:18:05.000
277175913,Emma & Tony,f,2020-06-01 04:03:27.000,2020-06-01 04:03:27.000
277288176,Grand Hostel Berlin,f,2020-01-10 02:19:55.000,2020-01-10 02:19:55.000
277322085,Team Living Hotel Großer Kurfürst,f,2020-07-27 22:57:48.000,2020-07-27 22:57:48.000
277338484,Lissa,f,2019-07-22 04:17:21.000,2019-07-22 04:17:21.000
277546394,Ebenezer,f,2021-10-30 16:53:48.000,2021-10-30 16:53:48.000
277553898,Stephan,f,2019-10-27 19:44:08.000,2019-10-27 19:44:08.000
277847290,Natalia,f,2019-08-24 21:04:58.000,2019-08-24 21:04:58.000
277884734,Sarathy,f,2019-08-26 02:56:57.000,2019-08-26 02:56:57.000
277979335,Nicolas,f,2021-11-19 00:34:26.000,2021-11-19 00:34:26.000
278137731,Christine,f,2019-12-28 02:01:09.000,2019-12-28 02:01:09.000
278165220,Stefanie,t,2019-12-04 19:50:03.000,2019-12-04 19:50:03.000
278240539,Ute,t,2019-07-30 19:38:59.000,2019-07-30 19:38:59.000
278283660,Saad,f,2021-10-21 01:28:44.000,2021-10-21 01:28:44.000
278475620,Héloïse,f,2019-09-06 00:29:17.000,2019-09-06 00:29:17.000
278539159,Zimmer,f,2019-07-18 09:42:16.000,2019-07-18 09:42:16.000
278955781,Marcus,f,2019-09-05 23:41:28.000,2019-09-05 23:41:28.000
278961050,Max,f,2019-08-29 23:14:44.000,2019-08-29 23:14:44.000
279182021,Deepak,f,2019-08-08 10:46:10.000,2019-08-08 10:46:10.000
279338745,Anna,f,2019-12-07 08:59:45.000,2019-12-07 08:59:45.000
279348797,Tamas,f,2019-08-19 22:03:09.000,2019-08-19 22:03:09.000
279359730,Andreas,t,2019-09-29 19:49:45.000,2019-09-29 19:49:45.000
279360497,Luca,t,2020-07-31 13:59:00.000,2020-07-31 13:59:00.000
279428871,Fabian,f,2019-08-07 20:34:40.000,2019-08-07 20:34:40.000
279473534,Faizan,f,2019-11-05 14:27:33.000,2019-11-05 14:27:33.000
280113413,Nastasia,f,2020-02-19 10:13:24.000,2020-02-19 10:13:24.000
280177166,Erik,f,2019-12-01 12:53:15.000,2019-12-01 12:53:15.000
280292266,Lisa,f,2019-09-06 09:26:35.000,2019-09-06 09:26:35.000
280399736,Matze,t,2020-02-01 12:09:03.000,2020-02-01 12:09:03.000
280411398,Esther,f,2019-07-31 20:21:17.000,2019-07-31 20:21:17.000
280576775,Carolin,t,2019-09-05 22:10:43.000,2019-09-05 22:10:43.000
280600515,Ricarda,f,2020-09-12 05:18:14.000,2020-09-12 05:18:14.000
280606745,Alicja,f,2020-02-12 14:47:11.000,2020-02-12 14:47:11.000
280607056,Nena Apartments Bergmannkiez,f,2019-08-19 17:23:35.000,2019-08-19 17:23:35.000
280617815,Patricia,f,2019-08-26 08:36:13.000,2019-08-26 08:36:13.000
280631274,Waltraut,t,2019-08-04 17:22:38.000,2019-08-04 17:22:38.000
280649180,Kira,f,2019-08-17 03:24:40.000,2019-08-17 03:24:40.000
280853797,Katharina,f,2019-08-18 00:02:08.000,2019-08-18 00:02:08.000
280873805,Francois,f,2019-08-15 06:01:18.000,2019-08-15 06:01:18.000
280920281,Emmanuel,f,2021-11-02 05:09:51.000,2021-11-02 05:09:51.000
281003629,Natascha,f,2021-08-24 00:13:24.000,2021-08-24 00:13:24.000
281064728,Maria,f,2019-07-17 08:21:04.000,2019-07-17 08:21:04.000
281318161,Kathrin,f,2020-01-02 21:06:22.000,2020-01-02 21:06:22.000
281358765,Alexander,f,2019-08-14 22:52:51.000,2019-08-14 22:52:51.000
281376150,Sarah,f,2019-08-12 21:21:19.000,2019-08-12 21:21:19.000
281414248,Claudia,f,2020-04-25 07:36:23.000,2020-04-25 07:36:23.000
281832236,Markus,f,2019-08-06 00:50:20.000,2019-08-06 00:50:20.000
281891744,Peer,f,2019-08-08 22:16:50.000,2019-08-08 22:16:50.000
282042508,Andreas,t,2019-08-01 16:25:53.000,2019-08-01 16:25:53.000
282440216,Anuschka,f,2019-08-05 22:42:08.000,2019-08-05 22:42:08.000
282743044,Lennart,f,2019-07-29 02:05:25.000,2019-07-29 02:05:25.000
282781255,Jacqueline Eve,f,2019-10-04 07:05:00.000,2019-10-04 07:05:00.000
282799962,Liam,t,2019-08-23 18:07:36.000,2019-08-23 18:07:36.000
282969717,Julia,f,2021-10-25 01:22:47.000,2021-10-25 01:22:47.000
283174083,Dirk,t,2019-10-20 15:19:06.000,2019-10-20 15:19:06.000
283409973,Engelber,f,2021-09-16 04:48:10.000,2021-09-16 04:48:10.000
283607198,Lisa,f,2019-08-09 13:56:58.000,2019-08-09 13:56:58.000
283690319,Sven,t,2019-08-03 20:22:45.000,2019-08-03 20:22:45.000
283902197,Daniel,f,2019-08-05 17:54:56.000,2019-08-05 17:54:56.000
283970079,Michael,f,2019-08-25 12:47:09.000,2019-08-25 12:47:09.000
284206453,Islam,f,2019-08-22 12:20:20.000,2019-08-22 12:20:20.000
284287748,Juliane,f,2019-08-20 20:21:38.000,2019-08-20 20:21:38.000
284301469,Bogdan,f,2020-08-18 20:15:12.000,2020-08-18 20:15:12.000
284439028,Alexander,f,2019-07-29 01:11:48.000,2019-07-29 01:11:48.000
284682211,Alina,t,2020-02-07 11:09:48.000,2020-02-07 11:09:48.000
284720636,Oliver,t,2019-08-08 23:28:25.000,2019-08-08 23:28:25.000
284745099,Manuela,f,2019-08-16 07:21:53.000,2019-08-16 07:21:53.000
284806538,Baris,f,2019-08-03 05:16:28.000,2019-08-03 05:16:28.000
284817458,SNOW Wierich,f,2020-07-15 07:13:22.000,2020-07-15 07:13:22.000
284837787,Irene,f,2021-09-13 03:45:35.000,2021-09-13 03:45:35.000
284921967,Marko,f,2019-08-30 13:13:16.000,2019-08-30 13:13:16.000
284974503,Stefanie,t,2019-09-25 21:43:48.000,2019-09-25 21:43:48.000
285013806,Belma,f,2019-10-02 17:59:37.000,2019-10-02 17:59:37.000
285178908,Janina,f,2019-08-04 03:36:46.000,2019-08-04 03:36:46.000
285214489,Gabriele,f,2019-09-02 17:58:50.000,2019-09-02 17:58:50.000
285239727,Denny,t,2019-10-04 00:48:15.000,2019-10-04 00:48:15.000
285289976,Taieb,f,2019-09-04 06:10:22.000,2019-09-04 06:10:22.000
285374364,René,f,2019-08-05 23:11:31.000,2019-08-05 23:11:31.000
285675599,David,f,2020-06-28 18:47:55.000,2020-06-28 18:47:55.000
285702355,Alina,f,2019-08-10 00:31:27.000,2019-08-10 00:31:27.000
285751277,Murat,f,2021-10-24 14:27:20.000,2021-10-24 14:27:20.000
286011983,Cengiz Kutluhan,f,2021-11-08 23:54:08.000,2021-11-08 23:54:08.000
286070089,Roland,f,2021-11-01 16:49:27.000,2021-11-01 16:49:27.000
286093426,Karin,f,2019-09-01 07:18:17.000,2019-09-01 07:18:17.000
286403693,Raico,f,2019-10-08 17:32:59.000,2019-10-08 17:32:59.000
286813592,Kerr,f,2019-08-30 16:16:21.000,2019-08-30 16:16:21.000
286839017,Amjaad,f,2021-11-04 13:15:55.000,2021-11-04 13:15:55.000
286842277,Andrej,t,2019-08-12 15:25:02.000,2019-08-12 15:25:02.000
286894633,Patrick & Benni,t,2019-08-30 10:46:31.000,2019-08-30 10:46:31.000
287040677,Giuseppe,f,2019-08-27 17:41:32.000,2019-08-27 17:41:32.000
287520043,Lina,f,2019-08-31 07:33:32.000,2019-08-31 07:33:32.000
287594013,David,f,2019-08-21 10:31:58.000,2019-08-21 10:31:58.000
287601089,Haz Ammar,t,2019-08-21 11:39:30.000,2019-08-21 11:39:30.000
287768341,Julie,f,2019-09-14 15:04:11.000,2019-09-14 15:04:11.000
287852088,Peter & Antje,f,2019-08-24 02:12:14.000,2019-08-24 02:12:14.000
288109279,Gregor,f,2019-10-10 12:13:05.000,2019-10-10 12:13:05.000
288341447,Victoria,f,2019-11-07 03:47:20.000,2019-11-07 03:47:20.000
288423935,Jean-Baptiste,f,2019-10-28 23:30:38.000,2019-10-28 23:30:38.000
288450496,Victor,f,2021-07-19 18:17:11.000,2021-07-19 18:17:11.000
288621438,Ana,f,2019-09-02 06:47:56.000,2019-09-02 06:47:56.000
288758243,Stefan,f,2021-11-12 19:52:17.000,2021-11-12 19:52:17.000
288762588,Dirk,f,2019-08-22 20:06:03.000,2019-08-22 20:06:03.000
288897938,Yusuf,f,2019-08-22 14:46:13.000,2019-08-22 14:46:13.000
289573026,Meli,f,2019-08-29 01:45:03.000,2019-08-29 01:45:03.000
289724197,Juan,f,2021-11-09 22:16:36.000,2021-11-09 22:16:36.000
289772003,Annette Und Flemming,f,2019-08-30 22:08:56.000,2019-08-30 22:08:56.000
289775188,Alex,f,2019-09-16 20:33:21.000,2019-09-16 20:33:21.000
290026890,Numa | Drift (Ex. Gaijin),t,2021-04-20 13:24:26.000,2021-04-20 13:24:26.000
290262401,Lais,f,2020-02-18 11:38:11.000,2020-02-18 11:38:11.000
290299340,Haseeb,f,2021-10-22 07:51:33.000,2021-10-22 07:51:33.000
290302274,Tim,f,2021-06-22 18:36:21.000,2021-06-22 18:36:21.000
290440065,Simon,t,2019-09-11 15:48:49.000,2019-09-11 15:48:49.000
290447014,Denis,f,2019-09-22 23:34:20.000,2019-09-22 23:34:20.000
290768525,Maxwell,f,2019-09-19 17:58:47.000,2019-09-19 17:58:47.000
290919059,Alexandra,f,2019-08-28 06:36:39.000,2019-08-28 06:36:39.000
290973549,Min,f,2019-09-08 19:39:43.000,2019-09-08 19:39:43.000
290982176,Lena,f,2019-09-21 17:57:27.000,2019-09-21 17:57:27.000
290992825,Markus,f,2019-11-04 01:04:08.000,2019-11-04 01:04:08.000
291062397,Schenja,f,2019-09-02 17:10:50.000,2019-09-02 17:10:50.000
291094077,Jennifer,f,2019-09-22 17:26:03.000,2019-09-22 17:26:03.000
291259294,Quintus,f,2019-09-09 23:17:51.000,2019-09-09 23:17:51.000
291261520,Barbara,f,2019-09-11 19:24:34.000,2019-09-11 19:24:34.000
291386935,Kommune,t,2019-08-26 09:37:14.000,2019-08-26 09:37:14.000
291563672,Patrick,f,2021-09-22 16:37:46.000,2021-09-22 16:37:46.000
291570192,Moro,f,2019-09-05 16:34:03.000,2019-09-05 16:34:03.000
291744065,Benjamin,f,2019-10-24 18:15:05.000,2019-10-24 18:15:05.000
291765280,Peter,f,2019-09-14 18:18:16.000,2019-09-14 18:18:16.000
291798915,Karoline,f,2019-09-20 03:14:11.000,2019-09-20 03:14:11.000
291818104,Stephanie,f,2021-11-13 03:55:37.000,2021-11-13 03:55:37.000
291833531,Nicholas,f,2020-03-12 08:44:59.000,2020-03-12 08:44:59.000
291844536,Mimo,t,2020-10-18 09:25:05.000,2020-10-18 09:25:05.000
291851030,Arman,f,2019-08-28 12:29:56.000,2019-08-28 12:29:56.000
292174713,Martin,t,2019-10-13 05:30:22.000,2019-10-13 05:30:22.000
292185543,Timm,f,2020-02-04 14:44:21.000,2020-02-04 14:44:21.000
292539244,Markus,f,2019-09-08 14:28:34.000,2019-09-08 14:28:34.000
292571220,Camila,t,2019-11-03 14:08:00.000,2019-11-03 14:08:00.000
292830377,Ada,f,2019-09-14 00:06:56.000,2019-09-14 00:06:56.000
293078385,Ella,f,2019-09-22 03:53:08.000,2019-09-22 03:53:08.000
293081403,Lou-Virginia,f,2019-09-28 15:52:07.000,2019-09-28 15:52:07.000
293095688,Ofir,f,2021-11-02 09:50:28.000,2021-11-02 09:50:28.000
293442610,Galissa,f,2021-09-16 04:15:51.000,2021-09-16 04:15:51.000
293671101,Karl Michael,f,2019-10-02 21:09:00.000,2019-10-02 21:09:00.000
293956774,Michael,f,2019-09-28 14:48:40.000,2019-09-28 14:48:40.000
293985517,Chai,f,2019-09-21 19:42:52.000,2019-09-21 19:42:52.000
294015642,Friedrich,t,2019-09-26 00:13:36.000,2019-09-26 00:13:36.000
294224767,Ulli,t,2020-01-01 07:39:05.000,2020-01-01 07:39:05.000
294472967,Mara,f,2019-12-28 10:08:53.000,2019-12-28 10:08:53.000
294528581,Walter Fabian,f,2019-09-20 13:33:52.000,2019-09-20 13:33:52.000
294759884,Martin,t,2019-11-23 10:33:01.000,2019-11-23 10:33:01.000
294938232,Tanja,t,2019-10-27 21:52:00.000,2019-10-27 21:52:00.000
295078228,Philipp,f,2019-10-05 07:46:39.000,2019-10-05 07:46:39.000
295114863,Pareskewula Maria,f,2019-12-21 14:57:28.000,2019-12-21 14:57:28.000
295206009,Karyn,f,2020-02-21 05:16:39.000,2020-02-21 05:16:39.000
295282142,Frankie,f,2020-06-22 18:52:38.000,2020-06-22 18:52:38.000
295353406,Nica,f,2021-11-13 14:46:10.000,2021-11-13 14:46:10.000
295390568,Arun,f,2019-09-21 13:29:44.000,2019-09-21 13:29:44.000
295448377,Dennis,f,2019-09-23 23:34:52.000,2019-09-23 23:34:52.000
295623062,Amaranta,f,2019-09-28 23:42:55.000,2019-09-28 23:42:55.000
295834385,Jacob,f,2019-09-19 00:54:47.000,2019-09-19 00:54:47.000
295857279,Kai,f,2021-11-14 20:08:32.000,2021-11-14 20:08:32.000
296085091,Mie,f,2019-12-24 06:06:45.000,2019-12-24 06:06:45.000
296088435,Gloria,f,2021-07-11 20:30:47.000,2021-07-11 20:30:47.000
296091566,Lea,f,2019-09-26 22:05:11.000,2019-09-26 22:05:11.000
296102947,Ioan Razvan,f,2019-09-29 01:37:23.000,2019-09-29 01:37:23.000
296106167,Patty,f,2019-09-05 01:22:54.000,2019-09-05 01:22:54.000
296125062,Josephine,f,2019-10-12 12:41:05.000,2019-10-12 12:41:05.000
296266675,Juma,f,2019-09-22 05:52:50.000,2019-09-22 05:52:50.000
296432847,Joe,f,2021-10-25 18:51:15.000,2021-10-25 18:51:15.000
296664812,Lucie,f,2021-11-05 11:43:50.000,2021-11-05 11:43:50.000
296729499,Hirse,f,2019-09-25 12:47:40.000,2019-09-25 12:47:40.000
296731569,Karola,f,2019-09-27 00:49:48.000,2019-09-27 00:49:48.000
296797709,Malin,f,2019-09-28 13:27:09.000,2019-09-28 13:27:09.000
296913797,Mirella,t,2019-10-15 14:32:12.000,2019-10-15 14:32:12.000
297287009,Jessica,f,2021-10-27 23:14:57.000,2021-10-27 23:14:57.000
297304610,Linda,f,2019-11-29 15:57:19.000,2019-11-29 15:57:19.000
297332844,Franziska,f,2019-09-28 17:55:22.000,2019-09-28 17:55:22.000
297447927,Kateryna,f,2021-11-04 02:01:13.000,2021-11-04 02:01:13.000
297552852,Marcello,f,2021-11-07 19:27:47.000,2021-11-07 19:27:47.000
297556557,Ekaterina,f,2019-09-24 09:40:00.000,2019-09-24 09:40:00.000
297631364,Alex,f,2019-11-08 22:58:32.000,2019-11-08 22:58:32.000
297654213,Paula,f,2019-09-29 19:08:26.000,2019-09-29 19:08:26.000
297672553,Christoph,f,2020-02-04 05:36:00.000,2020-02-04 05:36:00.000
297693047,Tarek,f,2021-11-06 18:57:00.000,2021-11-06 18:57:00.000
297695964,Eldar,f,2021-10-24 06:51:26.000,2021-10-24 06:51:26.000
297713585,Eric,f,2019-10-07 23:50:38.000,2019-10-07 23:50:38.000
297837039,Dorothee,f,2019-09-23 19:41:40.000,2019-09-23 19:41:40.000
297860344,Sebastian,f,2019-10-02 03:42:41.000,2019-10-02 03:42:41.000
297885367,Gizem,f,2019-09-25 20:50:25.000,2019-09-25 20:50:25.000
297934320,Adham N.,f,2021-11-01 06:52:32.000,2021-11-01 06:52:32.000
297937835,Van Minh,f,2021-11-17 05:04:15.000,2021-11-17 05:04:15.000
298161984,Thierno,f,2021-10-23 23:57:14.000,2021-10-23 23:57:14.000
298310361,Melanie,f,2021-04-01 10:00:21.000,2021-04-01 10:00:21.000
298343442,Ebra,t,2021-07-25 20:46:42.000,2021-07-25 20:46:42.000
298353944,Alexander,f,2019-12-20 08:09:43.000,2019-12-20 08:09:43.000
298574599,Guevara,f,2021-06-14 08:45:36.000,2021-06-14 08:45:36.000
298707599,Franziska,f,2021-10-30 01:57:37.000,2021-10-30 01:57:37.000
298831092,Anton,t,2019-09-28 06:10:19.000,2019-09-28 06:10:19.000
298841502,Bianca,f,2021-03-25 08:01:32.000,2021-03-25 08:01:32.000
298946460,Catherine,f,2021-11-05 21:32:13.000,2021-11-05 21:32:13.000
298960203,Julia,t,2019-10-19 18:43:09.000,2019-10-19 18:43:09.000
298971012,Martin,f,2021-08-26 00:37:00.000,2021-08-26 00:37:00.000
299234553,Elena,f,2020-09-11 05:22:33.000,2020-09-11 05:22:33.000
299243397,Matthias,f,2021-11-03 05:32:08.000,2021-11-03 05:32:08.000
299338718,Ahmed,f,2020-01-13 11:22:22.000,2020-01-13 11:22:22.000
299433978,Helene,f,2019-10-29 10:15:29.000,2019-10-29 10:15:29.000
299548792,Elisa,f,2019-09-29 02:13:57.000,2019-09-29 02:13:57.000
299662075,Nicola,f,2021-10-23 00:25:05.000,2021-10-23 00:25:05.000
299702422,Sascha,f,2019-09-29 20:09:02.000,2019-09-29 20:09:02.000
299754593,Sophia,f,2019-12-23 00:19:06.000,2019-12-23 00:19:06.000
300044803,Nicole,f,2021-11-04 07:05:19.000,2021-11-04 07:05:19.000
300120390,Sabrina,f,2019-10-19 07:55:08.000,2019-10-19 07:55:08.000
300284070,Janek Toco,f,2019-11-09 14:58:20.000,2019-11-09 14:58:20.000
300437853,Peter,t,2019-10-11 22:59:37.000,2019-10-11 22:59:37.000
300587012,Estefania,f,2020-09-11 15:11:40.000,2020-09-11 15:11:40.000
300672137,Philipp,f,2019-11-06 01:26:15.000,2019-11-06 01:26:15.000
300676660,Kerstin,t,2019-10-22 13:18:59.000,2019-10-22 13:18:59.000
300727106,Ilja,f,2019-11-03 09:31:52.000,2019-11-03 09:31:52.000
300732503,Jacob,f,2019-12-16 19:47:02.000,2019-12-16 19:47:02.000
300805554,Markus,f,2019-10-21 05:42:45.000,2019-10-21 05:42:45.000
300974507,Erzsebet,t,2019-10-09 11:22:24.000,2019-10-09 11:22:24.000
300988244,Sara,f,2019-12-23 19:02:46.000,2019-12-23 19:02:46.000
300989160,Christian,f,2019-10-15 08:19:46.000,2019-10-15 08:19:46.000
301163085,David,f,2019-10-16 12:20:23.000,2019-10-16 12:20:23.000
301212132,BonusFeature,f,2019-12-15 04:00:35.000,2019-12-15 04:00:35.000
301299961,Nils,t,2019-10-06 22:49:19.000,2019-10-06 22:49:19.000
301314838,Josephin,f,2019-11-02 12:17:59.000,2019-11-02 12:17:59.000
301423544,Julia,f,2021-11-01 14:44:18.000,2021-11-01 14:44:18.000
301457007,Irmgard,f,2021-11-01 05:30:08.000,2021-11-01 05:30:08.000
301474737,Tatjana,f,2021-10-28 02:33:43.000,2021-10-28 02:33:43.000
301525788,Dhruv,f,2021-10-26 20:39:49.000,2021-10-26 20:39:49.000
301546990,Paul,f,2019-11-09 11:34:14.000,2019-11-09 11:34:14.000
301625776,Oke,f,2019-10-18 11:35:22.000,2019-10-18 11:35:22.000
301803414,Jenny,f,2021-10-31 11:33:33.000,2021-10-31 11:33:33.000
301804568,Udo,f,2021-11-09 15:54:48.000,2021-11-09 15:54:48.000
301807066,Melanie,f,2021-10-30 07:18:17.000,2021-10-30 07:18:17.000
301846053,Antoine,f,2019-11-19 02:11:37.000,2019-11-19 02:11:37.000
302059950,Melvin,f,2019-12-31 17:15:20.000,2019-12-31 17:15:20.000
302101980,Paul,f,2020-09-01 21:18:26.000,2020-09-01 21:18:26.000
302243245,Numa | Belfort,t,2019-11-15 02:57:28.000,2019-11-15 02:57:28.000
302253944,Anna,f,2021-08-15 15:44:35.000,2021-08-15 15:44:35.000
302295129,Manju,f,2021-08-29 10:51:58.000,2021-08-29 10:51:58.000
302305154,Boris,f,2021-10-21 07:22:57.000,2021-10-21 07:22:57.000
302465317,Arabella,f,2021-11-04 02:28:25.000,2021-11-04 02:28:25.000
302493161,Ann-Kristin,f,2021-07-11 15:00:21.000,2021-07-11 15:00:21.000
302581784,Alina,f,2019-12-12 03:09:08.000,2019-12-12 03:09:08.000
302698641,Ksenia,f,2019-11-19 22:12:00.000,2019-11-19 22:12:00.000
302850789,Kevin,f,2019-12-09 20:32:00.000,2019-12-09 20:32:00.000
302897727,Wataru,f,2021-07-30 21:38:29.000,2021-07-30 21:38:29.000
302949212,Barbara,f,2019-12-19 13:48:50.000,2019-12-19 13:48:50.000
303225708,Cindy,f,2019-11-02 17:46:39.000,2019-11-02 17:46:39.000
303585169,Erkan,f,2020-02-01 16:22:08.000,2020-02-01 16:22:08.000
303600319,Ella,f,2020-01-30 19:40:31.000,2020-01-30 19:40:31.000
303692955,Olga,f,2021-11-12 15:29:56.000,2021-11-12 15:29:56.000
303823164,Kalman,f,2021-10-26 10:13:21.000,2021-10-26 10:13:21.000
304040399,Katharina,f,2021-10-31 20:18:39.000,2021-10-31 20:18:39.000
304093518,Camille,f,2019-10-25 08:50:52.000,2019-10-25 08:50:52.000
304140191,Jana,f,2020-09-13 09:08:58.000,2020-09-13 09:08:58.000
304236789,Pentahotel,f,2021-11-12 18:00:46.000,2021-11-12 18:00:46.000
304244842,Laura,f,2019-11-01 18:04:24.000,2019-11-01 18:04:24.000
304253858,Gaston,f,2021-10-30 14:51:59.000,2021-10-30 14:51:59.000
304259034,Abeer,f,2019-12-18 11:37:19.000,2019-12-18 11:37:19.000
304262816,Martin,f,2019-11-01 18:54:41.000,2019-11-01 18:54:41.000
304285072,Emin,f,2021-11-06 13:02:04.000,2021-11-06 13:02:04.000
304345361,Apartmently,t,2019-11-21 02:14:08.000,2019-11-21 02:14:08.000
304493323,Hotel Atrium,f,2020-06-28 01:42:56.000,2020-06-28 01:42:56.000
304605514,Anastasia,f,2019-12-27 17:26:40.000,2019-12-27 17:26:40.000
304627245,Holger,f,2019-12-05 07:22:32.000,2019-12-05 07:22:32.000
304805539,Alex,f,2019-10-27 16:34:30.000,2019-10-27 16:34:30.000
304833996,Lukas,f,2020-01-05 02:00:40.000,2020-01-05 02:00:40.000
305012750,Marc Richard,t,2020-09-02 22:18:09.000,2020-09-02 22:18:09.000
305096010,Antonia,f,2019-10-29 12:04:51.000,2019-10-29 12:04:51.000
305217612,Rachel,f,2019-11-16 07:59:10.000,2019-11-16 07:59:10.000
305223324,André,f,2019-12-21 22:21:24.000,2019-12-21 22:21:24.000
305230492,Studios,f,2019-11-18 23:00:53.000,2019-11-18 23:00:53.000
305266205,Jürgen,f,2021-01-29 19:17:20.000,2021-01-29 19:17:20.000
305419758,Tamara,t,2019-11-08 20:28:40.000,2019-11-08 20:28:40.000
305459302,Micaela,f,2019-11-03 13:07:14.000,2019-11-03 13:07:14.000
305462208,Gustav,f,2021-10-31 10:09:43.000,2021-10-31 10:09:43.000
305500187,Ana,f,2021-10-06 02:16:30.000,2021-10-06 02:16:30.000
305757784,Christopher,f,2021-10-30 04:43:56.000,2021-10-30 04:43:56.000
305831478,Master,f,2020-06-29 14:14:02.000,2020-06-29 14:14:02.000
305840820,Laurin,f,2021-10-22 13:31:35.000,2021-10-22 13:31:35.000
306017686,Moeoud,f,2021-11-08 03:32:45.000,2021-11-08 03:32:45.000
306363526,Moreno,f,2020-01-04 22:15:13.000,2020-01-04 22:15:13.000
306419558,Philipp,f,2021-10-21 12:14:36.000,2021-10-21 12:14:36.000
306441098,Maria,f,2019-12-04 15:45:00.000,2019-12-04 15:45:00.000
306446663,Leon,f,2021-11-04 18:18:40.000,2021-11-04 18:18:40.000
306453284,Yannick,t,2019-11-02 06:26:09.000,2019-11-02 06:26:09.000
306473947,Tiries,f,2019-12-24 04:36:45.000,2019-12-24 04:36:45.000
306477150,Mathis,f,2021-11-19 13:27:49.000,2021-11-19 13:27:49.000
306482921,Viola Pauline,f,2019-10-28 18:35:57.000,2019-10-28 18:35:57.000
306506315,Lina,f,2019-11-14 02:46:11.000,2019-11-14 02:46:11.000
306565246,Laura,f,2021-10-23 09:53:40.000,2021-10-23 09:53:40.000
306979878,Eline,f,2019-12-21 10:30:43.000,2019-12-21 10:30:43.000
307035237,David,f,2021-07-22 21:51:25.000,2021-07-22 21:51:25.000
307093950,Markus,f,2021-11-09 03:48:07.000,2021-11-09 03:48:07.000
307128293,Thomas,f,2021-11-08 20:46:54.000,2021-11-08 20:46:54.000
307478545,Jürgen,t,2019-11-06 23:20:46.000,2019-11-06 23:20:46.000
307582140,Pascale,f,2021-07-08 18:48:01.000,2021-07-08 18:48:01.000
307885544,Aleksandra,t,2019-11-06 11:28:19.000,2019-11-06 11:28:19.000
308066249,Yannik,f,2021-08-21 12:01:07.000,2021-08-21 12:01:07.000
308088898,Andreas,f,2019-11-17 04:58:57.000,2019-11-17 04:58:57.000
308149203,Lara,f,2019-11-26 16:41:18.000,2019-11-26 16:41:18.000
308497924,Tom,t,2019-11-11 22:16:10.000,2019-11-11 22:16:10.000
308533881,Constantin,f,2020-05-26 13:00:50.000,2020-05-26 13:00:50.000
308658323,Kishore,f,2021-11-09 07:08:34.000,2021-11-09 07:08:34.000
308679353,Anna,f,2019-12-28 14:20:17.000,2019-12-28 14:20:17.000
308712818,Amandine,f,2019-12-14 17:52:02.000,2019-12-14 17:52:02.000
308855555,Sheila,t,2019-12-13 00:11:22.000,2019-12-13 00:11:22.000
308885379,B,f,2021-11-03 13:21:58.000,2021-11-03 13:21:58.000
308888253,Gokay,t,2019-12-27 04:11:02.000,2019-12-27 04:11:02.000
309007259,Pablo,t,2019-11-17 02:03:14.000,2019-11-17 02:03:14.000
309128523,Suite & Apart,f,2020-04-04 11:08:23.000,2020-04-04 11:08:23.000
309137590,Elisabeth,f,2019-11-19 18:53:20.000,2019-11-19 18:53:20.000
309199407,Andreas,f,2019-12-13 09:51:21.000,2019-12-13 09:51:21.000
309254035,David,f,2019-11-27 07:55:56.000,2019-11-27 07:55:56.000
309572970,Ergin,f,2019-08-25 15:03:57.000,2019-08-25 15:03:57.000
309585966,Orsi,f,2020-08-13 08:00:00.000,2020-08-13 08:00:00.000
309649093,Freyja,f,2021-11-12 16:09:19.000,2021-11-12 16:09:19.000
309650840,Nizam,f,2021-11-13 19:37:53.000,2021-11-13 19:37:53.000
309706220,Jenny,f,2021-11-12 07:11:52.000,2021-11-12 07:11:52.000
309994751,Djello,f,2019-11-29 07:21:15.000,2019-11-29 07:21:15.000
310006769,Khusrav,t,2019-12-25 21:17:46.000,2019-12-25 21:17:46.000
310125591,Ralf,f,2019-12-28 14:44:37.000,2019-12-28 14:44:37.000
310244996,Khalid,f,2019-12-29 07:51:42.000,2019-12-29 07:51:42.000
310358005,Fanni,f,2020-10-21 04:13:26.000,2020-10-21 04:13:26.000
310374687,Ruth,f,2019-11-24 06:45:55.000,2019-11-24 06:45:55.000
310395861,Daniel,f,2019-12-07 01:43:50.000,2019-12-07 01:43:50.000
310441782,Uwe,f,2021-11-10 20:39:40.000,2021-11-10 20:39:40.000
310484485,Elisha,f,2019-12-18 23:01:11.000,2019-12-18 23:01:11.000
310655522,Pari,f,2019-12-22 10:01:22.000,2019-12-22 10:01:22.000
310835509,TravelNest,f,2021-03-06 02:09:03.000,2021-03-06 02:09:03.000
310916368,Arash,f,2021-10-23 00:59:00.000,2021-10-23 00:59:00.000
311339888,Oliver Leo,f,2021-10-29 01:24:39.000,2021-10-29 01:24:39.000
311622490,Melanie,f,2021-11-12 18:25:09.000,2021-11-12 18:25:09.000
311708070,Nouri,f,2019-11-20 05:55:06.000,2019-11-20 05:55:06.000
311785674,Lisa,f,2019-12-19 02:42:37.000,2019-12-19 02:42:37.000
311816178,Victoria,f,2020-01-26 14:42:15.000,2020-01-26 14:42:15.000
311966634,Simon,f,2021-11-06 09:18:46.000,2021-11-06 09:18:46.000
311991384,Carla,t,2019-12-11 02:40:55.000,2019-12-11 02:40:55.000
312040639,Tobias,f,2019-12-27 12:09:52.000,2019-12-27 12:09:52.000
312172749,Aletto Hotel Kudamm,f,2021-11-16 13:37:39.000,2021-11-16 13:37:39.000
312256965,Thomas,f,2021-08-08 14:23:25.000,2021-08-08 14:23:25.000
312480677,Fredrica,f,2019-12-02 20:02:16.000,2019-12-02 20:02:16.000
312494526,Lizzy,f,2019-12-27 07:03:44.000,2019-12-27 07:03:44.000
312525221,Andre,f,2019-12-12 23:18:02.000,2019-12-12 23:18:02.000
312552543,Azzam,f,2020-02-07 21:28:44.000,2020-02-07 21:28:44.000
312567618,Chris,f,2019-12-30 22:35:46.000,2019-12-30 22:35:46.000
312604060,Chako,f,2021-07-17 22:20:51.000,2021-07-17 22:20:51.000
312608122,Tanja,f,2021-06-11 03:47:54.000,2021-06-11 03:47:54.000
312876036,Inad,f,2021-10-30 01:09:20.000,2021-10-30 01:09:20.000
312939940,Pamela,f,2020-08-09 05:39:26.000,2020-08-09 05:39:26.000
313097493,Camillo,f,2019-12-21 22:17:54.000,2019-12-21 22:17:54.000
313352700,Kathrin,f,2019-12-24 23:54:04.000,2019-12-24 23:54:04.000
313354527,Simon,f,2020-03-06 07:00:47.000,2020-03-06 07:00:47.000
313526306,Bubble,f,2021-11-04 18:53:22.000,2021-11-04 18:53:22.000
313527637,Latif,f,2021-11-09 13:37:48.000,2021-11-09 13:37:48.000
313543410,Carina,f,2021-11-03 03:56:16.000,2021-11-03 03:56:16.000
313552363,Daniyal,f,2021-11-14 00:41:48.000,2021-11-14 00:41:48.000
313618829,Verena,f,2019-11-24 09:26:18.000,2019-11-24 09:26:18.000
313797108,GreatStay GmbH,f,2020-11-21 23:54:54.000,2020-11-21 23:54:54.000
313833580,Jeremy,t,2019-12-17 05:23:09.000,2019-12-17 05:23:09.000
313909873,Güni,f,2020-01-22 17:45:44.000,2020-01-22 17:45:44.000
314116392,Sandra,f,2019-12-06 08:30:11.000,2019-12-06 08:30:11.000
314284761,Luka,f,2019-12-07 03:08:25.000,2019-12-07 03:08:25.000
314417163,Tobias,f,2021-11-13 04:14:54.000,2021-11-13 04:14:54.000
314470278,Karl,f,2019-12-10 02:34:05.000,2019-12-10 02:34:05.000
314652938,Azadeh,f,2019-12-09 12:50:08.000,2019-12-09 12:50:08.000
314683697,Kathrin,f,2021-11-12 08:23:11.000,2021-11-12 08:23:11.000
314713626,Gabrielle,f,2021-11-05 10:55:29.000,2021-11-05 10:55:29.000
314719730,Josef,f,2020-03-14 02:34:42.000,2020-03-14 02:34:42.000
314974414,Daniel,f,2021-10-28 21:35:01.000,2021-10-28 21:35:01.000
314991949,Isan,f,2021-11-04 21:30:38.000,2021-11-04 21:30:38.000
314993613,Sabri Und  Charo,f,2019-12-30 23:32:44.000,2019-12-30 23:32:44.000
315149732,Marco,f,2020-08-13 06:47:13.000,2020-08-13 06:47:13.000
315201947,Richard,f,2021-10-23 21:30:18.000,2021-10-23 21:30:18.000
315280811,Ibrahima,f,2021-11-18 03:04:50.000,2021-11-18 03:04:50.000
315282623,Elena Cristina,f,2019-12-21 12:16:14.000,2019-12-21 12:16:14.000
315306298,Jolanta,t,2020-02-10 02:27:12.000,2020-02-10 02:27:12.000
315509673,U,f,2019-12-22 16:50:32.000,2019-12-22 16:50:32.000
315566004,Alexander,f,2021-11-12 12:40:45.000,2021-11-12 12:40:45.000
315582894,Katrin,f,2021-11-17 00:47:51.000,2021-11-17 00:47:51.000
315793793,Anne,f,2021-03-06 19:13:54.000,2021-03-06 19:13:54.000
315832586,Rafael,f,2021-11-10 19:26:06.000,2021-11-10 19:26:06.000
315833264,Michael,f,2021-11-09 04:05:50.000,2021-11-09 04:05:50.000
315851973,Esther,f,2021-10-21 18:39:05.000,2021-10-21 18:39:05.000
315863660,Jo,f,2020-01-07 21:23:41.000,2020-01-07 21:23:41.000
315927243,Sarah,f,2020-02-22 03:38:40.000,2020-02-22 03:38:40.000
315934031,Julia,f,2019-12-07 12:11:24.000,2019-12-07 12:11:24.000
316043293,Pension,f,2021-10-25 08:06:09.000,2021-10-25 08:06:09.000
316048468,Mike,f,2021-11-10 19:54:04.000,2021-11-10 19:54:04.000
316059887,Teodora,t,2021-07-04 13:52:37.000,2021-07-04 13:52:37.000
316067480,Helga,t,2019-12-14 00:45:45.000,2019-12-14 00:45:45.000
316069893,Zakaria,f,2019-12-03 13:45:19.000,2019-12-03 13:45:19.000
316070228,Hotel Delta Am Potsdamer Platz,f,2021-10-26 01:22:54.000,2021-10-26 01:22:54.000
316093711,Olaf,f,2021-11-10 17:01:39.000,2021-11-10 17:01:39.000
316113272,Yacoub,f,2020-07-31 09:13:36.000,2020-07-31 09:13:36.000
316272647,Sabine,f,2021-10-05 07:05:53.000,2021-10-05 07:05:53.000
316379255,Marcel,t,2019-12-20 17:20:15.000,2019-12-20 17:20:15.000
316428315,Rico,f,2021-09-04 21:11:05.000,2021-09-04 21:11:05.000
316531047,Marius,f,2021-09-07 11:02:33.000,2021-09-07 11:02:33.000
316724542,Narenthiran,f,2019-12-23 07:12:05.000,2019-12-23 07:12:05.000
316752076,David,f,2021-03-08 11:39:06.000,2021-03-08 11:39:06.000
316803972,Dajana,f,2021-11-17 01:22:42.000,2021-11-17 01:22:42.000
317024709,Crissi,f,2020-03-07 20:08:31.000,2020-03-07 20:08:31.000
317120180,Lars,f,2020-07-16 02:10:09.000,2020-07-16 02:10:09.000
317426622,Delta Immo Invest,f,2019-12-31 05:13:23.000,2019-12-31 05:13:23.000
317449127,Stuart,f,2021-11-08 06:52:54.000,2021-11-08 06:52:54.000
317594391,Christiane,f,2020-08-21 23:42:21.000,2020-08-21 23:42:21.000
318230475,Peter,f,2020-09-27 11:08:29.000,2020-09-27 11:08:29.000
318257792,Maria,f,2020-03-29 11:00:43.000,2020-03-29 11:00:43.000
318307991,Miriam,f,2019-12-29 04:21:09.000,2019-12-29 04:21:09.000
318357557,Monique,f,2019-12-24 22:46:34.000,2019-12-24 22:46:34.000
318372127,Lisa,f,2019-12-28 13:20:04.000,2019-12-28 13:20:04.000
318408321,Lina,f,2019-12-05 11:39:14.000,2019-12-05 11:39:14.000
318457866,Rama,f,2021-07-08 09:54:42.000,2021-07-08 09:54:42.000
318475522,Murilo,f,2021-11-03 12:02:12.000,2021-11-03 12:02:12.000
318487906,Tom,f,2020-01-28 18:32:41.000,2020-01-28 18:32:41.000
318912597,The Circus Apartments,f,2021-08-19 00:41:48.000,2021-08-19 00:41:48.000
318945340,Heide,f,2019-12-26 13:10:39.000,2019-12-26 13:10:39.000
319033463,Anian,f,2021-11-19 11:15:53.000,2021-11-19 11:15:53.000
319307720,Pimkie,f,2021-11-09 10:31:51.000,2021-11-09 10:31:51.000
319819250,Alina,f,2020-01-01 15:01:08.000,2020-01-01 15:01:08.000
319909471,Paul,f,2019-12-18 08:53:07.000,2019-12-18 08:53:07.000
319972977,Meter,f,2019-12-14 01:14:40.000,2019-12-14 01:14:40.000
320357365,Alexander,f,2021-09-23 05:37:15.000,2021-09-23 05:37:15.000
320365699,Anna,f,2020-02-04 04:22:46.000,2020-02-04 04:22:46.000
320380756,Jonas,f,2019-12-30 02:51:21.000,2019-12-30 02:51:21.000
320832589,Anna Lisa,f,2020-02-07 13:13:29.000,2020-02-07 13:13:29.000
320900607,Omar,f,2019-12-22 08:40:07.000,2019-12-22 08:40:07.000
321100395,Harry,f,2020-01-03 02:29:13.000,2020-01-03 02:29:13.000
321216387,Sophia,f,2020-01-23 14:19:22.000,2020-01-23 14:19:22.000
321263452,Deline,f,2020-01-31 01:56:20.000,2020-01-31 01:56:20.000
321434962,Kay,f,2020-07-28 23:28:42.000,2020-07-28 23:28:42.000
321438780,Tadeo,f,2020-02-20 18:39:48.000,2020-02-20 18:39:48.000
321515829,Dana,f,2021-11-11 00:27:52.000,2021-11-11 00:27:52.000
321567007,Rotem,f,2020-01-01 00:01:55.000,2020-01-01 00:01:55.000
321927242,Sam,f,2020-01-11 05:32:38.000,2020-01-11 05:32:38.000
322187248,Karsten,f,2021-11-06 18:00:25.000,2021-11-06 18:00:25.000
322249807,Mandris,f,2021-11-11 14:06:32.000,2021-11-11 14:06:32.000
322651685,Anita,f,2020-01-03 04:02:39.000,2020-01-03 04:02:39.000
322819820,Yujing,f,2021-11-16 23:43:58.000,2021-11-16 23:43:58.000
322963631,Osman,f,2020-02-23 04:39:57.000,2020-02-23 04:39:57.000
322984212,Marco,f,2021-11-11 17:51:26.000,2021-11-11 17:51:26.000
323251455,Martin,f,2021-08-19 08:40:16.000,2021-08-19 08:40:16.000
323883391,Hazem,f,2020-01-17 12:13:53.000,2020-01-17 12:13:53.000
323938509,Nicole,f,2021-10-30 12:40:53.000,2021-10-30 12:40:53.000
323945889,Daria,f,2020-01-31 02:24:53.000,2020-01-31 02:24:53.000
323972144,Sina,f,2020-01-02 03:13:21.000,2020-01-02 03:13:21.000
324016157,Angelika,f,2020-02-11 20:38:11.000,2020-02-11 20:38:11.000
324033341,Nadia,f,2021-11-11 06:21:44.000,2021-11-11 06:21:44.000
324181574,Benjamin,f,2021-11-11 07:06:15.000,2021-11-11 07:06:15.000
324282747,Okuyan,f,2020-02-25 00:32:01.000,2020-02-25 00:32:01.000
324338565,Stephan,t,2021-08-15 19:23:14.000,2021-08-15 19:23:14.000
324493137,Peter,f,2021-07-26 16:35:48.000,2021-07-26 16:35:48.000
324502115,Elizabeth,f,2020-02-21 08:27:57.000,2020-02-21 08:27:57.000
324932700,Matthew,f,2021-10-26 14:18:51.000,2021-10-26 14:18:51.000
324947537,Christina,t,2020-01-08 02:08:45.000,2020-01-08 02:08:45.000
325522816,Giulia,f,2020-01-31 20:47:05.000,2020-01-31 20:47:05.000
325522826,Dagmar,f,2021-07-06 12:17:20.000,2021-07-06 12:17:20.000
325537173,Grand Hostel Berlin Urban,f,2020-01-21 19:17:07.000,2020-01-21 19:17:07.000
325563964,Titus,f,2021-08-13 01:13:24.000,2021-08-13 01:13:24.000
325656076,Jovana,f,2020-01-18 23:09:14.000,2020-01-18 23:09:14.000
325856414,Markus,f,2021-11-18 16:09:19.000,2021-11-18 16:09:19.000
325948252,Michael,f,2021-07-29 05:24:47.000,2021-07-29 05:24:47.000
326116765,Melani,f,2020-02-15 11:35:54.000,2020-02-15 11:35:54.000
326126612,Souhaib,f,2021-10-29 22:47:33.000,2021-10-29 22:47:33.000
326926944,Petra,f,2020-01-14 07:19:55.000,2020-01-14 07:19:55.000
327063934,Fridolin,f,2020-01-21 09:29:16.000,2020-01-21 09:29:16.000
327117455,Philipp,t,2020-01-05 06:22:52.000,2020-01-05 06:22:52.000
327396350,Ina,f,2021-05-25 15:33:15.000,2021-05-25 15:33:15.000
327422254,Mitja,f,2020-01-30 06:05:24.000,2020-01-30 06:05:24.000
327598941,Jason,f,2020-01-31 05:50:50.000,2020-01-31 05:50:50.000
327601894,Nela,t,2020-01-23 19:21:53.000,2020-01-23 19:21:53.000
327730990,Dirk,f,2020-02-21 14:41:54.000,2020-02-21 14:41:54.000
327738948,Ludwig,f,2020-02-06 22:28:37.000,2020-02-06 22:28:37.000
327800629,Rick,f,2021-10-24 20:39:09.000,2021-10-24 20:39:09.000
328674700,Alan,f,2021-10-09 10:39:30.000,2021-10-09 10:39:30.000
329122536,Marek,f,2020-02-09 18:57:22.000,2020-02-09 18:57:22.000
329264638,Cecilia,t,2020-08-30 20:06:51.000,2020-08-30 20:06:51.000
329551372,Ulrich,t,2020-12-01 02:00:43.000,2020-12-01 02:00:43.000
329651024,Florian,f,2020-03-14 03:08:42.000,2020-03-14 03:08:42.000
329745939,Jessica,t,2020-02-22 00:45:22.000,2020-02-22 00:45:22.000
329885190,Timothée,f,2021-10-21 05:08:43.000,2021-10-21 05:08:43.000
329909074,Waldemar,f,2020-02-12 13:04:36.000,2020-02-12 13:04:36.000
330009825,Arvid,f,2021-11-07 11:29:56.000,2021-11-07 11:29:56.000
330152736,Franc,f,2020-02-07 04:16:52.000,2020-02-07 04:16:52.000
330211602,Julia,f,2020-02-12 17:59:52.000,2020-02-12 17:59:52.000
330366940,Antoine,t,2021-05-16 12:26:43.000,2021-05-16 12:26:43.000
330484340,Aylin,f,2020-01-20 13:03:39.000,2020-01-20 13:03:39.000
330591266,Dorina,f,2021-11-01 09:47:34.000,2021-11-01 09:47:34.000
330679681,Rifat,f,2020-01-27 00:00:35.000,2020-01-27 00:00:35.000
330802635, Yauheniya,f,2020-01-28 05:01:49.000,2020-01-28 05:01:49.000
330804284,Sigrid,f,2020-09-10 16:48:42.000,2020-09-10 16:48:42.000
330807863,Rozi,f,2020-01-31 08:08:21.000,2020-01-31 08:08:21.000
331152448,Sarah,f,2021-11-17 22:12:46.000,2021-11-17 22:12:46.000
331300291,Manuel,f,2020-02-05 05:17:17.000,2020-02-05 05:17:17.000
331330348,Hanna,t,2020-02-08 00:25:32.000,2020-02-08 00:25:32.000
331360276,Lena,f,2020-01-29 02:15:29.000,2020-01-29 02:15:29.000
331457408,Adam,f,2021-11-09 03:49:37.000,2021-11-09 03:49:37.000
331695672,Adam,f,2020-02-02 08:04:34.000,2020-02-02 08:04:34.000
331749573,Ilkay,f,2021-10-29 14:21:54.000,2021-10-29 14:21:54.000
332009759,Vitalij,f,2021-11-12 06:28:29.000,2021-11-12 06:28:29.000
332021618,Rafael,t,2020-07-20 22:20:29.000,2020-07-20 22:20:29.000
332236818,Sarah,f,2020-02-25 07:31:35.000,2020-02-25 07:31:35.000
332237059,Jacob,f,2021-10-29 14:49:36.000,2021-10-29 14:49:36.000
332291334,Daniela,f,2020-02-17 10:43:47.000,2020-02-17 10:43:47.000
332301718,Julia,f,2020-02-02 19:32:56.000,2020-02-02 19:32:56.000
332472850,Akriti,f,2021-11-12 06:16:07.000,2021-11-12 06:16:07.000
332515272,Torsten,f,2021-11-19 07:38:45.000,2021-11-19 07:38:45.000
332928769,Waldemar,f,2021-10-25 16:36:17.000,2021-10-25 16:36:17.000
332937779,Jose,f,2020-08-01 00:56:36.000,2020-08-01 00:56:36.000
333115447,Linda,f,2021-06-25 06:17:13.000,2021-06-25 06:17:13.000
333116165,Stephanie,f,2021-11-19 05:44:20.000,2021-11-19 05:44:20.000
333250771,Khaled,f,2021-07-04 17:02:52.000,2021-07-04 17:02:52.000
333674406,Max,t,2020-02-04 22:18:51.000,2020-02-04 22:18:51.000
333706004,Rene,f,2020-09-26 10:26:39.000,2020-09-26 10:26:39.000
333981476,Jonathan,f,2021-11-16 22:24:57.000,2021-11-16 22:24:57.000
333996349,Sally,f,2021-10-29 17:10:32.000,2021-10-29 17:10:32.000
334004771,Vanesa,f,2021-11-04 04:53:55.000,2021-11-04 04:53:55.000
334258862,Peter,f,2020-03-05 10:13:31.000,2020-03-05 10:13:31.000
334373014,Raphael,f,2020-07-06 10:56:16.000,2020-07-06 10:56:16.000
334652151,Martina,f,2020-02-21 00:31:06.000,2020-02-21 00:31:06.000
334665886,Phawini,f,2021-10-27 18:45:50.000,2021-10-27 18:45:50.000
334677618,Stefania,f,2021-09-05 10:42:50.000,2021-09-05 10:42:50.000
334688580,Kat,f,2020-02-11 09:30:21.000,2020-02-11 09:30:21.000
334704128,Benjamin,f,2020-03-01 07:13:28.000,2020-03-01 07:13:28.000
334712111,Michael,t,2020-05-14 21:57:35.000,2020-05-14 21:57:35.000
335547450,Classik Hotel Alexander Plaza,f,2020-03-04 03:30:54.000,2020-03-04 03:30:54.000
335573202,Downtown Apartments,f,2021-07-13 11:56:23.000,2021-07-13 11:56:23.000
335783290,Ingolf,t,2020-03-08 06:31:53.000,2020-03-08 06:31:53.000
335854085,Sainab,f,2021-11-19 11:37:15.000,2021-11-19 11:37:15.000
336010119,Jerry,t,2020-03-03 19:24:19.000,2020-03-03 19:24:19.000
336019473,Apartment,f,2021-10-25 14:41:22.000,2021-10-25 14:41:22.000
336273100,Carl,f,2020-03-10 03:49:21.000,2020-03-10 03:49:21.000
336568993,Claudiu Tine,t,2020-02-22 09:40:58.000,2020-02-22 09:40:58.000
336702196,Alexandra,t,2021-05-22 11:36:38.000,2021-05-22 11:36:38.000
337041352,Dominik,f,2021-11-11 12:56:56.000,2021-11-11 12:56:56.000
337050841,Laura,f,2021-11-11 00:57:20.000,2021-11-11 00:57:20.000
337369460,Das Schmöckwitz,f,2020-08-12 17:58:02.000,2020-08-12 17:58:02.000
337370747,Marie-Luise,f,2020-07-21 00:21:52.000,2020-07-21 00:21:52.000
337652705,Petra,t,2020-03-08 10:03:39.000,2020-03-08 10:03:39.000
337656755,Alfonso,f,2020-07-17 16:37:15.000,2020-07-17 16:37:15.000
337659501,Hotel Brandies,f,2020-08-02 04:54:40.000,2020-08-02 04:54:40.000
337663510,Melanie,f,2021-11-16 16:24:32.000,2021-11-16 16:24:32.000
337941037,Natnael,f,2021-10-26 21:40:16.000,2021-10-26 21:40:16.000
338271531,Deniz,f,2021-11-09 10:06:41.000,2021-11-09 10:06:41.000
338272836,Garrit,f,2020-09-21 18:51:23.000,2020-09-21 18:51:23.000
338329694,Rainer,f,2020-06-29 06:43:23.000,2020-06-29 06:43:23.000
338514217,Art,f,2020-02-25 21:18:19.000,2020-02-25 21:18:19.000
338717417,Marie-Louise,t,2020-03-02 11:08:23.000,2020-03-02 11:08:23.000
338742183,Louise,f,2021-11-15 09:02:07.000,2021-11-15 09:02:07.000
338746827,Mariem,f,2021-11-05 07:39:38.000,2021-11-05 07:39:38.000
338748013,About:Berlin Hotel GmbH,f,2021-07-31 04:40:16.000,2021-07-31 04:40:16.000
338797560,Chin,f,2021-10-29 05:17:23.000,2021-10-29 05:17:23.000
338955815,Georgy,f,2020-03-13 04:10:26.000,2020-03-13 04:10:26.000
339020004,Stanislav,f,2020-07-25 04:03:21.000,2020-07-25 04:03:21.000
339054696,Will,f,2020-08-08 10:18:42.000,2020-08-08 10:18:42.000
339135580,Minimal Hostel,f,2020-05-18 18:34:54.000,2020-05-18 18:34:54.000
339184420,Tobias,f,2021-06-16 20:47:47.000,2021-06-16 20:47:47.000
339298147,Anne,f,2021-10-22 07:32:50.000,2021-10-22 07:32:50.000
339314157,Daniel,t,2021-07-22 20:56:54.000,2021-07-22 20:56:54.000
339436486,Medina,f,2021-09-10 06:24:06.000,2021-09-10 06:24:06.000
339469544,Maria,f,2020-07-23 16:22:29.000,2020-07-23 16:22:29.000
339621955,Sladjana,f,2021-05-31 15:12:49.000,2021-05-31 15:12:49.000
339625555,Silvia,f,2021-04-26 20:37:09.000,2021-04-26 20:37:09.000
339628139,Andreas,f,2021-09-24 10:12:07.000,2021-09-24 10:12:07.000
339637030,Anke Kerstin,f,2021-09-15 19:46:47.000,2021-09-15 19:46:47.000
339819754,Anna,f,2021-11-10 11:50:59.000,2021-11-10 11:50:59.000
339886038,Max,f,2020-03-10 22:29:46.000,2020-03-10 22:29:46.000
340007871,Prieto,f,2021-11-07 09:19:34.000,2021-11-07 09:19:34.000
340129312,Anne-Kathrin,f,2020-12-21 21:08:13.000,2020-12-21 21:08:13.000
340345589,Stephanie,f,2021-02-28 13:45:43.000,2021-02-28 13:45:43.000
340486611,The Niu Dwarf,f,2020-07-15 00:37:24.000,2020-07-15 00:37:24.000
340743547,Burhan,f,2021-11-03 00:40:29.000,2021-11-03 00:40:29.000
340791130,Christoph,f,2021-08-10 06:48:41.000,2021-08-10 06:48:41.000
340980455,Appartments,f,2021-11-15 08:30:28.000,2021-11-15 08:30:28.000
341012092,Ulla,f,2020-08-10 05:47:27.000,2020-08-10 05:47:27.000
341054884,Lia,f,2020-12-07 07:03:07.000,2020-12-07 07:03:07.000
341231153,Ceren,f,2021-11-09 13:25:28.000,2021-11-09 13:25:28.000
341276942,Ben,t,2020-03-08 10:06:05.000,2020-03-08 10:06:05.000
341282198,Tim & Matteo,t,2020-05-26 10:52:21.000,2020-05-26 10:52:21.000
341366668,Junior,f,2021-03-17 23:23:59.000,2021-03-17 23:23:59.000
341369847,Sabrina,f,2021-11-08 08:27:30.000,2021-11-08 08:27:30.000
341396019,Lívia,f,2021-11-18 10:43:18.000,2021-11-18 10:43:18.000
341515473,Mo,t,2020-03-16 18:09:49.000,2020-03-16 18:09:49.000
341677819,Ziham,f,2021-08-15 13:25:22.000,2021-08-15 13:25:22.000
341766711,Michele,f,2020-09-19 00:27:02.000,2020-09-19 00:27:02.000
341947514,Almodóvar,f,2021-11-10 00:40:12.000,2021-11-10 00:40:12.000
342119665,KPM Hotel & Residences,f,2021-11-03 19:51:39.000,2021-11-03 19:51:39.000
342210409,Andrew,f,2020-09-11 12:02:26.000,2020-09-11 12:02:26.000
342927830,Daniela,t,2021-09-12 15:57:01.000,2021-09-12 15:57:01.000
343053372,Gökay,f,2020-07-19 19:25:21.000,2020-07-19 19:25:21.000
343067125,Philipp,f,2021-11-08 20:44:08.000,2021-11-08 20:44:08.000
343362459,Rohan,f,2021-11-19 07:03:24.000,2021-11-19 07:03:24.000
343804893,Philipp,f,2020-07-19 20:53:21.000,2020-07-19 20:53:21.000
344229980,Manuel,f,2020-05-08 17:17:52.000,2020-05-08 17:17:52.000
344292547,Jiu,f,2021-11-04 15:49:56.000,2021-11-04 15:49:56.000
344453619,Tansel,f,2021-10-23 12:40:02.000,2021-10-23 12:40:02.000
344598304,Desirée,f,2021-11-04 15:54:57.000,2021-11-04 15:54:57.000
344846389,Abigail,f,2021-11-09 18:42:41.000,2021-11-09 18:42:41.000
344849821,Ethan,f,2020-07-25 06:54:32.000,2020-07-25 06:54:32.000
345165659,Nataliya,f,2020-07-01 08:48:47.000,2020-07-01 08:48:47.000
345247762,Alexander,t,2020-10-07 00:34:21.000,2020-10-07 00:34:21.000
345525147,Nena Apartments Hermannplatz,f,2020-10-01 06:28:26.000,2020-10-01 06:28:26.000
345525433,Nena Apartments Kreuzberg 61,f,2020-09-22 22:55:48.000,2020-09-22 22:55:48.000
345845533,Wejdi,f,2020-07-02 10:39:28.000,2020-07-02 10:39:28.000
345939593,Benjamin,f,2021-08-11 05:14:47.000,2021-08-11 05:14:47.000
345964111,Kristian,f,2021-11-19 02:04:51.000,2021-11-19 02:04:51.000
346742609,Ba Huong,f,2020-07-11 12:25:48.000,2020-07-11 12:25:48.000
346755219,Michael,f,2020-05-21 02:02:05.000,2020-05-21 02:02:05.000
346984854,Christa,t,2020-05-31 09:33:14.000,2020-05-31 09:33:14.000
347091590,Jeannine,f,2020-06-21 05:06:49.000,2020-06-21 05:06:49.000
347131802,Iwona,f,2021-11-10 05:41:32.000,2021-11-10 05:41:32.000
347469573,Daniel,f,2021-10-31 13:36:48.000,2021-10-31 13:36:48.000
347519690,25hours Hotel,f,2021-10-26 08:11:19.000,2021-10-26 08:11:19.000
347527220,Michael,f,2020-05-29 03:14:46.000,2020-05-29 03:14:46.000
347634479,Jamhour,f,2021-07-14 15:52:24.000,2021-07-14 15:52:24.000
347859206,Mamaste,f,2021-10-25 02:48:15.000,2021-10-25 02:48:15.000
347950768,Julia,f,2020-07-19 14:45:56.000,2020-07-19 14:45:56.000
348161152,Manuela,f,2020-08-30 03:22:44.000,2020-08-30 03:22:44.000
348258388,Anouk,f,2021-03-28 08:54:56.000,2021-03-28 08:54:56.000
348543328,Sena,f,2020-07-09 09:48:50.000,2020-07-09 09:48:50.000
348693453,Andreas,f,2019-11-29 10:23:27.000,2019-11-29 10:23:27.000
348779246,Selvi,f,2021-11-16 01:47:58.000,2021-11-16 01:47:58.000
348821103,Daniel,f,2021-01-22 05:46:43.000,2021-01-22 05:46:43.000
348847428,Martin,t,2020-06-21 20:20:06.000,2020-06-21 20:20:06.000
349117116,Sebastian,t,2021-11-03 04:18:27.000,2021-11-03 04:18:27.000
349121968,Stefan,f,2021-01-23 21:25:06.000,2021-01-23 21:25:06.000
349152699,Muchtar,f,2020-08-13 04:17:55.000,2020-08-13 04:17:55.000
349194462,Joe,t,2020-08-18 03:36:04.000,2020-08-18 03:36:04.000
349631257,Rainer,f,2020-07-06 01:17:31.000,2020-07-06 01:17:31.000
349731526,Michał,t,2020-07-15 13:24:51.000,2020-07-15 13:24:51.000
349738937,Nina,f,2021-11-05 07:38:24.000,2021-11-05 07:38:24.000
350095489,Mohit,f,2021-11-14 08:18:35.000,2021-11-14 08:18:35.000
350110475,Gold Palais Hotel,f,2021-10-21 13:11:24.000,2021-10-21 13:11:24.000
350185347,Timo,f,2020-08-12 04:49:21.000,2020-08-12 04:49:21.000
350473296,Fabian,f,2020-06-22 19:43:41.000,2020-06-22 19:43:41.000
350554381,Meiers,f,2020-09-09 21:23:05.000,2020-09-09 21:23:05.000
351093370,Peter,f,2021-11-18 21:39:34.000,2021-11-18 21:39:34.000
351109029,Margot,f,2020-07-17 16:57:54.000,2020-07-17 16:57:54.000
351296214,Jana Lesley,f,2021-10-22 23:04:24.000,2021-10-22 23:04:24.000
351526406,Sofie,f,2021-09-18 13:39:39.000,2021-09-18 13:39:39.000
351777916,Sharlotta,f,2020-07-31 17:22:34.000,2020-07-31 17:22:34.000
351952364,Yael,f,2021-10-31 19:38:13.000,2021-10-31 19:38:13.000
352133902,Daniel,t,2020-06-21 16:16:52.000,2020-06-21 16:16:52.000
352726054,Marco Lukas,f,2020-06-28 13:57:41.000,2020-06-28 13:57:41.000
352742699,Dänu,f,2021-11-11 10:04:03.000,2021-11-11 10:04:03.000
352878549,Nathalie,f,2021-07-24 18:55:11.000,2021-07-24 18:55:11.000
352901812,Helena,f,2021-11-16 14:46:27.000,2021-11-16 14:46:27.000
353173880,Michael,t,2020-08-06 20:44:12.000,2020-08-06 20:44:12.000
353209631,Derviş Ali,f,2021-11-11 10:09:18.000,2021-11-11 10:09:18.000
353550222,Marx Y,f,2021-10-25 19:59:54.000,2021-10-25 19:59:54.000
353693080,Alban,f,2021-09-14 18:13:27.000,2021-09-14 18:13:27.000
353774418,Sandra,f,2020-07-29 08:27:59.000,2020-07-29 08:27:59.000
353990148,David Thomas,f,2021-11-01 14:48:24.000,2021-11-01 14:48:24.000
354221325,Orania.Berlin,f,2021-10-22 11:26:17.000,2021-10-22 11:26:17.000
354594790,Jörg,f,2020-06-26 07:58:58.000,2020-06-26 07:58:58.000
354718862,Soma,f,2020-07-22 20:01:36.000,2020-07-22 20:01:36.000
354783560,SANA Berlin Residence,t,2020-07-24 02:32:01.000,2020-07-24 02:32:01.000
356106635,Tamara,f,2021-08-02 16:51:28.000,2021-08-02 16:51:28.000
356165192,Joana,f,2020-09-12 06:28:46.000,2020-09-12 06:28:46.000
356173760,Natia,f,2020-07-10 03:48:08.000,2020-07-10 03:48:08.000
356445569,Kely,f,2021-11-14 14:32:48.000,2021-11-14 14:32:48.000
356516931,Marvin,f,2020-08-12 08:52:46.000,2020-08-12 08:52:46.000
356589898,Malena,t,2020-10-12 02:30:09.000,2020-10-12 02:30:09.000
356598038,Eileen,f,2021-06-30 17:04:26.000,2021-06-30 17:04:26.000
356719030,Davi,f,2020-08-03 07:19:00.000,2020-08-03 07:19:00.000
356721554,Bertrand,f,2021-01-28 18:00:16.000,2021-01-28 18:00:16.000
356738043,Emad,f,2020-08-18 02:05:49.000,2020-08-18 02:05:49.000
356795996,Mohammad,f,2021-09-24 03:05:08.000,2021-09-24 03:05:08.000
356881506,Apple City,f,2020-07-21 16:09:12.000,2020-07-21 16:09:12.000
356895098,Carlos,f,2021-10-28 03:34:51.000,2021-10-28 03:34:51.000
356911051,Felix,f,2021-07-15 12:00:05.000,2021-07-15 12:00:05.000
357179290,Vanani,f,2020-07-26 17:44:56.000,2020-07-26 17:44:56.000
357394405,Ricardo,t,2020-07-15 08:42:37.000,2020-07-15 08:42:37.000
357476332,Gordon,t,2020-09-03 01:16:50.000,2020-09-03 01:16:50.000
357562593,Hotel Intervarko,f,2020-08-13 21:35:22.000,2020-08-13 21:35:22.000
357575484,Juana,f,2020-07-28 20:35:56.000,2020-07-28 20:35:56.000
357698934,Eric,f,2021-11-09 23:43:28.000,2021-11-09 23:43:28.000
357780881,Ursula,t,2020-08-03 06:49:58.000,2020-08-03 06:49:58.000
358058250,Charmaine,f,2020-08-18 11:35:39.000,2020-08-18 11:35:39.000
358308375,Teunis,f,2020-09-18 20:02:57.000,2020-09-18 20:02:57.000
358587281,Paula,f,2020-08-17 03:11:19.000,2020-08-17 03:11:19.000
358655502,Konstantin,f,2021-11-07 20:11:23.000,2021-11-07 20:11:23.000
358768479,Ingmar,f,2021-10-29 01:43:21.000,2021-10-29 01:43:21.000
358798059,Ronny,f,2021-06-26 00:27:35.000,2021-06-26 00:27:35.000
358991427,Julius,f,2021-11-14 09:27:51.000,2021-11-14 09:27:51.000
359266357,Vitali,f,2020-08-15 01:02:20.000,2020-08-15 01:02:20.000
359275555,Ron,f,2020-07-21 21:17:25.000,2020-07-21 21:17:25.000
359300099,Anita,f,2020-09-16 23:28:18.000,2020-09-16 23:28:18.000
359393787,Daria,f,2020-08-02 08:03:25.000,2020-08-02 08:03:25.000
359433462,Matt,f,2020-08-16 09:57:15.000,2020-08-16 09:57:15.000
359506825,Diego Alejandro,f,2020-09-09 09:57:12.000,2020-09-09 09:57:12.000
359515665,Birgit,f,2020-09-16 20:20:51.000,2020-09-16 20:20:51.000
359632089,Marc,f,2021-10-25 11:52:16.000,2021-10-25 11:52:16.000
359632814,Frank,t,2020-08-03 13:18:38.000,2020-08-03 13:18:38.000
359781847,Dario,f,2020-09-12 08:33:09.000,2020-09-12 08:33:09.000
360134722,Tony (Ruth-Antonia),t,2020-07-27 19:25:21.000,2020-07-27 19:25:21.000
360471459,Mathias,f,2020-07-29 11:41:42.000,2020-07-29 11:41:42.000
360486302,Abdallah,f,2020-08-27 07:28:58.000,2020-08-27 07:28:58.000
360705763,Ya,f,2021-10-29 03:50:59.000,2021-10-29 03:50:59.000
361179739,Tanja,f,2021-09-17 20:09:36.000,2021-09-17 20:09:36.000
361231741,Foxy,f,2020-08-09 14:05:52.000,2020-08-09 14:05:52.000
361307679,Razzaq,f,2021-11-05 17:59:06.000,2021-11-05 17:59:06.000
361318817,Emma,f,2021-09-30 17:16:14.000,2021-09-30 17:16:14.000
361524130,Noura,f,2020-08-02 23:23:53.000,2020-08-02 23:23:53.000
361536906,Natalia,f,2021-11-11 00:51:04.000,2021-11-11 00:51:04.000
361559789,Jan,f,2020-08-26 18:56:02.000,2020-08-26 18:56:02.000
361632516,Pte,f,2020-10-10 13:52:21.000,2020-10-10 13:52:21.000
361727715,Giovanni,f,2021-07-27 01:40:13.000,2021-07-27 01:40:13.000
361784191,Maria,t,2020-08-11 17:48:10.000,2020-08-11 17:48:10.000
361836933,Denna,f,2020-08-29 08:11:11.000,2020-08-29 08:11:11.000
362089937,Michael,t,2020-10-31 02:26:51.000,2020-10-31 02:26:51.000
362092242,David,t,2020-08-14 12:55:46.000,2020-08-14 12:55:46.000
362163824,Leonhard,f,2020-09-22 05:33:16.000,2020-09-22 05:33:16.000
362170432,Siegfried,f,2020-09-15 19:08:31.000,2020-09-15 19:08:31.000
362724074,Marlene,f,2020-08-22 22:39:00.000,2020-08-22 22:39:00.000
363061052,Daniel,f,2021-05-11 00:24:04.000,2021-05-11 00:24:04.000
363290796,Babak,f,2021-11-09 09:03:27.000,2021-11-09 09:03:27.000
363326851,Clara,f,2021-07-05 14:42:21.000,2021-07-05 14:42:21.000
363420551,Katharina,f,2020-08-11 20:40:01.000,2020-08-11 20:40:01.000
363445453,ZOE By AMANO,f,2021-06-08 16:01:40.000,2021-06-08 16:01:40.000
363596437,Felix,f,2021-11-12 08:14:17.000,2021-11-12 08:14:17.000
363700882,Maike,f,2021-11-19 05:10:32.000,2021-11-19 05:10:32.000
363773209,Marwa,f,2020-10-03 08:19:50.000,2020-10-03 08:19:50.000
363810300,Felix,f,2020-08-24 10:24:29.000,2020-08-24 10:24:29.000
363906488,Ahmad,f,2021-08-01 00:42:12.000,2021-08-01 00:42:12.000
364229339,Thomas,f,2020-08-26 02:24:38.000,2020-08-26 02:24:38.000
364257212,Ray,t,2020-08-31 16:45:28.000,2020-08-31 16:45:28.000
364322965,Adriana,f,2021-10-24 10:55:57.000,2021-10-24 10:55:57.000
364325091,Christoph,f,2021-08-17 02:33:40.000,2021-08-17 02:33:40.000
364342565,Felix,f,2020-09-05 22:48:41.000,2020-09-05 22:48:41.000
364655610,Lars,f,2020-08-29 14:49:40.000,2020-08-29 14:49:40.000
364711216,Marvin,f,2020-09-27 05:43:16.000,2020-09-27 05:43:16.000
364792416,Sarah Ama,f,2021-07-25 12:08:57.000,2021-07-25 12:08:57.000
365232466,Annett,t,2020-11-20 09:15:18.000,2020-11-20 09:15:18.000
365274279,Berkan,f,2021-10-30 00:49:40.000,2021-10-30 00:49:40.000
365715215,Campingplatz,f,2021-10-25 22:35:57.000,2021-10-25 22:35:57.000
365970830,Kseniia,f,2020-09-19 09:55:34.000,2020-09-19 09:55:34.000
366055233,Anke,f,2021-11-10 16:08:08.000,2021-11-10 16:08:08.000
366067507,Mohamad,f,2021-08-19 22:09:20.000,2021-08-19 22:09:20.000
366090919,Michael & Maike,t,2020-11-16 11:34:00.000,2020-11-16 11:34:00.000
366101115,Abdulmassih,f,2021-10-24 22:37:51.000,2021-10-24 22:37:51.000
366232058,Zübeyde,f,2020-09-29 08:27:20.000,2020-09-29 08:27:20.000
366379786,Richard,t,2020-09-22 18:55:40.000,2020-09-22 18:55:40.000
366426804,Laiba,f,2021-02-19 22:52:49.000,2021-02-19 22:52:49.000
366506183,Wibke,t,2020-09-16 03:46:18.000,2020-09-16 03:46:18.000
366509181,Old Town Hostel,f,2020-09-27 07:47:18.000,2020-09-27 07:47:18.000
366512071,Nguyen,f,2020-09-29 20:45:50.000,2020-09-29 20:45:50.000
366684813,Keno,f,2020-09-16 03:30:49.000,2020-09-16 03:30:49.000
367035318,Olga,f,2020-10-21 12:05:29.000,2020-10-21 12:05:29.000
367507031,Cathleen,t,2021-09-15 18:05:32.000,2021-09-15 18:05:32.000
367824579,Numa | Nook,t,2020-10-13 23:06:01.000,2020-10-13 23:06:01.000
367953412,Aage,f,2020-09-21 10:49:17.000,2020-09-21 10:49:17.000
368303502,Mohi,f,2021-05-31 09:20:25.000,2021-05-31 09:20:25.000
368310867,David,f,2021-10-22 04:04:43.000,2021-10-22 04:04:43.000
368406455,Helle,t,2020-10-03 12:57:42.000,2020-10-03 12:57:42.000
368544059,Ocak Hotel,f,2021-11-09 09:45:27.000,2021-11-09 09:45:27.000
368690073,Elisabeth,f,2020-10-01 23:33:16.000,2020-10-01 23:33:16.000
368829151,Andy,f,2021-08-20 17:33:20.000,2021-08-20 17:33:20.000
368880873,Jessica,f,2021-05-28 22:10:59.000,2021-05-28 22:10:59.000
369042619,Maison Am Olivaer Platz,f,2020-09-25 06:05:56.000,2020-09-25 06:05:56.000
369048951,Leonid,f,2021-07-17 14:36:46.000,2021-07-17 14:36:46.000
369228766,Sara,f,2021-11-03 05:31:33.000,2021-11-03 05:31:33.000
369533678,Paul,f,2020-10-20 19:01:43.000,2020-10-20 19:01:43.000
369716204,Funda,f,2020-10-10 16:02:48.000,2020-10-10 16:02:48.000
369958333,Andreas,f,2021-11-19 00:36:46.000,2021-11-19 00:36:46.000
370095186,Jonas,f,2020-10-16 23:30:42.000,2020-10-16 23:30:42.000
370107608,Eric,f,2020-10-16 21:35:08.000,2020-10-16 21:35:08.000
370237375,Sircle,t,2021-06-27 11:01:13.000,2021-06-27 11:01:13.000
371017671,Mohamed,f,2021-11-12 06:48:53.000,2021-11-12 06:48:53.000
371153162,Apartmenthouse Berlin,f,2020-11-24 10:07:24.000,2020-11-24 10:07:24.000
371387626,Lubna,f,2021-11-03 13:01:30.000,2021-11-03 13:01:30.000
371642141,Pestana,f,2021-10-27 02:34:29.000,2021-10-27 02:34:29.000
371774383,Manuel,f,2021-11-13 21:43:22.000,2021-11-13 21:43:22.000
371776088,Numa | Sketch,f,2020-12-16 19:32:03.000,2020-12-16 19:32:03.000
371892297,Hotel,f,2020-10-16 09:48:45.000,2020-10-16 09:48:45.000
371901575,Numa | Kater,f,2021-07-14 21:06:49.000,2021-07-14 21:06:49.000
372030011,Reservations,f,2021-02-28 08:41:42.000,2021-02-28 08:41:42.000
372068633,Marcin,f,2020-10-17 12:14:54.000,2020-10-17 12:14:54.000
372610941,Leonid,f,2021-07-05 16:46:34.000,2021-07-05 16:46:34.000
372612520,Leonid,f,2021-07-11 06:49:06.000,2021-07-11 06:49:06.000
372668670,Leo,f,2020-11-04 02:17:50.000,2020-11-04 02:17:50.000
372887082,Scott,t,2021-04-02 16:05:10.000,2021-04-02 16:05:10.000
372896857,David,f,2021-02-27 18:21:52.000,2021-02-27 18:21:52.000
373041418,Klaus,t,2021-04-25 00:59:27.000,2021-04-25 00:59:27.000
373123356,Tara,f,2021-11-11 10:36:13.000,2021-11-11 10:36:13.000
373128368,König,f,2020-12-12 08:08:20.000,2020-12-12 08:08:20.000
373249890,Daria,f,2021-10-25 00:18:12.000,2021-10-25 00:18:12.000
373325915,Ismael,t,2020-12-03 05:54:07.000,2020-12-03 05:54:07.000
373378168,Sebastian,f,2021-07-28 22:49:52.000,2021-07-28 22:49:52.000
373476835,Marcin,f,2020-11-07 11:04:27.000,2020-11-07 11:04:27.000
373491663,Berlin,f,2021-11-14 05:11:40.000,2021-11-14 05:11:40.000
373493521,Berlin,f,2021-08-08 06:33:51.000,2021-08-08 06:33:51.000
373493696,Limehome,f,2021-04-23 00:17:48.000,2021-04-23 00:17:48.000
373588251,Limehome,f,2021-07-17 10:23:45.000,2021-07-17 10:23:45.000
373588401,Berlin,f,2021-01-31 14:52:03.000,2021-01-31 14:52:03.000
373588585,Limehome,f,2021-01-05 02:30:39.000,2021-01-05 02:30:39.000
373588713,Limehome,f,2020-11-23 00:38:26.000,2020-11-23 00:38:26.000
373596868,Berlin,f,2021-11-04 08:30:13.000,2021-11-04 08:30:13.000
373597013,Berlin,f,2021-01-09 13:29:58.000,2021-01-09 13:29:58.000
373597837,Berlin,f,2021-01-03 19:06:43.000,2021-01-03 19:06:43.000
373598010,Limehome,f,2020-12-16 00:11:21.000,2020-12-16 00:11:21.000
373598468,Berlin,f,2021-02-21 18:18:44.000,2021-02-21 18:18:44.000
373602676,Karelia,f,2021-11-06 11:13:14.000,2021-11-06 11:13:14.000
373875574,H.G.H,f,2021-05-17 15:53:09.000,2021-05-17 15:53:09.000
374159295,Salvo,f,2021-05-01 05:11:11.000,2021-05-01 05:11:11.000
374982604,Hani,f,2021-09-22 10:36:10.000,2021-09-22 10:36:10.000
375404224,Ute,t,2020-12-12 15:48:43.000,2020-12-12 15:48:43.000
375436748,Patryk,f,2021-11-12 19:00:37.000,2021-11-12 19:00:37.000
375525911,Götz,f,2021-11-06 22:21:31.000,2021-11-06 22:21:31.000
375854287,Florian,f,2021-02-22 17:25:03.000,2021-02-22 17:25:03.000
376233716,Jessie,f,2021-09-09 02:12:18.000,2021-09-09 02:12:18.000
377010239,Elias,f,2020-12-27 03:51:12.000,2020-12-27 03:51:12.000
377208100,Checkpoint Charlie,f,2021-03-02 16:21:25.000,2021-03-02 16:21:25.000
377374998,Derik,f,2021-01-18 13:29:30.000,2021-01-18 13:29:30.000
378071271,Flo,f,2020-11-28 23:51:21.000,2020-11-28 23:51:21.000
378228344,Johanne,f,2021-11-12 14:41:14.000,2021-11-12 14:41:14.000
378667252,Raul,f,2021-07-04 19:11:54.000,2021-07-04 19:11:54.000
379706794,Anastasiia,t,2021-01-31 23:21:49.000,2021-01-31 23:21:49.000
380079802,Simon,f,2021-10-31 06:14:10.000,2021-10-31 06:14:10.000
380080351,Akram,f,2020-12-27 15:34:04.000,2020-12-27 15:34:04.000
380088742,Luca,f,2021-10-27 09:36:41.000,2021-10-27 09:36:41.000
380286188,Kaye,f,2021-11-08 06:32:18.000,2021-11-08 06:32:18.000
380543396,Giorgio,f,2020-12-13 18:41:23.000,2020-12-13 18:41:23.000
380555271,Xianhua,t,2021-01-22 06:58:25.000,2021-01-22 06:58:25.000
380578851,Roxanne,f,2021-05-01 19:45:21.000,2021-05-01 19:45:21.000
380683890,Sircle,f,2021-11-16 21:33:21.000,2021-11-16 21:33:21.000
380825090,Tim,f,2021-10-28 14:40:42.000,2021-10-28 14:40:42.000
381320982,Roberto,f,2021-10-24 10:34:36.000,2021-10-24 10:34:36.000
381323865,Hotel Gat Point Charlie,f,2021-03-11 11:57:52.000,2021-03-11 11:57:52.000
381695091,Samira,f,2021-11-13 17:20:30.000,2021-11-13 17:20:30.000
381852988,Eli,f,2020-12-31 12:02:03.000,2020-12-31 12:02:03.000
382168827,Jörg,f,2021-11-02 17:47:01.000,2021-11-02 17:47:01.000
382395002,Erika,f,2021-01-16 22:21:21.000,2021-01-16 22:21:21.000
382504340,Julia,t,2021-03-14 09:07:19.000,2021-03-14 09:07:19.000
382510934,Pascal Steven,t,2021-05-19 10:26:49.000,2021-05-19 10:26:49.000
382656012,Dirk,f,2021-11-07 08:38:50.000,2021-11-07 08:38:50.000
382862768,Nele,f,2021-03-01 17:01:14.000,2021-03-01 17:01:14.000
383315007,Tiffany,f,2021-08-15 12:35:43.000,2021-08-15 12:35:43.000
383320258,浩然,f,2021-11-11 13:21:19.000,2021-11-11 13:21:19.000
383364425,Ana,f,2021-08-16 20:47:55.000,2021-08-16 20:47:55.000
384110473,Kaspar,f,2021-09-17 10:05:07.000,2021-09-17 10:05:07.000
384672418,Lev,f,2021-08-13 02:30:22.000,2021-08-13 02:30:22.000
385012809,Jonas,f,2021-11-01 21:30:46.000,2021-11-01 21:30:46.000
385133666,Frank,f,2021-05-18 10:41:02.000,2021-05-18 10:41:02.000
385197336,Hasan,f,2021-10-05 09:20:09.000,2021-10-05 09:20:09.000
385224194,Belvilla AG,f,2021-10-02 22:36:43.000,2021-10-02 22:36:43.000
385342429,Limehome,f,2021-02-21 14:38:12.000,2021-02-21 14:38:12.000
385342520,Limehome,f,2021-03-02 05:09:23.000,2021-03-02 05:09:23.000
385849724,Carlita,f,2021-08-23 20:05:59.000,2021-08-23 20:05:59.000
386599122,Angelique,f,2021-10-25 03:32:26.000,2021-10-25 03:32:26.000
386848467,Flo,f,2021-07-10 13:20:06.000,2021-07-10 13:20:06.000
386869190,Daniel,f,2021-10-31 21:48:27.000,2021-10-31 21:48:27.000
387047352,Norvi,f,2021-10-22 17:11:33.000,2021-10-22 17:11:33.000
387591376,Karoline,f,2021-02-18 16:21:09.000,2021-02-18 16:21:09.000
387607284,Tobias & Violetta,f,2021-03-04 03:54:34.000,2021-03-04 03:54:34.000
387672622,Arne,t,2021-02-28 15:03:03.000,2021-02-28 15:03:03.000
387771239,Fadi,f,2021-07-11 00:49:48.000,2021-07-11 00:49:48.000
387788481,Lawrence,f,2021-08-13 22:45:14.000,2021-08-13 22:45:14.000
387881813,Eastern Comfort Hostelboat Berlin,f,2021-07-11 00:06:54.000,2021-07-11 00:06:54.000
388031387,Sebastian,f,2021-09-11 12:43:10.000,2021-09-11 12:43:10.000
388130025,Jung,f,2021-11-06 03:11:54.000,2021-11-06 03:11:54.000
388266573,Marcel,f,2021-07-10 12:24:59.000,2021-07-10 12:24:59.000
388449943,Tabea,f,2021-09-28 20:11:17.000,2021-09-28 20:11:17.000
388518447,Katharina,f,2021-07-30 08:30:18.000,2021-07-30 08:30:18.000
388706560,Sina Sven,t,2021-02-27 16:45:20.000,2021-02-27 16:45:20.000
388823683,Toni,t,2021-02-12 22:50:00.000,2021-02-12 22:50:00.000
389062664,Kai,f,2021-11-04 15:25:23.000,2021-11-04 15:25:23.000
389097338,Mitch,f,2021-09-28 23:27:49.000,2021-09-28 23:27:49.000
390058200,Peter & Peter Boarding House Mitte,f,2021-06-16 21:31:11.000,2021-06-16 21:31:11.000
390059085,Limehome,f,2021-05-12 09:27:04.000,2021-05-12 09:27:04.000
390346751,Molham,f,2021-07-07 14:56:35.000,2021-07-07 14:56:35.000
390683809,Tobias,f,2021-08-13 19:13:27.000,2021-08-13 19:13:27.000
390717918,Leonie Lana,f,2021-10-21 06:50:59.000,2021-10-21 06:50:59.000
391491519,Zili,f,2021-11-05 10:26:04.000,2021-11-05 10:26:04.000
391688730,Gihad,f,2021-06-27 05:26:27.000,2021-06-27 05:26:27.000
391776846,Carolin,f,2021-03-08 15:01:54.000,2021-03-08 15:01:54.000
391980425,Freddy,f,2021-04-10 15:36:42.000,2021-04-10 15:36:42.000
392212504,Select The Wall,f,2021-03-25 16:40:20.000,2021-03-25 16:40:20.000
392467112,Boat On The River,t,2021-03-31 13:13:29.000,2021-03-31 13:13:29.000
392486842,Lili,f,2021-10-27 09:53:00.000,2021-10-27 09:53:00.000
392512441,Jeannine,f,2021-11-15 16:45:55.000,2021-11-15 16:45:55.000
392608800,Anna,f,2021-11-15 21:27:31.000,2021-11-15 21:27:31.000
392879679,Atilla,t,2021-05-03 00:44:15.000,2021-05-03 00:44:15.000
393110482,Sabine,f,2021-08-02 08:40:14.000,2021-08-02 08:40:14.000
393263341,Christina,f,2021-07-30 15:52:45.000,2021-07-30 15:52:45.000
394002886,Clyde,f,2021-04-03 09:48:37.000,2021-04-03 09:48:37.000
395207549,Anil,f,2021-08-16 06:54:23.000,2021-08-16 06:54:23.000
395241734,Gustavo,f,2021-08-06 00:10:33.000,2021-08-06 00:10:33.000
395386192,Parham,f,2021-04-06 09:58:08.000,2021-04-06 09:58:08.000
395722282,Luxoise,f,2021-04-18 23:30:38.000,2021-04-18 23:30:38.000
396437301,Sven,f,2021-07-13 01:29:45.000,2021-07-13 01:29:45.000
396598865,Yannic,f,2021-08-04 15:48:27.000,2021-08-04 15:48:27.000
397634621,Regina,f,2021-05-31 11:09:27.000,2021-05-31 11:09:27.000
398401703,Ivana,f,2021-07-10 00:34:39.000,2021-07-10 00:34:39.000
398537191,Jens,f,2021-05-20 23:16:56.000,2021-05-20 23:16:56.000
398550056,Chinyere,f,2021-10-06 16:32:45.000,2021-10-06 16:32:45.000
398597398,Danai,f,2021-07-23 01:17:35.000,2021-07-23 01:17:35.000
398695999,Karina,f,2021-06-10 06:29:16.000,2021-06-10 06:29:16.000
398770317,Patricia,t,2021-05-08 21:45:00.000,2021-05-08 21:45:00.000
398894771,Niklas,f,2021-05-13 21:27:23.000,2021-05-13 21:27:23.000
399171143,Fr. Liu,f,2021-05-08 03:26:10.000,2021-05-08 03:26:10.000
399331794,Amira,f,2021-10-21 23:01:59.000,2021-10-21 23:01:59.000
399533586,Edvard,f,2021-05-28 11:21:39.000,2021-05-28 11:21:39.000
399844037,Maxim,f,2021-05-03 17:10:03.000,2021-05-03 17:10:03.000
400105737,Emmanuel,f,2021-05-28 12:56:17.000,2021-05-28 12:56:17.000
400259665,Kirill,f,2021-06-13 22:25:50.000,2021-06-13 22:25:50.000
400271621,Sarah,f,2021-08-21 03:52:05.000,2021-08-21 03:52:05.000
400470688,Roman,f,2021-06-13 13:11:16.000,2021-06-13 13:11:16.000
400563866,Freddy,t,2021-05-02 09:00:11.000,2021-05-02 09:00:11.000
400601805,Gönke,f,2021-09-11 04:59:40.000,2021-09-11 04:59:40.000
400680465,Reinhard,f,2021-06-10 15:59:32.000,2021-06-10 15:59:32.000
401090360,Nalan,f,2021-06-04 14:54:36.000,2021-06-04 14:54:36.000
401389605,Rooms Of Paradise,f,2021-05-28 20:59:08.000,2021-05-28 20:59:08.000
401693751,William,f,2021-05-31 12:26:13.000,2021-05-31 12:26:13.000
401986350,Nena Apartments Moritzplatz,f,2021-05-07 15:07:54.000,2021-05-07 15:07:54.000
402073759,Gordon,f,2021-07-30 03:35:03.000,2021-07-30 03:35:03.000
402408088,Katya,f,2021-05-16 10:53:19.000,2021-05-16 10:53:19.000
402526057,Miriam,t,2021-08-13 17:33:56.000,2021-08-13 17:33:56.000
402655376,W22 Hotel,f,2021-06-19 07:00:58.000,2021-06-19 07:00:58.000
402787275,Chris,f,2021-08-11 19:41:20.000,2021-08-11 19:41:20.000
403031789,Michael,f,2021-07-13 18:59:51.000,2021-07-13 18:59:51.000
403193003,Celine,f,2021-07-03 22:25:15.000,2021-07-03 22:25:15.000
403395506,Yeliz,f,2021-07-17 05:48:35.000,2021-07-17 05:48:35.000
403428653,Thomas,f,2021-11-13 12:23:55.000,2021-11-13 12:23:55.000
403667477,Omar,f,2021-06-18 11:56:44.000,2021-06-18 11:56:44.000
403734238,Christopher,f,2021-09-25 07:04:01.000,2021-09-25 07:04:01.000
403858404,Baharbin,f,2021-06-11 08:33:47.000,2021-06-11 08:33:47.000
404004458,Christoph,f,2021-08-10 12:42:54.000,2021-08-10 12:42:54.000
404187353,Ralf,f,2021-07-31 22:29:13.000,2021-07-31 22:29:13.000
404464960,Milena,f,2021-06-09 12:28:21.000,2021-06-09 12:28:21.000
404519203,Matteo,f,2021-07-11 00:28:49.000,2021-07-11 00:28:49.000
405119242,Regina,f,2018-08-09 08:31:30.000,2018-08-09 08:31:30.000
405418463,Karol,f,2021-07-26 02:56:01.000,2021-07-26 02:56:01.000
405714446,Yasemin,f,2021-09-11 17:56:00.000,2021-09-11 17:56:00.000
405727905,Julia,t,2021-06-23 00:35:28.000,2021-06-23 00:35:28.000
405754799,Adeleh,f,2021-07-06 05:23:32.000,2021-07-06 05:23:32.000
405815858,Andrea,f,2021-07-17 10:54:04.000,2021-07-17 10:54:04.000
405826288,Melchior,f,2021-07-08 16:28:01.000,2021-07-08 16:28:01.000
406120938,Kimberley,f,2021-11-15 05:11:21.000,2021-11-15 05:11:21.000
406220390,Susan,f,2021-07-04 19:51:20.000,2021-07-04 19:51:20.000
406518622,Jens,f,2021-06-23 12:22:03.000,2021-06-23 12:22:03.000
406528107,Eugenie,f,2021-06-18 11:39:06.000,2021-06-18 11:39:06.000
406566107,Gabriella,t,2021-06-11 15:53:15.000,2021-06-11 15:53:15.000
406576600,Benjamin,f,2021-06-20 16:30:12.000,2021-06-20 16:30:12.000
406836416,Rüdiger,f,2021-11-02 16:38:27.000,2021-11-02 16:38:27.000
406969341,Tara,f,2021-07-21 16:33:34.000,2021-07-21 16:33:34.000
407041092,Monique,f,2021-07-11 23:10:01.000,2021-07-11 23:10:01.000
407045830,Central-Hotel Tegel,f,2021-07-27 08:44:37.000,2021-07-27 08:44:37.000
407066591,Alfa,f,2021-07-08 10:18:35.000,2021-07-08 10:18:35.000
407253270,Luna-Marlou,f,2021-11-17 07:57:03.000,2021-11-17 07:57:03.000
407287162,Maxim,f,2021-06-27 11:49:23.000,2021-06-27 11:49:23.000
407434843,Niko,f,2021-11-04 00:18:28.000,2021-11-04 00:18:28.000
407469097,Boutheina,f,2021-08-05 04:23:11.000,2021-08-05 04:23:11.000
407505394,Max-Dieter,f,2021-07-26 14:29:59.000,2021-07-26 14:29:59.000
407596204,Dominik,f,2021-06-15 00:52:55.000,2021-06-15 00:52:55.000
407628170,Musa,f,2021-10-31 01:55:26.000,2021-10-31 01:55:26.000
407784103,Christoph,f,2021-07-02 22:36:11.000,2021-07-02 22:36:11.000
408013857,Lisa,f,2021-07-29 12:50:54.000,2021-07-29 12:50:54.000
408136299,Pay,f,2021-10-22 22:54:23.000,2021-10-22 22:54:23.000
408137252,Sophie,f,2021-07-03 07:47:40.000,2021-07-03 07:47:40.000
408265909,Stefan,f,2021-07-01 15:50:26.000,2021-07-01 15:50:26.000
408494538,Hotel Astrid Am Kurfürstendamm,f,2021-08-03 21:52:13.000,2021-08-03 21:52:13.000
408556566,Annette & Siegfried,t,2021-06-25 20:02:09.000,2021-06-25 20:02:09.000
408561448,Yasemen,f,2021-10-27 00:57:09.000,2021-10-27 00:57:09.000
408781682,Kerem,f,2021-07-12 14:13:13.000,2021-07-12 14:13:13.000
408919151,Sarah,f,2021-07-27 15:20:51.000,2021-07-27 15:20:51.000
409487604,Leonid,f,2021-07-13 18:18:14.000,2021-07-13 18:18:14.000
409602710,Su Kyoung,f,2021-06-19 04:53:50.000,2021-06-19 04:53:50.000
409674805,Motel Home,f,2021-07-21 19:17:46.000,2021-07-21 19:17:46.000
409846106,Danny,f,2021-08-09 15:51:56.000,2021-08-09 15:51:56.000
410055514,Hagen,f,2021-11-05 03:08:17.000,2021-11-05 03:08:17.000
410208650,Britta,f,2021-08-03 23:26:33.000,2021-08-03 23:26:33.000
410612934,René,f,2021-11-05 16:41:08.000,2021-11-05 16:41:08.000
410899469,Eva,f,2021-09-15 00:03:24.000,2021-09-15 00:03:24.000
411115564,Franzi,f,2021-07-19 02:03:13.000,2021-07-19 02:03:13.000
411206241,Larissa,f,2021-07-20 13:57:29.000,2021-07-20 13:57:29.000
411255578,Sara,f,2021-07-17 18:25:38.000,2021-07-17 18:25:38.000
411425167,Julian,f,2021-08-27 20:54:30.000,2021-08-27 20:54:30.000
411731585,Jan,f,2021-10-12 09:41:23.000,2021-10-12 09:41:23.000
411812725,Philipp,f,2021-11-07 16:24:34.000,2021-11-07 16:24:34.000
412035563,Doreen,f,2021-07-12 07:00:25.000,2021-07-12 07:00:25.000
412059489,Wondmu,f,2021-07-04 09:40:57.000,2021-07-04 09:40:57.000
412252295,Sophia,f,2021-11-07 00:35:26.000,2021-11-07 00:35:26.000
412887742,Jeannette,t,2021-08-14 03:36:51.000,2021-08-14 03:36:51.000
413097693,Michels Apart Hotel,f,2021-07-21 10:06:06.000,2021-07-21 10:06:06.000
413176292,Darren,f,2021-11-08 22:27:29.000,2021-11-08 22:27:29.000
413294138,Lucas,f,2021-07-31 01:50:01.000,2021-07-31 01:50:01.000
413629911,Christoph,f,2021-10-04 19:11:01.000,2021-10-04 19:11:01.000
413713552,Tim,f,2021-09-04 18:21:55.000,2021-09-04 18:21:55.000
413834991,Endi,f,2021-07-12 22:38:09.000,2021-07-12 22:38:09.000
413856676,Bellea,f,2021-08-22 17:41:06.000,2021-08-22 17:41:06.000
414039130,Hotel AMANO East Side,f,2021-10-27 16:54:52.000,2021-10-27 16:54:52.000
414126094,Thale,f,2021-09-27 03:10:18.000,2021-09-27 03:10:18.000
414473137,Cora,f,2021-07-26 05:48:16.000,2021-07-26 05:48:16.000
414481521,Vérane,f,2021-08-30 03:38:44.000,2021-08-30 03:38:44.000
414500840,Luka,f,2021-11-12 22:37:58.000,2021-11-12 22:37:58.000
414999334,Ilia,f,2021-07-28 20:10:14.000,2021-07-28 20:10:14.000
415082333,Karolina,f,2021-11-01 06:31:15.000,2021-11-01 06:31:15.000
415265336,Skylar,f,2021-11-10 21:29:07.000,2021-11-10 21:29:07.000
415402360,Philip,f,2021-08-03 13:12:19.000,2021-08-03 13:12:19.000
415596044,Gina,f,2021-08-12 20:37:07.000,2021-08-12 20:37:07.000
415692090,Beate,f,2021-09-11 07:36:52.000,2021-09-11 07:36:52.000
415771368,The Circus Hotel,f,2021-09-07 20:07:39.000,2021-09-07 20:07:39.000
415807337,Balbina,f,2021-08-23 16:48:11.000,2021-08-23 16:48:11.000
416028824,Giusy,f,2021-08-17 08:42:56.000,2021-08-17 08:42:56.000
416193979,Christian,f,2021-10-30 06:52:40.000,2021-10-30 06:52:40.000
416421850,Gabi,f,2021-10-05 06:35:25.000,2021-10-05 06:35:25.000
416486091,Rahhal,f,2021-08-04 17:46:15.000,2021-08-04 17:46:15.000
416514669,Slim,f,2021-08-28 01:44:07.000,2021-08-28 01:44:07.000
416515007,Jasen,f,2021-08-16 09:50:50.000,2021-08-16 09:50:50.000
416613218,Domi,f,2021-08-13 12:06:31.000,2021-08-13 12:06:31.000
417058384,Tim,f,2021-07-29 17:59:18.000,2021-07-29 17:59:18.000
417193427,Wael,t,2021-08-04 09:03:04.000,2021-08-04 09:03:04.000
417310154,Thore,f,2021-09-21 20:53:50.000,2021-09-21 20:53:50.000
417375551,Mariam,f,2021-08-16 16:02:56.000,2021-08-16 16:02:56.000
417662660,Salim,f,2021-11-08 15:20:56.000,2021-11-08 15:20:56.000
417674240,Sarah,t,2021-08-11 07:05:35.000,2021-08-11 07:05:35.000
417699288,Wilma,t,2021-08-19 05:05:26.000,2021-08-19 05:05:26.000
417825017,Saphira,f,2021-08-12 06:48:28.000,2021-08-12 06:48:28.000
418170462,Manuela,f,2021-10-08 21:06:53.000,2021-10-08 21:06:53.000
418396128,Yeşim,f,2021-08-19 20:50:01.000,2021-08-19 20:50:01.000
418434410,Antonio,f,2021-09-01 18:33:51.000,2021-09-01 18:33:51.000
419013732,Alfouad,f,2021-11-16 08:12:03.000,2021-11-16 08:12:03.000
419052949,Mona,f,2021-08-13 17:00:17.000,2021-08-13 17:00:17.000
419368831,Enalta,f,2021-08-27 16:19:11.000,2021-08-27 16:19:11.000
420130606,Cozy,f,2021-08-31 00:16:14.000,2021-08-31 00:16:14.000
420402150,Zain,f,2021-11-13 00:55:47.000,2021-11-13 00:55:47.000
420514457,M,f,2021-09-16 18:01:50.000,2021-09-16 18:01:50.000
420635416,Nils,f,2021-08-26 19:47:42.000,2021-08-26 19:47:42.000
420658994,Philipp,f,2021-09-26 10:27:40.000,2021-09-26 10:27:40.000
420940795,Miguelina,f,2021-09-18 14:56:25.000,2021-09-18 14:56:25.000
421070668,Hatice Aysel,f,2021-09-08 11:01:32.000,2021-09-08 11:01:32.000
421075010,Thale,f,2021-09-09 22:13:46.000,2021-09-09 22:13:46.000
421226422,Nicole,f,2021-08-30 04:31:04.000,2021-08-30 04:31:04.000
421235453,The,f,2021-09-12 04:32:52.000,2021-09-12 04:32:52.000
421252679,Emanuel,f,2021-11-10 00:43:20.000,2021-11-10 00:43:20.000
421557030,Martin Gerald,f,2021-09-18 22:33:07.000,2021-09-18 22:33:07.000
421574436,Warren,f,2021-10-27 14:12:52.000,2021-10-27 14:12:52.000
421701907,Mathias,f,2021-11-03 08:56:18.000,2021-11-03 08:56:18.000
421714764,Beate,f,2021-09-08 18:03:54.000,2021-09-08 18:03:54.000
421741756,Rebecca,f,2021-08-30 13:16:18.000,2021-08-30 13:16:18.000
421916702,Johann,f,2021-09-03 02:57:09.000,2021-09-03 02:57:09.000
421956402,Kevin,f,2021-09-24 06:03:52.000,2021-09-24 06:03:52.000
422245425,Frank,f,2021-11-07 03:16:53.000,2021-11-07 03:16:53.000
422272493,Roman,f,2021-09-10 00:01:36.000,2021-09-10 00:01:36.000
422526304,Carl,f,2021-09-13 22:14:00.000,2021-09-13 22:14:00.000
422802117,Ajsa,f,2021-10-02 06:07:30.000,2021-10-02 06:07:30.000
422871318,Ziv Estelle,f,2021-10-21 08:29:55.000,2021-10-21 08:29:55.000
422953681,Ettore,f,2021-09-12 22:17:26.000,2021-09-12 22:17:26.000
423393066,Carolina,f,2021-10-22 03:58:04.000,2021-10-22 03:58:04.000
423526887,André,f,2021-10-24 15:18:21.000,2021-10-24 15:18:21.000
423536763,Josephine,f,2021-09-14 07:17:34.000,2021-09-14 07:17:34.000
423583069,Juliane,f,2021-11-01 20:37:13.000,2021-11-01 20:37:13.000
423640366,Marcus,f,2021-10-09 18:18:55.000,2021-10-09 18:18:55.000
423662405,Mike,f,2021-11-04 10:54:40.000,2021-11-04 10:54:40.000
423844422,Erik,f,2021-09-24 22:45:38.000,2021-09-24 22:45:38.000
423945711,Mahmoud Y.,f,2021-10-25 23:09:49.000,2021-10-25 23:09:49.000
424107780,Philip,f,2021-09-21 13:48:47.000,2021-09-21 13:48:47.000
424278053,Alexandra,f,2021-11-11 04:12:18.000,2021-11-11 04:12:18.000
424423979,Stefan,f,2021-10-06 07:58:26.000,2021-10-06 07:58:26.000
425274576,Torsten,f,2021-10-29 01:11:46.000,2021-10-29 01:11:46.000
425354963,Sviatlana,f,2021-10-03 11:16:55.000,2021-10-03 11:16:55.000
425836534,Layla,f,2021-11-09 00:19:20.000,2021-11-09 00:19:20.000
426802817,Sascha,f,2021-10-31 20:58:13.000,2021-10-31 20:58:13.000
427496736,Tommy,f,2021-11-05 00:30:59.000,2021-11-05 00:30:59.000
427748367,Birgit,f,2021-11-08 01:59:57.000,2021-11-08 01:59:57.000
